Order_ID,Order_Date,Region,Segment,Category,Sub_Category,Product_Name,Quantity,Unit_Price,Discount,Sales,Profit,Customer_ID
ORD-05083,2023-01-01,East,Consumer,Office Supplies,Paper,Labels,6,49.95,0.15,254.75,31.1,CUST-1197
ORD-03674,2023-01-01,West,Corporate,Furniture,Bookcases,Shelf Unit,5,127.66,0.0,638.3,104.83,CUST-0177
ORD-02316,2023-01-01,West,Consumer,Office Supplies,Paper,Copy Paper,7,57.49,0.0,402.43,74.39,CUST-0175
ORD-01488,2023-01-02,East,Consumer,Office Supplies,Storage,Drawer Unit,6,42.71,0.0,256.26,46.15,CUST-0007
ORD-04691,2023-01-02,East,Consumer,Furniture,Bookcases,Shelf Unit,3,194.26,0.1,524.5,74.93,CUST-0798
ORD-02442,2023-01-02,South,Consumer,Technology,Phones,Phone B,5,278.1,0.1,1251.45,249.22,CUST-0578
ORD-01949,2023-01-02,Central,Consumer,Technology,Computers,Desktop,5,189.17,0.05,898.56,200.33,CUST-0576
ORD-01482,2023-01-02,Central,Consumer,Office Supplies,Binders,File Folder,3,58.08,0.0,174.24,32.73,CUST-0613
ORD-05760,2023-01-02,East,Consumer,Technology,Computers,Laptop,1,233.44,0.15,198.42,38.34,CUST-1018
ORD-01409,2023-01-02,South,Corporate,Office Supplies,Storage,Organizer,2,61.58,0.0,123.16,27.86,CUST-1116
ORD-02259,2023-01-02,West,Consumer,Furniture,Bookcases,Shelf Unit,5,226.56,0.15,962.88,127.69,CUST-1103
ORD-01996,2023-01-03,East,Corporate,Technology,Accessories,Mouse,3,143.76,0.15,366.59,68.65,CUST-0151
ORD-05462,2023-01-03,Central,Corporate,Furniture,Chairs,Conference Chair,5,197.42,0.15,839.03,102.63,CUST-0162
ORD-03191,2023-01-04,South,Corporate,Office Supplies,Binders,Presentation Binder,4,63.81,0.05,242.48,39.83,CUST-0185
ORD-04627,2023-01-04,South,Corporate,Office Supplies,Storage,Storage Box,6,48.12,0.1,259.85,41.66,CUST-0230
ORD-01913,2023-01-04,West,Corporate,Furniture,Chairs,Office Chair,2,118.53,0.1,213.35,24.52,CUST-0930
ORD-01739,2023-01-04,East,Corporate,Office Supplies,Paper,Labels,1,72.84,0.0,72.84,26.02,CUST-0300
ORD-04111,2023-01-04,South,Consumer,Technology,Phones,Phone A,3,269.29,0.15,686.69,132.47,CUST-0264
ORD-03234,2023-01-05,East,Consumer,Office Supplies,Binders,Binder,2,74.38,0.25,111.57,11.01,CUST-0734
ORD-01294,2023-01-05,Central,Consumer,Furniture,Bookcases,Bookcase,5,177.28,0.1,797.76,100.89,CUST-1198
ORD-05170,2023-01-05,West,Corporate,Furniture,Chairs,Office Chair,7,196.26,0.15,1167.75,134.41,CUST-0990
ORD-01622,2023-01-05,South,Consumer,Furniture,Bookcases,Storage Cabinet,5,167.94,0.1,755.73,122.16,CUST-1028
ORD-00901,2023-01-05,East,Consumer,Technology,Computers,Monitor,7,230.09,0.1,1449.57,288.59,CUST-0215
ORD-04598,2023-01-06,Central,Corporate,Technology,Accessories,Keyboard,7,168.39,0.1,1060.86,197.58,CUST-1185
ORD-01550,2023-01-06,West,Consumer,Furniture,Tables,Side Table,3,195.93,0.15,499.62,57.4,CUST-0186
ORD-01237,2023-01-06,West,Corporate,Office Supplies,Paper,Copy Paper,5,70.87,0.0,354.35,69.62,CUST-0070
ORD-00845,2023-01-06,South,Consumer,Office Supplies,Paper,Copy Paper,1,54.29,0.1,48.86,12.23,CUST-0459
ORD-00846,2023-01-06,West,Corporate,Technology,Phones,Phone B,3,299.75,0.1,809.32,165.15,CUST-0056
ORD-02646,2023-01-06,East,Consumer,Technology,Computers,Desktop,1,233.03,0.1,209.73,45.91,CUST-0324
ORD-02789,2023-01-06,South,Corporate,Office Supplies,Paper,Copy Paper,2,66.53,0.2,106.45,10.22,CUST-0365
ORD-03217,2023-01-06,West,Consumer,Office Supplies,Storage,Drawer Unit,3,50.96,0.0,152.88,24.28,CUST-0669
ORD-00381,2023-01-06,West,Consumer,Technology,Accessories,Keyboard,3,162.11,0.1,437.7,88.03,CUST-0823
ORD-02628,2023-01-06,Central,Home Office,Office Supplies,Storage,Storage Box,6,36.84,0.2,176.83,28.61,CUST-0904
ORD-00773,2023-01-06,Central,Corporate,Office Supplies,Paper,Notebooks,6,71.05,0.1,383.67,81.29,CUST-1093
ORD-05297,2023-01-06,Central,Consumer,Technology,Computers,Laptop,4,263.22,0.2,842.3,152.52,CUST-1071
ORD-04055,2023-01-07,East,Consumer,Technology,Computers,Monitor,1,332.26,0.15,282.42,60.83,CUST-1076
ORD-05719,2023-01-08,West,Consumer,Office Supplies,Storage,Drawer Unit,1,67.08,0.1,60.37,8.9,CUST-0606
ORD-02401,2023-01-08,Central,Corporate,Office Supplies,Binders,File Folder,5,56.13,0.2,224.52,35.0,CUST-0848
ORD-00575,2023-01-08,West,Consumer,Furniture,Tables,Meeting Table,3,127.2,0.2,305.28,28.45,CUST-0922
ORD-04885,2023-01-08,East,Consumer,Technology,Phones,Phone C,3,155.5,0.0,466.5,124.81,CUST-1079
ORD-00465,2023-01-08,Central,Home Office,Office Supplies,Storage,Drawer Unit,5,42.18,0.1,189.81,20.08,CUST-0278
ORD-00104,2023-01-09,Central,Corporate,Technology,Phones,Phone C,6,271.67,0.15,1385.52,260.61,CUST-0876
ORD-01279,2023-01-09,West,Consumer,Office Supplies,Binders,File Folder,7,65.81,0.05,437.64,75.17,CUST-0552
ORD-01190,2023-01-09,West,Consumer,Technology,Accessories,Headset,7,161.1,0.15,958.54,174.61,CUST-0454
ORD-03399,2023-01-09,Central,Consumer,Office Supplies,Binders,File Folder,5,62.58,0.15,265.96,34.88,CUST-0729
ORD-00707,2023-01-09,West,Corporate,Furniture,Chairs,Task Chair,1,225.04,0.15,191.28,14.68,CUST-0641
ORD-05844,2023-01-09,Central,Corporate,Furniture,Bookcases,Shelf Unit,6,218.92,0.1,1182.17,145.49,CUST-0791
ORD-04689,2023-01-09,West,Consumer,Technology,Accessories,Mouse,3,115.61,0.05,329.49,71.96,CUST-0169
ORD-02202,2023-01-09,East,Consumer,Technology,Computers,Monitor,4,222.54,0.05,845.65,194.22,CUST-0339
ORD-04361,2023-01-09,West,Consumer,Office Supplies,Paper,Copy Paper,3,52.94,0.1,142.94,13.79,CUST-0271
ORD-03725,2023-01-10,West,Consumer,Technology,Accessories,Mouse,3,275.05,0.0,825.15,190.05,CUST-0869
ORD-01807,2023-01-10,West,Consumer,Furniture,Chairs,Conference Chair,3,140.88,0.15,359.24,53.34,CUST-1187
ORD-01175,2023-01-10,South,Consumer,Office Supplies,Binders,Presentation Binder,6,63.48,0.2,304.7,30.32,CUST-0306
ORD-04131,2023-01-10,West,Corporate,Furniture,Tables,Desk,3,156.22,0.0,468.66,89.16,CUST-1175
ORD-04768,2023-01-10,West,Consumer,Technology,Phones,Phone C,3,197.06,0.15,502.5,97.31,CUST-0593
ORD-00303,2023-01-11,East,Consumer,Office Supplies,Paper,Copy Paper,5,53.79,0.05,255.5,36.63,CUST-0019
ORD-02443,2023-01-11,South,Consumer,Furniture,Tables,Side Table,6,236.4,0.0,1418.4,225.49,CUST-0154
ORD-05603,2023-01-11,West,Corporate,Technology,Phones,Phone B,5,319.33,0.15,1357.15,261.08,CUST-0529
ORD-01532,2023-01-11,West,Consumer,Technology,Accessories,Keyboard,5,216.88,0.05,1030.18,227.72,CUST-1177
ORD-04788,2023-01-12,South,Consumer,Office Supplies,Paper,Notebooks,5,43.34,0.0,216.7,43.59,CUST-0195
ORD-03799,2023-01-12,Central,Corporate,Office Supplies,Binders,File Folder,6,37.41,0.2,179.57,33.32,CUST-0266
ORD-01070,2023-01-12,East,Consumer,Technology,Accessories,Mouse,5,226.43,0.05,1075.54,236.53,CUST-1021
ORD-01763,2023-01-12,South,Consumer,Technology,Computers,Laptop,1,213.14,0.05,202.48,46.99,CUST-0305
ORD-05916,2023-01-13,East,Consumer,Furniture,Tables,Meeting Table,5,243.53,0.15,1035.0,128.93,CUST-0707
ORD-05880,2023-01-13,West,Corporate,Technology,Accessories,Headset,2,135.92,0.15,231.06,38.79,CUST-0152
ORD-03822,2023-01-13,South,Consumer,Furniture,Tables,Side Table,1,193.43,0.0,193.43,45.56,CUST-0147
ORD-05078,2023-01-14,East,Consumer,Furniture,Bookcases,Shelf Unit,2,219.82,0.05,417.66,61.25,CUST-0440
ORD-00790,2023-01-14,Central,Home Office,Office Supplies,Binders,File Folder,3,40.5,0.1,109.35,7.97,CUST-1023
ORD-00801,2023-01-14,East,Consumer,Office Supplies,Binders,Presentation Binder,4,30.58,0.1,110.09,16.85,CUST-0411
ORD-05438,2023-01-14,South,Corporate,Office Supplies,Paper,Labels,2,61.56,0.0,123.12,21.78,CUST-0997
ORD-01682,2023-01-14,East,Home Office,Furniture,Bookcases,Shelf Unit,6,240.91,0.1,1300.91,182.78,CUST-0068
ORD-03904,2023-01-14,West,Home Office,Office Supplies,Storage,Organizer,3,36.25,0.0,108.75,13.61,CUST-1024
ORD-04393,2023-01-14,East,Corporate,Furniture,Bookcases,Storage Cabinet,3,257.14,0.15,655.71,78.8,CUST-0921
ORD-04046,2023-01-16,South,Corporate,Office Supplies,Storage,Storage Box,5,60.69,0.0,303.45,57.18,CUST-0192
ORD-04230,2023-01-16,South,Corporate,Technology,Phones,Phone A,7,188.68,0.0,1320.76,296.22,CUST-0261
ORD-03103,2023-01-16,South,Consumer,Technology,Accessories,Keyboard,7,190.92,0.1,1202.8,241.55,CUST-0116
ORD-00410,2023-01-16,East,Corporate,Technology,Computers,Laptop,7,137.56,0.0,962.92,217.49,CUST-0476
ORD-00839,2023-01-16,South,Home Office,Office Supplies,Binders,Presentation Binder,7,52.88,0.15,314.64,39.86,CUST-0200
ORD-01121,2023-01-16,South,Consumer,Technology,Accessories,Mouse,7,237.56,0.0,1662.92,377.21,CUST-0736
ORD-01038,2023-01-17,South,Corporate,Technology,Phones,Phone C,7,176.43,0.0,1235.01,286.19,CUST-0923
ORD-04931,2023-01-17,West,Home Office,Office Supplies,Storage,Drawer Unit,4,73.93,0.05,280.93,47.91,CUST-0268
ORD-03136,2023-01-18,East,Consumer,Technology,Phones,Phone A,7,265.08,0.25,1391.67,231.77,CUST-0612
ORD-05142,2023-01-18,East,Consumer,Technology,Computers,Monitor,4,177.66,0.15,604.04,113.11,CUST-0671
ORD-00889,2023-01-18,South,Consumer,Office Supplies,Storage,Storage Box,3,49.92,0.05,142.27,29.77,CUST-0115
ORD-04104,2023-01-18,East,Corporate,Furniture,Bookcases,Shelf Unit,3,149.68,0.25,336.78,29.39,CUST-0578
ORD-05745,2023-01-19,Central,Home Office,Technology,Phones,Phone B,7,237.67,0.05,1580.51,344.2,CUST-0129
ORD-02975,2023-01-19,South,Consumer,Office Supplies,Storage,Drawer Unit,1,73.8,0.25,55.35,13.54,CUST-1144
ORD-05068,2023-01-19,West,Corporate,Office Supplies,Storage,Drawer Unit,2,54.86,0.05,104.23,22.1,CUST-0972
ORD-01624,2023-01-19,South,Corporate,Office Supplies,Paper,Copy Paper,2,62.38,0.2,99.81,23.2,CUST-0164
ORD-04505,2023-01-19,West,Consumer,Office Supplies,Binders,Binder,3,53.69,0.05,153.02,20.47,CUST-0156
ORD-03505,2023-01-19,Central,Corporate,Office Supplies,Storage,Organizer,2,54.41,0.15,92.5,12.22,CUST-0236
ORD-03898,2023-01-20,East,Corporate,Office Supplies,Binders,Binder,6,47.33,0.2,227.18,25.24,CUST-0869
ORD-00478,2023-01-20,South,Corporate,Office Supplies,Binders,Presentation Binder,4,66.43,0.1,239.15,39.09,CUST-0276
ORD-01366,2023-01-20,East,Consumer,Technology,Accessories,Mouse,6,241.28,0.1,1302.91,263.4,CUST-0768
ORD-01652,2023-01-20,South,Consumer,Office Supplies,Paper,Notebooks,1,65.79,0.0,65.79,12.45,CUST-0542
ORD-00415,2023-01-20,West,Home Office,Technology,Computers,Laptop,1,192.99,0.05,183.34,28.58,CUST-0945
ORD-03858,2023-01-21,West,Consumer,Office Supplies,Binders,Binder,4,59.25,0.05,225.15,35.29,CUST-0809
ORD-04527,2023-01-21,South,Corporate,Technology,Accessories,Mouse,4,221.5,0.05,841.7,165.95,CUST-0471
ORD-01594,2023-01-21,East,Consumer,Technology,Computers,Laptop,6,272.94,0.15,1391.99,271.25,CUST-0729
ORD-04117,2023-01-21,West,Consumer,Office Supplies,Binders,File Folder,7,56.75,0.2,317.8,51.68,CUST-1110
ORD-00233,2023-01-22,West,Corporate,Technology,Computers,Desktop,2,210.19,0.0,420.38,94.31,CUST-0862
ORD-02090,2023-01-22,West,Corporate,Office Supplies,Storage,Storage Box,2,40.91,0.1,73.64,16.45,CUST-0289
ORD-02171,2023-01-23,Central,Consumer,Office Supplies,Paper,Notebooks,4,58.45,0.0,233.8,53.7,CUST-0162
ORD-04563,2023-01-23,East,Corporate,Technology,Computers,Monitor,2,224.75,0.0,449.5,95.75,CUST-0363
ORD-01529,2023-01-23,East,Consumer,Technology,Accessories,Headset,5,308.97,0.15,1313.12,256.6,CUST-0348
ORD-05035,2023-01-23,East,Corporate,Office Supplies,Binders,File Folder,5,54.39,0.1,244.76,40.74,CUST-0631
ORD-05746,2023-01-23,West,Corporate,Office Supplies,Storage,Drawer Unit,4,69.11,0.1,248.8,34.86,CUST-0646
ORD-00300,2023-01-24,East,Consumer,Office Supplies,Paper,Notebooks,5,53.76,0.25,201.6,17.53,CUST-0046
ORD-00540,2023-01-24,West,Consumer,Office Supplies,Paper,Notebooks,1,63.26,0.2,50.61,8.52,CUST-0742
ORD-05897,2023-01-24,East,Consumer,Furniture,Bookcases,Shelf Unit,5,172.47,0.2,689.88,76.78,CUST-0696
ORD-03804,2023-01-24,West,Consumer,Furniture,Chairs,Office Chair,5,187.33,0.15,796.15,92.89,CUST-0179
ORD-03788,2023-01-24,Central,Corporate,Technology,Accessories,Headset,2,273.77,0.05,520.16,106.34,CUST-1101
ORD-05411,2023-01-24,Central,Consumer,Technology,Accessories,Mouse,7,261.42,0.15,1555.45,290.4,CUST-1008
ORD-05621,2023-01-24,South,Corporate,Furniture,Chairs,Task Chair,4,147.82,0.15,502.59,50.56,CUST-0621
ORD-04062,2023-01-24,East,Home Office,Office Supplies,Storage,Drawer Unit,3,84.5,0.0,253.5,42.68,CUST-0433
ORD-00369,2023-01-25,East,Corporate,Technology,Phones,Phone B,1,211.36,0.05,200.79,50.55,CUST-0086
ORD-03805,2023-01-25,South,Corporate,Furniture,Bookcases,Shelf Unit,6,194.68,0.0,1168.08,187.89,CUST-0549
ORD-00170,2023-01-25,Central,Consumer,Office Supplies,Binders,File Folder,3,57.41,0.05,163.62,28.73,CUST-1143
ORD-04076,2023-01-25,West,Home Office,Technology,Accessories,Keyboard,2,153.2,0.1,275.76,47.94,CUST-0903
ORD-00272,2023-01-25,Central,Corporate,Office Supplies,Binders,File Folder,7,50.01,0.1,315.06,36.53,CUST-0524
ORD-01167,2023-01-25,East,Home Office,Furniture,Tables,Meeting Table,1,196.02,0.25,147.02,4.92,CUST-0474
ORD-03119,2023-01-26,South,Consumer,Furniture,Chairs,Conference Chair,4,280.72,0.15,954.45,113.44,CUST-0658
ORD-03309,2023-01-26,West,Corporate,Furniture,Tables,Side Table,4,154.02,0.0,616.08,101.73,CUST-0360
ORD-03947,2023-01-26,Central,Consumer,Office Supplies,Binders,Binder,1,37.5,0.15,31.88,-7.84,CUST-1154
ORD-02138,2023-01-26,East,Home Office,Technology,Phones,Phone C,5,240.93,0.1,1084.19,232.48,CUST-0147
ORD-01744,2023-01-26,West,Corporate,Furniture,Bookcases,Storage Cabinet,5,196.13,0.15,833.55,88.52,CUST-0640
ORD-01783,2023-01-26,South,Consumer,Technology,Computers,Laptop,7,182.08,0.05,1210.83,277.77,CUST-0638
ORD-05774,2023-01-27,Central,Consumer,Office Supplies,Binders,File Folder,1,77.31,0.1,69.58,23.75,CUST-0833
ORD-03442,2023-01-27,South,Corporate,Technology,Accessories,Keyboard,4,193.52,0.0,774.08,152.62,CUST-0509
ORD-00821,2023-01-27,Central,Corporate,Office Supplies,Storage,Storage Box,7,65.79,0.1,414.48,60.26,CUST-0429
ORD-02712,2023-01-27,Central,Consumer,Furniture,Chairs,Task Chair,3,128.04,0.05,364.91,43.1,CUST-0966
ORD-04700,2023-01-27,Central,Consumer,Furniture,Chairs,Office Chair,2,111.26,0.0,222.52,36.33,CUST-0197
ORD-02261,2023-01-27,Central,Corporate,Furniture,Tables,Side Table,3,244.96,0.05,698.14,113.61,CUST-0005
ORD-00429,2023-01-28,South,Corporate,Technology,Phones,Phone B,4,232.74,0.0,930.96,216.56,CUST-0356
ORD-05405,2023-01-28,South,Home Office,Technology,Phones,Phone A,6,210.7,0.2,1011.36,174.21,CUST-0727
ORD-01180,2023-01-28,South,Corporate,Office Supplies,Binders,Binder,2,38.04,0.0,76.08,12.28,CUST-1115
ORD-05114,2023-01-28,Central,Consumer,Furniture,Bookcases,Shelf Unit,7,229.79,0.05,1528.1,216.32,CUST-1038
ORD-03997,2023-01-28,Central,Home Office,Furniture,Tables,Side Table,5,198.13,0.05,941.12,123.15,CUST-1081
ORD-00454,2023-01-28,East,Corporate,Technology,Accessories,Keyboard,2,124.32,0.0,248.64,65.32,CUST-0802
ORD-04260,2023-01-28,East,Home Office,Technology,Phones,Phone B,2,243.3,0.2,389.28,70.42,CUST-0597
ORD-04913,2023-01-28,West,Home Office,Technology,Computers,Monitor,5,176.79,0.0,883.95,206.08,CUST-0984
ORD-01399,2023-01-28,East,Home Office,Furniture,Bookcases,Bookcase,6,203.05,0.0,1218.3,181.05,CUST-0145
ORD-02223,2023-01-29,East,Consumer,Technology,Accessories,Mouse,2,163.3,0.05,310.27,75.45,CUST-0605
ORD-05162,2023-01-29,Central,Corporate,Technology,Phones,Phone C,2,250.75,0.0,501.5,127.18,CUST-0535
ORD-02329,2023-01-29,West,Corporate,Technology,Phones,Phone A,1,228.28,0.0,228.28,54.17,CUST-0706
ORD-02636,2023-01-30,Central,Consumer,Office Supplies,Storage,Storage Box,4,67.94,0.05,258.17,50.55,CUST-1063
ORD-04645,2023-01-30,Central,Consumer,Technology,Phones,Phone B,6,214.23,0.2,1028.3,164.06,CUST-1160
ORD-03486,2023-01-30,South,Corporate,Furniture,Bookcases,Bookcase,1,217.75,0.0,217.75,35.21,CUST-1170
ORD-02469,2023-01-30,West,Corporate,Office Supplies,Paper,Copy Paper,6,40.84,0.05,232.79,47.34,CUST-1054
ORD-02410,2023-01-30,South,Consumer,Office Supplies,Paper,Labels,3,37.96,0.0,113.88,28.72,CUST-0096
ORD-05529,2023-01-30,Central,Consumer,Furniture,Bookcases,Shelf Unit,5,188.66,0.15,801.8,110.2,CUST-1108
ORD-04715,2023-01-31,East,Corporate,Technology,Computers,Laptop,6,231.3,0.15,1179.63,217.0,CUST-0169
ORD-00830,2023-02-01,Central,Consumer,Technology,Computers,Desktop,7,242.73,0.05,1614.15,347.78,CUST-0410
ORD-05630,2023-02-01,South,Consumer,Office Supplies,Binders,Presentation Binder,1,55.89,0.15,47.51,2.51,CUST-0720
ORD-03537,2023-02-02,East,Consumer,Technology,Accessories,Keyboard,2,269.4,0.25,404.1,55.14,CUST-0950
ORD-04535,2023-02-02,West,Corporate,Office Supplies,Paper,Labels,6,41.54,0.15,211.85,24.22,CUST-0462
ORD-01944,2023-02-02,South,Consumer,Office Supplies,Paper,Copy Paper,5,44.01,0.15,187.04,34.8,CUST-1043
ORD-05429,2023-02-02,South,Consumer,Furniture,Bookcases,Bookcase,3,226.19,0.15,576.78,72.33,CUST-0784
ORD-01300,2023-02-02,Central,Home Office,Furniture,Bookcases,Storage Cabinet,4,292.85,0.25,878.55,71.98,CUST-0047
ORD-01590,2023-02-02,South,Corporate,Furniture,Tables,Side Table,2,142.27,0.1,256.09,36.22,CUST-0378
ORD-01493,2023-02-02,South,Home Office,Furniture,Tables,Side Table,2,154.97,0.05,294.44,45.58,CUST-1046
ORD-01869,2023-02-03,West,Corporate,Technology,Phones,Phone B,7,280.77,0.2,1572.31,288.24,CUST-0300
ORD-03458,2023-02-03,Central,Consumer,Technology,Phones,Phone C,6,249.29,0.25,1121.8,180.97,CUST-0521
ORD-05120,2023-02-03,Central,Consumer,Technology,Phones,Phone C,7,198.75,0.2,1113.0,183.06,CUST-0640
ORD-04531,2023-02-03,East,Corporate,Technology,Computers,Desktop,3,250.27,0.1,675.73,136.59,CUST-0493
ORD-00138,2023-02-03,East,Corporate,Technology,Phones,Phone A,4,158.61,0.05,602.72,129.33,CUST-0060
ORD-00385,2023-02-04,East,Consumer,Technology,Accessories,Mouse,6,278.95,0.1,1506.33,297.75,CUST-0500
ORD-02559,2023-02-04,Central,Corporate,Technology,Phones,Phone B,1,289.52,0.1,260.57,56.19,CUST-0357
ORD-02951,2023-02-04,West,Home Office,Office Supplies,Storage,Drawer Unit,6,51.07,0.1,275.78,53.08,CUST-0975
ORD-01536,2023-02-04,East,Consumer,Technology,Phones,Phone C,5,269.05,0.1,1210.73,247.15,CUST-0977
ORD-05210,2023-02-04,South,Consumer,Furniture,Tables,Desk,3,173.25,0.1,467.78,50.68,CUST-0810
ORD-02263,2023-02-04,East,Consumer,Technology,Accessories,Keyboard,4,248.99,0.05,946.16,200.4,CUST-0324
ORD-04160,2023-02-04,East,Consumer,Furniture,Chairs,Office Chair,6,135.07,0.05,769.9,113.46,CUST-0738
ORD-03682,2023-02-05,South,Consumer,Office Supplies,Paper,Notebooks,7,59.87,0.1,377.18,70.64,CUST-0843
ORD-04244,2023-02-05,South,Consumer,Office Supplies,Binders,File Folder,7,61.96,0.1,390.35,69.08,CUST-0711
ORD-02499,2023-02-05,East,Consumer,Technology,Accessories,Headset,6,277.37,0.0,1664.22,381.95,CUST-1096
ORD-04642,2023-02-05,South,Corporate,Furniture,Tables,Side Table,6,126.23,0.2,605.9,68.34,CUST-0406
ORD-00787,2023-02-05,South,Consumer,Office Supplies,Binders,Presentation Binder,2,38.54,0.1,69.37,-0.13,CUST-0660
ORD-05396,2023-02-05,West,Consumer,Office Supplies,Storage,Drawer Unit,6,49.48,0.0,296.88,55.73,CUST-0616
ORD-04036,2023-02-05,Central,Corporate,Furniture,Tables,Meeting Table,7,198.3,0.15,1179.88,139.07,CUST-0465
ORD-05500,2023-02-06,East,Home Office,Technology,Computers,Laptop,7,228.9,0.1,1442.07,295.36,CUST-0928
ORD-04275,2023-02-06,Central,Corporate,Technology,Phones,Phone C,2,278.71,0.25,418.06,72.82,CUST-0616
ORD-05838,2023-02-07,Central,Consumer,Furniture,Chairs,Task Chair,4,153.19,0.1,551.48,58.71,CUST-0507
ORD-05002,2023-02-07,South,Corporate,Office Supplies,Binders,Presentation Binder,6,66.11,0.0,396.66,67.95,CUST-1167
ORD-04304,2023-02-07,West,Home Office,Office Supplies,Storage,Storage Box,6,69.08,0.2,331.58,30.75,CUST-1006
ORD-05467,2023-02-07,West,Consumer,Office Supplies,Paper,Notebooks,7,36.2,0.2,202.72,23.84,CUST-0298
ORD-05503,2023-02-08,East,Consumer,Technology,Phones,Phone C,7,223.36,0.1,1407.17,285.78,CUST-0493
ORD-05069,2023-02-08,East,Corporate,Furniture,Tables,Meeting Table,6,234.32,0.05,1335.62,202.02,CUST-0855
ORD-02322,2023-02-08,Central,Consumer,Office Supplies,Paper,Labels,1,58.02,0.1,52.22,-8.81,CUST-0546
ORD-02866,2023-02-08,West,Corporate,Furniture,Bookcases,Bookcase,5,144.66,0.0,723.3,114.09,CUST-0885
ORD-01683,2023-02-08,Central,Corporate,Furniture,Chairs,Task Chair,1,221.12,0.05,210.06,31.56,CUST-0803
ORD-04003,2023-02-08,Central,Corporate,Office Supplies,Binders,File Folder,3,71.95,0.1,194.26,27.4,CUST-0463
ORD-00663,2023-02-08,South,Consumer,Office Supplies,Paper,Copy Paper,4,42.76,0.2,136.83,21.96,CUST-1197
ORD-03320,2023-02-08,Central,Home Office,Technology,Computers,Desktop,6,212.41,0.1,1147.01,244.94,CUST-1022
ORD-00147,2023-02-08,Central,Consumer,Office Supplies,Binders,Presentation Binder,7,50.11,0.2,280.62,44.03,CUST-0467
ORD-02764,2023-02-09,South,Consumer,Furniture,Chairs,Conference Chair,6,101.02,0.0,606.12,98.54,CUST-0821
ORD-04552,2023-02-09,Central,Corporate,Technology,Phones,Phone C,3,231.81,0.2,556.34,88.0,CUST-0519
ORD-00844,2023-02-09,Central,Corporate,Technology,Accessories,Headset,4,111.92,0.1,402.91,84.42,CUST-0387
ORD-01446,2023-02-09,West,Consumer,Furniture,Chairs,Office Chair,1,250.11,0.0,250.11,46.07,CUST-0795
ORD-05740,2023-02-09,Central,Corporate,Technology,Accessories,Headset,7,258.47,0.05,1718.83,373.46,CUST-0536
ORD-04299,2023-02-09,South,Consumer,Furniture,Bookcases,Shelf Unit,6,167.91,0.05,957.09,141.52,CUST-0903
ORD-04945,2023-02-09,Central,Consumer,Technology,Computers,Desktop,4,271.23,0.25,813.69,119.13,CUST-0374
ORD-00970,2023-02-09,East,Consumer,Furniture,Tables,Meeting Table,3,240.99,0.0,722.97,114.02,CUST-0353
ORD-03633,2023-02-10,South,Home Office,Office Supplies,Paper,Copy Paper,3,41.36,0.0,124.08,24.48,CUST-0665
ORD-01909,2023-02-10,Central,Corporate,Furniture,Chairs,Office Chair,7,171.6,0.1,1081.08,138.73,CUST-0311
ORD-04969,2023-02-10,East,Consumer,Office Supplies,Storage,Drawer Unit,2,74.58,0.05,141.7,21.0,CUST-0323
ORD-00117,2023-02-10,East,Consumer,Technology,Accessories,Mouse,3,267.41,0.1,722.01,147.94,CUST-0571
ORD-01266,2023-02-10,West,Consumer,Technology,Computers,Monitor,5,294.89,0.1,1327.0,264.53,CUST-0480
ORD-03545,2023-02-10,East,Consumer,Office Supplies,Storage,Organizer,1,44.49,0.1,40.04,4.75,CUST-0989
ORD-03755,2023-02-11,West,Home Office,Technology,Accessories,Mouse,2,288.97,0.2,462.35,88.82,CUST-0395
ORD-00328,2023-02-11,South,Consumer,Technology,Phones,Phone A,5,199.97,0.15,849.87,156.17,CUST-0268
ORD-03240,2023-02-12,Central,Corporate,Technology,Accessories,Keyboard,2,127.91,0.1,230.24,43.52,CUST-0094
ORD-02203,2023-02-12,East,Corporate,Furniture,Bookcases,Bookcase,3,121.22,0.1,327.29,34.3,CUST-0791
ORD-04194,2023-02-12,West,Consumer,Office Supplies,Storage,Organizer,1,73.7,0.1,66.33,23.75,CUST-0196
ORD-02630,2023-02-12,West,Corporate,Office Supplies,Binders,File Folder,7,51.62,0.1,325.21,38.65,CUST-0021
ORD-04458,2023-02-12,South,Corporate,Office Supplies,Storage,Storage Box,6,38.23,0.1,206.44,50.61,CUST-0271
ORD-04592,2023-02-13,South,Corporate,Office Supplies,Storage,Organizer,1,72.13,0.05,68.52,17.66,CUST-0248
ORD-02728,2023-02-13,West,Corporate,Office Supplies,Storage,Drawer Unit,1,48.66,0.0,48.66,15.28,CUST-1035
ORD-05628,2023-02-13,South,Corporate,Office Supplies,Binders,Binder,5,69.84,0.0,349.2,58.74,CUST-0863
ORD-04236,2023-02-13,South,Consumer,Technology,Phones,Phone A,1,246.55,0.0,246.55,68.09,CUST-0662
ORD-00870,2023-02-14,West,Home Office,Office Supplies,Binders,Binder,3,61.0,0.15,155.55,21.3,CUST-0540
ORD-04751,2023-02-14,South,Corporate,Technology,Phones,Phone B,6,255.9,0.1,1381.86,271.16,CUST-0967
ORD-02038,2023-02-14,East,Consumer,Technology,Computers,Laptop,1,194.08,0.2,155.26,35.08,CUST-1104
ORD-02881,2023-02-14,West,Corporate,Furniture,Chairs,Task Chair,1,317.67,0.15,270.02,19.52,CUST-0243
ORD-02772,2023-02-14,South,Consumer,Furniture,Chairs,Conference Chair,5,162.89,0.2,651.56,65.43,CUST-1179
ORD-01240,2023-02-14,Central,Consumer,Office Supplies,Binders,File Folder,4,87.68,0.0,350.72,57.6,CUST-0797
ORD-04189,2023-02-15,East,Consumer,Furniture,Tables,Meeting Table,4,193.19,0.15,656.85,83.36,CUST-1051
ORD-05134,2023-02-15,South,Corporate,Technology,Phones,Phone A,4,259.32,0.15,881.69,165.42,CUST-0200
ORD-01019,2023-02-15,East,Consumer,Office Supplies,Binders,Binder,3,59.7,0.2,143.28,26.35,CUST-0904
ORD-01452,2023-02-15,South,Home Office,Office Supplies,Paper,Copy Paper,4,46.34,0.25,139.02,56.74,CUST-0204
ORD-01099,2023-02-15,Central,Consumer,Furniture,Tables,Meeting Table,1,180.79,0.15,153.67,17.66,CUST-0651
ORD-00250,2023-02-15,West,Corporate,Technology,Computers,Desktop,2,80.47,0.0,160.94,34.93,CUST-0907
ORD-03880,2023-02-16,East,Consumer,Furniture,Chairs,Conference Chair,5,197.56,0.0,987.8,162.02,CUST-0264
ORD-00902,2023-02-16,South,Consumer,Technology,Phones,Phone C,6,162.84,0.15,830.48,168.66,CUST-0083
ORD-04320,2023-02-16,West,Consumer,Technology,Phones,Phone A,7,220.46,0.0,1543.22,360.34,CUST-0291
ORD-04092,2023-02-16,Central,Corporate,Furniture,Bookcases,Shelf Unit,7,186.41,0.05,1239.63,183.73,CUST-0134
ORD-00817,2023-02-17,West,Consumer,Furniture,Bookcases,Bookcase,3,163.65,0.05,466.4,82.53,CUST-0926
ORD-02339,2023-02-17,South,Consumer,Furniture,Bookcases,Shelf Unit,4,201.25,0.2,644.0,66.73,CUST-0642
ORD-01871,2023-02-17,West,Consumer,Office Supplies,Paper,Notebooks,6,68.84,0.1,371.74,56.1,CUST-0022
ORD-04596,2023-02-17,South,Consumer,Office Supplies,Paper,Notebooks,3,50.21,0.15,128.04,17.9,CUST-0609
ORD-00562,2023-02-17,West,Consumer,Office Supplies,Binders,Binder,2,17.84,0.25,26.76,-1.28,CUST-0501
ORD-01110,2023-02-18,West,Consumer,Office Supplies,Paper,Labels,3,67.38,0.15,171.82,20.35,CUST-0316
ORD-02371,2023-02-18,East,Consumer,Furniture,Chairs,Conference Chair,4,154.49,0.0,617.96,104.4,CUST-0892
ORD-02522,2023-02-18,East,Consumer,Furniture,Tables,Desk,2,137.78,0.05,261.78,39.02,CUST-1197
ORD-00056,2023-02-18,West,Home Office,Office Supplies,Binders,File Folder,2,79.77,0.05,151.56,20.53,CUST-0861
ORD-00811,2023-02-18,Central,Consumer,Furniture,Tables,Desk,2,187.06,0.25,280.59,42.08,CUST-0950
ORD-04776,2023-02-19,West,Consumer,Technology,Phones,Phone C,2,201.7,0.0,403.4,95.43,CUST-1186
ORD-00352,2023-02-19,East,Consumer,Furniture,Bookcases,Bookcase,3,203.21,0.0,609.63,94.95,CUST-0703
ORD-04269,2023-02-19,South,Consumer,Furniture,Tables,Meeting Table,2,228.32,0.0,456.64,83.66,CUST-0723
ORD-02780,2023-02-19,East,Home Office,Technology,Computers,Desktop,2,289.85,0.15,492.74,76.45,CUST-1014
ORD-01806,2023-02-19,Central,Corporate,Office Supplies,Storage,Storage Box,5,72.77,0.25,272.89,38.68,CUST-0887
ORD-04551,2023-02-19,South,Consumer,Office Supplies,Paper,Copy Paper,4,74.23,0.0,296.92,52.32,CUST-0941
ORD-05622,2023-02-19,Central,Consumer,Furniture,Chairs,Task Chair,5,108.14,0.15,459.6,59.52,CUST-0715
ORD-00397,2023-02-19,East,Corporate,Office Supplies,Binders,Presentation Binder,4,53.35,0.25,160.05,20.08,CUST-0076
ORD-05680,2023-02-20,Central,Corporate,Technology,Phones,Phone B,2,169.63,0.05,322.3,56.04,CUST-0859
ORD-03013,2023-02-20,East,Home Office,Furniture,Chairs,Conference Chair,6,260.82,0.0,1564.92,241.34,CUST-0502
ORD-04127,2023-02-20,West,Corporate,Technology,Computers,Desktop,6,143.0,0.05,815.1,168.99,CUST-0513
ORD-03852,2023-02-20,West,Home Office,Furniture,Tables,Desk,3,209.61,0.0,628.83,99.94,CUST-0331
ORD-03363,2023-02-20,West,Consumer,Technology,Computers,Laptop,1,181.03,0.05,171.98,34.77,CUST-0083
ORD-03871,2023-02-20,Central,Home Office,Furniture,Bookcases,Bookcase,1,177.3,0.0,177.3,19.86,CUST-0319
ORD-05093,2023-02-21,East,Home Office,Furniture,Chairs,Conference Chair,1,258.27,0.2,206.62,27.93,CUST-0137
ORD-04022,2023-02-21,South,Consumer,Furniture,Chairs,Task Chair,6,181.54,0.05,1034.78,158.15,CUST-1032
ORD-01781,2023-02-21,West,Consumer,Furniture,Chairs,Conference Chair,3,154.69,0.0,464.07,65.23,CUST-0374
ORD-04770,2023-02-21,Central,Consumer,Technology,Computers,Monitor,3,182.37,0.25,410.33,69.78,CUST-0942
ORD-01526,2023-02-21,Central,Consumer,Furniture,Chairs,Office Chair,7,129.68,0.1,816.98,97.82,CUST-0987
ORD-04329,2023-02-22,East,Consumer,Technology,Phones,Phone A,2,231.24,0.1,416.23,89.04,CUST-0819
ORD-01463,2023-02-22,West,Consumer,Technology,Phones,Phone B,6,255.93,0.05,1458.8,310.05,CUST-0191
ORD-04894,2023-02-23,East,Consumer,Furniture,Chairs,Task Chair,4,217.57,0.0,870.28,126.94,CUST-0612
ORD-00574,2023-02-23,West,Corporate,Office Supplies,Storage,Storage Box,3,54.97,0.1,148.42,23.83,CUST-0943
ORD-01286,2023-02-23,East,Consumer,Office Supplies,Binders,Binder,4,55.99,0.2,179.17,20.98,CUST-0588
ORD-05548,2023-02-23,Central,Consumer,Furniture,Chairs,Office Chair,5,198.03,0.05,940.64,150.79,CUST-0640
ORD-02884,2023-02-23,South,Home Office,Technology,Computers,Laptop,3,224.39,0.0,673.17,156.11,CUST-0827
ORD-01518,2023-02-23,West,Corporate,Furniture,Tables,Desk,5,198.89,0.0,994.45,158.45,CUST-0405
ORD-01270,2023-02-23,Central,Consumer,Office Supplies,Paper,Notebooks,3,48.76,0.15,124.34,9.61,CUST-0759
ORD-05991,2023-02-24,South,Home Office,Technology,Accessories,Headset,1,289.65,0.15,246.2,51.46,CUST-0774
ORD-00699,2023-02-24,East,Consumer,Furniture,Tables,Side Table,7,84.68,0.1,533.48,78.32,CUST-0103
ORD-05055,2023-02-24,South,Consumer,Office Supplies,Paper,Labels,6,39.86,0.0,239.16,48.11,CUST-0387
ORD-01976,2023-02-24,West,Consumer,Technology,Phones,Phone C,5,204.12,0.05,969.57,214.43,CUST-0718
ORD-04347,2023-02-24,West,Corporate,Office Supplies,Binders,Binder,2,46.02,0.05,87.44,18.4,CUST-0117
ORD-02412,2023-02-24,Central,Consumer,Office Supplies,Storage,Storage Box,3,62.04,0.1,167.51,13.02,CUST-0297
ORD-03338,2023-02-25,West,Consumer,Office Supplies,Binders,Presentation Binder,2,55.56,0.0,111.12,14.99,CUST-1176
ORD-02505,2023-02-25,South,Home Office,Furniture,Chairs,Conference Chair,4,249.16,0.0,996.64,153.22,CUST-0007
ORD-01464,2023-02-25,South,Corporate,Technology,Computers,Desktop,7,287.17,0.2,1608.15,270.04,CUST-1021
ORD-02972,2023-02-25,East,Consumer,Furniture,Chairs,Office Chair,3,102.98,0.05,293.49,53.78,CUST-0727
ORD-03464,2023-02-25,East,Consumer,Furniture,Bookcases,Storage Cabinet,4,208.77,0.1,751.57,97.1,CUST-1039
ORD-01642,2023-02-25,East,Home Office,Furniture,Chairs,Task Chair,5,157.54,0.15,669.54,89.92,CUST-0429
ORD-04952,2023-02-25,Central,Corporate,Furniture,Chairs,Conference Chair,4,77.78,0.05,295.56,57.97,CUST-1170
ORD-04986,2023-02-25,East,Consumer,Furniture,Chairs,Office Chair,5,261.55,0.0,1307.75,213.33,CUST-0598
ORD-04724,2023-02-26,West,Corporate,Furniture,Bookcases,Shelf Unit,6,186.91,0.05,1065.39,134.86,CUST-0679
ORD-02278,2023-02-26,Central,Consumer,Furniture,Bookcases,Storage Cabinet,3,219.4,0.0,658.2,93.59,CUST-0073
ORD-01453,2023-02-26,Central,Corporate,Technology,Phones,Phone C,3,256.35,0.15,653.69,127.73,CUST-1098
ORD-01653,2023-02-26,East,Corporate,Office Supplies,Storage,Drawer Unit,7,34.91,0.05,232.15,39.59,CUST-1116
ORD-00584,2023-02-26,Central,Corporate,Technology,Accessories,Keyboard,3,210.49,0.0,631.47,150.24,CUST-1186
ORD-03617,2023-02-26,West,Corporate,Technology,Phones,Phone A,7,147.24,0.2,824.54,135.71,CUST-0117
ORD-04120,2023-02-26,Central,Corporate,Technology,Computers,Monitor,1,225.14,0.0,225.14,48.99,CUST-0738
ORD-05219,2023-02-26,West,Corporate,Office Supplies,Storage,Drawer Unit,7,63.71,0.05,423.67,83.9,CUST-0399
ORD-00848,2023-02-26,Central,Consumer,Technology,Computers,Desktop,6,149.53,0.15,762.6,138.52,CUST-0186
ORD-04341,2023-02-26,West,Consumer,Furniture,Chairs,Conference Chair,1,145.33,0.05,138.06,31.82,CUST-0468
ORD-02618,2023-02-27,South,Consumer,Technology,Computers,Desktop,1,259.26,0.05,246.3,44.83,CUST-0694
ORD-02314,2023-02-27,Central,Consumer,Office Supplies,Paper,Copy Paper,2,58.77,0.25,88.16,-0.5,CUST-1187
ORD-05012,2023-02-28,Central,Consumer,Office Supplies,Storage,Organizer,5,63.37,0.2,253.48,30.16,CUST-0452
ORD-00887,2023-02-28,South,Corporate,Office Supplies,Paper,Copy Paper,6,58.89,0.0,353.34,67.22,CUST-0673
ORD-00546,2023-02-28,West,Consumer,Technology,Computers,Laptop,4,293.28,0.1,1055.81,220.88,CUST-0082
ORD-01983,2023-03-01,West,Consumer,Technology,Accessories,Mouse,1,239.15,0.0,239.15,56.63,CUST-0565
ORD-05646,2023-03-01,West,Home Office,Technology,Accessories,Mouse,6,180.19,0.05,1027.08,218.37,CUST-0396
ORD-00898,2023-03-01,West,Corporate,Technology,Computers,Desktop,1,206.05,0.05,195.75,42.47,CUST-0568
ORD-01267,2023-03-02,West,Consumer,Office Supplies,Paper,Labels,6,55.59,0.15,283.51,37.73,CUST-1169
ORD-02488,2023-03-02,East,Home Office,Technology,Phones,Phone B,5,180.33,0.1,811.49,161.27,CUST-0670
ORD-00542,2023-03-02,West,Home Office,Furniture,Chairs,Task Chair,3,135.4,0.0,406.2,59.41,CUST-0926
ORD-01026,2023-03-02,South,Consumer,Office Supplies,Storage,Organizer,7,67.32,0.1,424.12,78.84,CUST-0792
ORD-03452,2023-03-02,West,Home Office,Office Supplies,Binders,Binder,4,40.67,0.05,154.55,30.91,CUST-0938
ORD-05537,2023-03-02,East,Consumer,Furniture,Chairs,Conference Chair,5,226.18,0.1,1017.81,127.77,CUST-0622
ORD-03800,2023-03-02,East,Corporate,Furniture,Tables,Meeting Table,5,170.8,0.1,768.6,108.34,CUST-0187
ORD-04855,2023-03-02,East,Consumer,Technology,Phones,Phone A,3,253.73,0.25,570.89,82.8,CUST-0596
ORD-04185,2023-03-03,East,Corporate,Office Supplies,Storage,Drawer Unit,1,46.58,0.05,44.25,14.02,CUST-1095
ORD-05017,2023-03-03,Central,Consumer,Furniture,Tables,Meeting Table,2,150.58,0.15,255.99,25.61,CUST-0718
ORD-01021,2023-03-03,East,Consumer,Technology,Computers,Monitor,7,205.45,0.15,1222.43,230.84,CUST-0377
ORD-03781,2023-03-03,West,Consumer,Furniture,Tables,Meeting Table,4,216.99,0.0,867.96,144.29,CUST-0806
ORD-04702,2023-03-03,West,Consumer,Office Supplies,Storage,Storage Box,3,43.17,0.15,110.08,20.68,CUST-0049
ORD-05653,2023-03-04,South,Consumer,Office Supplies,Paper,Labels,2,58.15,0.15,98.85,3.14,CUST-0733
ORD-00858,2023-03-04,West,Corporate,Technology,Computers,Desktop,6,231.64,0.15,1181.36,230.67,CUST-0503
ORD-05475,2023-03-04,West,Consumer,Office Supplies,Paper,Labels,4,44.78,0.05,170.16,33.33,CUST-0819
ORD-01801,2023-03-04,West,Consumer,Furniture,Tables,Meeting Table,6,196.97,0.0,1181.82,186.82,CUST-0216
ORD-01979,2023-03-04,South,Consumer,Office Supplies,Paper,Copy Paper,7,41.51,0.05,276.04,56.24,CUST-1024
ORD-03357,2023-03-04,West,Home Office,Technology,Phones,Phone B,1,143.39,0.25,107.54,21.2,CUST-0397
ORD-01136,2023-03-05,East,Consumer,Office Supplies,Storage,Drawer Unit,1,59.98,0.05,56.98,11.5,CUST-0309
ORD-02657,2023-03-05,South,Consumer,Furniture,Chairs,Task Chair,1,177.11,0.15,150.54,5.28,CUST-0712
ORD-04893,2023-03-05,East,Home Office,Office Supplies,Binders,Binder,4,51.05,0.15,173.57,30.81,CUST-1147
ORD-03509,2023-03-05,Central,Home Office,Furniture,Chairs,Task Chair,4,196.7,0.2,629.44,61.2,CUST-0794
ORD-00150,2023-03-05,East,Consumer,Office Supplies,Paper,Copy Paper,7,59.43,0.0,416.01,82.74,CUST-0290
ORD-05816,2023-03-05,West,Consumer,Office Supplies,Storage,Storage Box,2,41.31,0.05,78.49,9.65,CUST-1175
ORD-03184,2023-03-05,Central,Corporate,Office Supplies,Binders,File Folder,5,13.63,0.05,64.74,15.79,CUST-0887
ORD-04388,2023-03-06,East,Home Office,Furniture,Tables,Desk,6,234.07,0.05,1334.2,193.94,CUST-1140
ORD-04518,2023-03-06,Central,Consumer,Technology,Computers,Desktop,7,240.39,0.0,1682.73,393.17,CUST-0702
ORD-04873,2023-03-06,East,Home Office,Office Supplies,Paper,Copy Paper,6,41.64,0.05,237.35,34.0,CUST-0936
ORD-03113,2023-03-06,East,Corporate,Office Supplies,Binders,Binder,7,48.5,0.1,305.55,57.4,CUST-0183
ORD-04861,2023-03-06,Central,Consumer,Technology,Computers,Desktop,4,196.31,0.0,785.24,178.99,CUST-0485
ORD-05257,2023-03-07,Central,Consumer,Office Supplies,Storage,Drawer Unit,3,55.5,0.25,124.88,14.15,CUST-0188
ORD-03189,2023-03-07,Central,Consumer,Furniture,Tables,Side Table,1,237.3,0.2,189.84,29.98,CUST-0707
ORD-02460,2023-03-07,East,Consumer,Technology,Computers,Laptop,2,161.74,0.2,258.78,52.66,CUST-0720
ORD-05850,2023-03-07,South,Consumer,Technology,Accessories,Keyboard,6,193.91,0.0,1163.46,269.89,CUST-0548
ORD-02788,2023-03-07,South,Consumer,Technology,Phones,Phone B,4,165.8,0.0,663.2,137.29,CUST-0769
ORD-03919,2023-03-08,West,Consumer,Technology,Accessories,Mouse,5,225.76,0.1,1015.92,201.47,CUST-0857
ORD-01351,2023-03-08,East,Consumer,Technology,Phones,Phone C,6,195.62,0.1,1056.35,223.98,CUST-0967
ORD-01411,2023-03-08,West,Consumer,Technology,Accessories,Headset,6,168.74,0.15,860.57,158.44,CUST-1047
ORD-01470,2023-03-08,East,Consumer,Technology,Computers,Laptop,7,265.9,0.2,1489.04,258.76,CUST-0860
ORD-01615,2023-03-08,West,Corporate,Furniture,Tables,Desk,5,129.27,0.15,549.4,44.64,CUST-0391
ORD-02373,2023-03-08,East,Consumer,Office Supplies,Binders,Binder,5,43.34,0.1,195.03,34.12,CUST-0474
ORD-04484,2023-03-08,Central,Consumer,Office Supplies,Binders,Presentation Binder,7,49.59,0.1,312.42,41.17,CUST-1031
ORD-05974,2023-03-08,East,Home Office,Furniture,Bookcases,Bookcase,2,171.09,0.1,307.96,46.65,CUST-0453
ORD-02982,2023-03-08,West,Consumer,Furniture,Bookcases,Storage Cabinet,4,132.58,0.0,530.32,99.25,CUST-0096
ORD-05385,2023-03-08,East,Consumer,Furniture,Tables,Desk,6,156.95,0.1,847.53,108.94,CUST-0428
ORD-03501,2023-03-09,South,Corporate,Furniture,Tables,Meeting Table,4,190.29,0.2,608.93,62.12,CUST-0445
ORD-03533,2023-03-09,Central,Consumer,Technology,Computers,Desktop,4,205.29,0.15,697.99,133.32,CUST-1073
ORD-05606,2023-03-09,West,Home Office,Furniture,Tables,Desk,4,151.95,0.05,577.41,77.51,CUST-0129
ORD-04737,2023-03-09,Central,Consumer,Furniture,Chairs,Conference Chair,5,159.43,0.2,637.72,65.08,CUST-0319
ORD-01889,2023-03-09,West,Consumer,Technology,Computers,Laptop,1,163.93,0.1,147.54,23.98,CUST-0202
ORD-00619,2023-03-09,West,Corporate,Technology,Accessories,Mouse,7,167.73,0.15,997.99,189.9,CUST-1188
ORD-02525,2023-03-10,West,Home Office,Office Supplies,Storage,Storage Box,4,51.97,0.0,207.88,40.92,CUST-1175
ORD-02002,2023-03-10,Central,Consumer,Technology,Accessories,Headset,5,197.83,0.25,741.86,108.6,CUST-1186
ORD-00036,2023-03-11,Central,Consumer,Technology,Computers,Laptop,6,132.56,0.0,795.36,181.98,CUST-0972
ORD-02804,2023-03-11,Central,Corporate,Office Supplies,Binders,Presentation Binder,2,40.94,0.0,81.88,8.66,CUST-0604
ORD-02888,2023-03-11,East,Consumer,Office Supplies,Storage,Drawer Unit,7,59.13,0.15,351.82,52.34,CUST-1190
ORD-02129,2023-03-12,South,Consumer,Furniture,Bookcases,Storage Cabinet,2,160.0,0.1,288.0,31.72,CUST-0968
ORD-05696,2023-03-12,West,Corporate,Furniture,Chairs,Task Chair,3,208.77,0.2,501.05,39.95,CUST-1198
ORD-01456,2023-03-13,West,Corporate,Office Supplies,Storage,Organizer,3,77.48,0.0,232.44,47.36,CUST-0322
ORD-03798,2023-03-13,East,Consumer,Furniture,Chairs,Office Chair,3,244.27,0.25,549.61,54.28,CUST-0190
ORD-02331,2023-03-13,Central,Corporate,Furniture,Chairs,Office Chair,4,216.58,0.0,866.32,129.84,CUST-0470
ORD-00279,2023-03-13,West,Consumer,Office Supplies,Binders,Presentation Binder,2,23.63,0.0,47.26,4.69,CUST-0314
ORD-00518,2023-03-14,East,Consumer,Furniture,Chairs,Office Chair,6,154.75,0.15,789.22,97.56,CUST-0483
ORD-02711,2023-03-14,Central,Corporate,Office Supplies,Storage,Organizer,7,55.87,0.2,312.87,36.85,CUST-0582
ORD-04692,2023-03-14,West,Corporate,Office Supplies,Storage,Organizer,5,58.97,0.0,294.85,64.43,CUST-0888
ORD-01035,2023-03-14,East,Home Office,Technology,Accessories,Keyboard,7,208.67,0.0,1460.69,348.62,CUST-0725
ORD-05359,2023-03-14,South,Consumer,Technology,Phones,Phone B,4,170.49,0.1,613.76,116.54,CUST-1009
ORD-02440,2023-03-14,East,Home Office,Office Supplies,Binders,Binder,6,40.34,0.1,217.84,31.4,CUST-0032
ORD-05970,2023-03-14,West,Home Office,Technology,Computers,Desktop,5,298.62,0.2,1194.48,209.84,CUST-0610
ORD-03917,2023-03-15,West,Consumer,Furniture,Tables,Side Table,6,142.11,0.0,852.66,131.56,CUST-0215
ORD-04456,2023-03-15,West,Corporate,Office Supplies,Paper,Copy Paper,3,48.03,0.1,129.68,18.83,CUST-1118
ORD-02964,2023-03-15,West,Consumer,Office Supplies,Binders,Binder,6,50.57,0.15,257.91,41.39,CUST-0021
ORD-05301,2023-03-15,Central,Home Office,Office Supplies,Storage,Storage Box,3,42.56,0.1,114.91,8.48,CUST-0337
ORD-05309,2023-03-15,West,Consumer,Office Supplies,Binders,File Folder,3,43.59,0.1,117.69,14.01,CUST-0827
ORD-01362,2023-03-15,West,Consumer,Technology,Phones,Phone B,1,223.52,0.05,212.34,42.8,CUST-1168
ORD-04838,2023-03-15,Central,Consumer,Furniture,Chairs,Task Chair,2,200.28,0.2,320.45,35.41,CUST-0411
ORD-04644,2023-03-15,Central,Consumer,Technology,Phones,Phone A,7,207.22,0.05,1378.01,288.03,CUST-0400
ORD-00045,2023-03-16,Central,Consumer,Furniture,Bookcases,Shelf Unit,1,121.11,0.0,121.11,23.6,CUST-0570
ORD-01769,2023-03-16,East,Corporate,Furniture,Bookcases,Bookcase,4,178.37,0.0,713.48,113.57,CUST-0209
ORD-02312,2023-03-16,East,Corporate,Technology,Phones,Phone A,7,260.22,0.15,1548.31,285.11,CUST-0145
ORD-00387,2023-03-16,West,Home Office,Technology,Accessories,Keyboard,2,240.47,0.1,432.85,89.76,CUST-0325
ORD-04277,2023-03-16,West,Consumer,Technology,Phones,Phone B,3,216.21,0.0,648.63,141.1,CUST-0429
ORD-04291,2023-03-16,West,Corporate,Technology,Phones,Phone B,4,235.54,0.05,895.05,171.38,CUST-0475
ORD-03561,2023-03-16,West,Consumer,Furniture,Chairs,Conference Chair,7,166.76,0.25,875.49,89.0,CUST-0016
ORD-04394,2023-03-16,Central,Consumer,Furniture,Chairs,Task Chair,4,163.29,0.15,555.19,70.1,CUST-0641
ORD-04680,2023-03-17,South,Consumer,Technology,Computers,Monitor,1,206.66,0.1,185.99,26.09,CUST-1042
ORD-02705,2023-03-17,West,Consumer,Office Supplies,Binders,File Folder,2,56.32,0.2,90.11,17.96,CUST-0600
ORD-04854,2023-03-17,West,Consumer,Office Supplies,Paper,Notebooks,6,44.64,0.2,214.27,30.99,CUST-0723
ORD-02795,2023-03-17,Central,Corporate,Office Supplies,Storage,Drawer Unit,2,57.08,0.1,102.74,18.41,CUST-0745
ORD-03155,2023-03-17,West,Corporate,Furniture,Tables,Meeting Table,7,213.08,0.0,1491.56,249.44,CUST-0467
ORD-04684,2023-03-17,South,Corporate,Technology,Phones,Phone C,7,196.69,0.1,1239.15,249.66,CUST-0285
ORD-04399,2023-03-18,South,Corporate,Office Supplies,Storage,Drawer Unit,1,35.82,0.15,30.45,20.29,CUST-1144
ORD-00899,2023-03-18,East,Corporate,Technology,Accessories,Headset,4,127.93,0.0,511.72,116.05,CUST-0156
ORD-05336,2023-03-18,Central,Consumer,Furniture,Bookcases,Storage Cabinet,6,202.91,0.1,1095.71,152.34,CUST-0129
ORD-03070,2023-03-18,East,Corporate,Technology,Computers,Laptop,6,137.12,0.0,822.72,196.79,CUST-0724
ORD-02232,2023-03-18,South,Home Office,Office Supplies,Paper,Copy Paper,1,65.55,0.15,55.72,5.98,CUST-0390
ORD-03411,2023-03-19,East,Corporate,Office Supplies,Paper,Labels,4,67.4,0.2,215.68,39.05,CUST-0396
ORD-02591,2023-03-19,West,Consumer,Office Supplies,Paper,Labels,5,66.27,0.25,248.51,33.96,CUST-0424
ORD-03988,2023-03-20,East,Consumer,Furniture,Chairs,Task Chair,5,245.47,0.1,1104.62,149.33,CUST-0091
ORD-01022,2023-03-20,East,Consumer,Office Supplies,Storage,Organizer,7,64.19,0.05,426.86,90.04,CUST-0909
ORD-03532,2023-03-20,South,Corporate,Office Supplies,Binders,Binder,1,39.43,0.05,37.46,6.43,CUST-0497
ORD-03277,2023-03-20,East,Home Office,Technology,Phones,Phone B,7,145.82,0.2,816.59,151.28,CUST-0647
ORD-03816,2023-03-20,East,Consumer,Office Supplies,Binders,Binder,5,50.47,0.0,252.35,44.03,CUST-0344
ORD-03652,2023-03-20,South,Corporate,Office Supplies,Storage,Storage Box,5,34.33,0.0,171.65,38.92,CUST-0277
ORD-01953,2023-03-20,East,Consumer,Office Supplies,Binders,File Folder,5,62.74,0.1,282.33,45.47,CUST-0012
ORD-04780,2023-03-20,Central,Corporate,Technology,Computers,Desktop,2,237.93,0.1,428.27,92.47,CUST-0927
ORD-01834,2023-03-20,Central,Corporate,Office Supplies,Binders,File Folder,6,57.2,0.2,274.56,24.67,CUST-0265
ORD-03335,2023-03-21,Central,Consumer,Technology,Phones,Phone A,5,225.99,0.0,1129.95,265.21,CUST-1009
ORD-04593,2023-03-21,South,Corporate,Technology,Phones,Phone A,2,156.29,0.1,281.32,66.22,CUST-1126
ORD-05530,2023-03-21,East,Consumer,Office Supplies,Paper,Copy Paper,5,70.5,0.0,352.5,60.32,CUST-0524
ORD-00659,2023-03-21,South,Home Office,Office Supplies,Paper,Notebooks,6,57.3,0.0,343.8,61.36,CUST-0345
ORD-02025,2023-03-21,Central,Consumer,Technology,Accessories,Mouse,3,155.05,0.05,441.89,88.39,CUST-0216
ORD-05423,2023-03-22,Central,Consumer,Office Supplies,Binders,Binder,4,36.42,0.2,116.54,9.52,CUST-0745
ORD-04231,2023-03-22,West,Consumer,Office Supplies,Binders,Presentation Binder,7,58.29,0.1,367.23,65.16,CUST-0555
ORD-03614,2023-03-23,East,Corporate,Office Supplies,Storage,Organizer,1,50.34,0.05,47.82,3.63,CUST-0387
ORD-01911,2023-03-23,East,Corporate,Furniture,Bookcases,Storage Cabinet,3,210.18,0.15,535.96,43.33,CUST-0620
ORD-03536,2023-03-23,East,Home Office,Technology,Computers,Laptop,2,260.46,0.0,520.92,117.76,CUST-0394
ORD-01215,2023-03-23,Central,Corporate,Office Supplies,Binders,Presentation Binder,6,59.3,0.1,320.22,56.05,CUST-0818
ORD-01253,2023-03-23,East,Home Office,Furniture,Bookcases,Shelf Unit,1,168.49,0.05,160.07,23.73,CUST-0287
ORD-03932,2023-03-24,Central,Corporate,Furniture,Tables,Side Table,7,157.4,0.1,991.62,117.55,CUST-1181
ORD-04697,2023-03-24,West,Consumer,Office Supplies,Paper,Labels,4,47.75,0.1,171.9,31.86,CUST-0741
ORD-05697,2023-03-24,East,Consumer,Furniture,Tables,Meeting Table,3,178.51,0.05,508.75,69.32,CUST-0028
ORD-05584,2023-03-24,East,Corporate,Technology,Phones,Phone C,2,181.27,0.25,271.91,44.62,CUST-0836
ORD-01055,2023-03-25,South,Home Office,Furniture,Tables,Side Table,4,117.52,0.0,470.08,80.52,CUST-1113
ORD-00069,2023-03-25,Central,Corporate,Technology,Computers,Monitor,3,236.68,0.05,674.54,153.77,CUST-1093
ORD-02669,2023-03-26,Central,Consumer,Furniture,Chairs,Conference Chair,1,159.3,0.15,135.4,40.76,CUST-0296
ORD-05166,2023-03-26,Central,Consumer,Office Supplies,Binders,Binder,7,40.47,0.0,283.29,54.55,CUST-0357
ORD-02856,2023-03-26,South,Consumer,Technology,Computers,Monitor,7,193.04,0.15,1148.59,202.04,CUST-0081
ORD-03916,2023-03-27,South,Home Office,Technology,Phones,Phone C,4,203.72,0.25,611.16,96.57,CUST-1049
ORD-01588,2023-03-27,South,Home Office,Office Supplies,Storage,Organizer,4,49.69,0.0,198.76,33.62,CUST-0067
ORD-01027,2023-03-27,Central,Home Office,Office Supplies,Storage,Storage Box,1,84.58,0.25,63.44,15.35,CUST-1120
ORD-02479,2023-03-27,Central,Corporate,Furniture,Tables,Side Table,2,229.29,0.0,458.58,82.72,CUST-0945
ORD-04105,2023-03-27,East,Consumer,Technology,Accessories,Keyboard,6,174.88,0.1,944.35,186.82,CUST-0431
ORD-03580,2023-03-27,South,Consumer,Technology,Accessories,Mouse,1,219.86,0.15,186.88,37.48,CUST-0095
ORD-04624,2023-03-28,East,Home Office,Technology,Computers,Laptop,1,264.03,0.1,237.63,54.01,CUST-0161
ORD-00217,2023-03-28,West,Home Office,Furniture,Chairs,Task Chair,4,206.12,0.05,783.26,101.06,CUST-0637
ORD-00127,2023-03-28,West,Consumer,Office Supplies,Storage,Storage Box,2,63.71,0.25,95.56,13.63,CUST-0017
ORD-01571,2023-03-29,West,Corporate,Furniture,Bookcases,Shelf Unit,1,174.0,0.2,139.2,27.21,CUST-1071
ORD-04648,2023-03-29,West,Corporate,Technology,Accessories,Keyboard,2,185.56,0.0,371.12,81.34,CUST-0453
ORD-01096,2023-03-29,West,Corporate,Technology,Accessories,Keyboard,2,303.63,0.05,576.9,123.02,CUST-0903
ORD-05139,2023-03-30,Central,Consumer,Furniture,Tables,Desk,6,213.21,0.05,1215.3,174.34,CUST-1048
ORD-03759,2023-03-30,West,Consumer,Technology,Accessories,Mouse,1,301.31,0.1,271.18,59.35,CUST-1139
ORD-02752,2023-03-30,West,Consumer,Furniture,Tables,Meeting Table,3,234.52,0.0,703.56,105.13,CUST-0880
ORD-05508,2023-03-30,East,Consumer,Furniture,Tables,Meeting Table,6,157.56,0.05,898.09,142.05,CUST-0534
ORD-00439,2023-03-30,East,Consumer,Office Supplies,Paper,Labels,1,48.77,0.15,41.45,5.55,CUST-0683
ORD-04537,2023-03-30,West,Corporate,Office Supplies,Storage,Organizer,2,72.17,0.15,122.69,5.61,CUST-0930
ORD-03134,2023-03-30,East,Corporate,Furniture,Tables,Desk,7,232.92,0.25,1222.83,99.76,CUST-0727
ORD-05591,2023-03-31,West,Home Office,Furniture,Bookcases,Shelf Unit,7,180.86,0.0,1266.02,196.5,CUST-0817
ORD-01851,2023-03-31,East,Consumer,Office Supplies,Storage,Drawer Unit,2,56.24,0.05,106.86,25.1,CUST-0577
ORD-00280,2023-04-01,East,Home Office,Office Supplies,Storage,Organizer,4,63.08,0.1,227.09,52.87,CUST-0196
ORD-03639,2023-04-01,South,Consumer,Furniture,Chairs,Office Chair,2,195.02,0.05,370.54,58.0,CUST-1018
ORD-05262,2023-04-01,East,Corporate,Technology,Accessories,Keyboard,2,157.79,0.15,268.24,62.5,CUST-0215
ORD-01361,2023-04-01,East,Corporate,Technology,Computers,Laptop,3,209.44,0.05,596.9,119.86,CUST-1161
ORD-04577,2023-04-02,South,Consumer,Office Supplies,Binders,Binder,5,46.93,0.05,222.92,53.21,CUST-0606
ORD-03887,2023-04-02,West,Consumer,Furniture,Tables,Side Table,4,193.91,0.05,736.86,114.3,CUST-0854
ORD-02635,2023-04-02,East,Consumer,Office Supplies,Paper,Labels,4,54.31,0.15,184.65,2.06,CUST-0223
ORD-01328,2023-04-03,Central,Consumer,Furniture,Tables,Desk,3,178.0,0.2,427.2,44.05,CUST-0812
ORD-00678,2023-04-03,Central,Corporate,Technology,Computers,Desktop,4,217.17,0.0,868.68,194.37,CUST-0773
ORD-01122,2023-04-03,South,Consumer,Office Supplies,Paper,Notebooks,2,60.53,0.1,108.95,24.03,CUST-0933
ORD-00431,2023-04-03,Central,Consumer,Office Supplies,Binders,File Folder,7,71.95,0.05,478.47,88.52,CUST-0806
ORD-01256,2023-04-03,East,Consumer,Technology,Computers,Monitor,6,211.89,0.0,1271.34,300.89,CUST-0494
ORD-00246,2023-04-03,Central,Corporate,Office Supplies,Binders,Binder,6,60.3,0.1,325.62,47.42,CUST-0498
ORD-03543,2023-04-04,South,Consumer,Office Supplies,Storage,Organizer,7,48.63,0.1,306.37,48.49,CUST-0335
ORD-03321,2023-04-04,East,Consumer,Office Supplies,Storage,Organizer,4,47.12,0.05,179.06,30.66,CUST-0202
ORD-05229,2023-04-05,South,Corporate,Technology,Accessories,Headset,4,203.68,0.2,651.78,112.99,CUST-0196
ORD-00007,2023-04-05,Central,Consumer,Technology,Accessories,Mouse,1,171.27,0.0,171.27,11.26,CUST-0047
ORD-00753,2023-04-05,West,Consumer,Furniture,Chairs,Task Chair,4,239.54,0.1,862.34,127.52,CUST-0322
ORD-02366,2023-04-05,South,Home Office,Technology,Computers,Laptop,3,217.23,0.15,553.94,105.72,CUST-0429
ORD-05876,2023-04-05,West,Corporate,Furniture,Chairs,Task Chair,5,133.43,0.05,633.79,102.04,CUST-0712
ORD-05367,2023-04-05,East,Home Office,Technology,Computers,Monitor,5,156.01,0.0,780.05,177.33,CUST-0461
ORD-00881,2023-04-05,Central,Consumer,Technology,Phones,Phone B,4,259.21,0.0,1036.84,244.41,CUST-0104
ORD-02529,2023-04-05,South,Corporate,Furniture,Chairs,Conference Chair,5,134.68,0.0,673.4,108.43,CUST-1129
ORD-03620,2023-04-06,East,Home Office,Office Supplies,Binders,File Folder,2,39.99,0.05,75.98,12.54,CUST-0785
ORD-03281,2023-04-06,Central,Consumer,Technology,Phones,Phone B,1,262.92,0.05,249.77,51.09,CUST-0790
ORD-05179,2023-04-06,West,Consumer,Technology,Phones,Phone C,1,158.57,0.2,126.86,29.8,CUST-0421
ORD-02865,2023-04-06,Central,Consumer,Office Supplies,Paper,Labels,7,52.95,0.05,352.12,61.56,CUST-0980
ORD-02317,2023-04-06,East,Consumer,Office Supplies,Storage,Storage Box,2,91.09,0.0,182.18,35.11,CUST-0307
ORD-04432,2023-04-07,Central,Consumer,Office Supplies,Storage,Storage Box,6,59.2,0.0,355.2,82.87,CUST-0128
ORD-03982,2023-04-07,South,Consumer,Furniture,Tables,Side Table,4,127.93,0.0,511.72,74.41,CUST-0155
ORD-05792,2023-04-07,South,Corporate,Furniture,Tables,Meeting Table,3,132.37,0.1,357.4,59.16,CUST-0648
ORD-00196,2023-04-07,West,Consumer,Office Supplies,Binders,File Folder,5,60.25,0.0,301.25,61.37,CUST-1137
ORD-03535,2023-04-07,West,Consumer,Technology,Phones,Phone A,7,266.57,0.2,1492.79,260.65,CUST-0861
ORD-00728,2023-04-07,East,Consumer,Office Supplies,Binders,Binder,7,55.36,0.15,329.39,37.78,CUST-0279
ORD-05194,2023-04-08,South,Home Office,Furniture,Tables,Side Table,6,123.8,0.05,705.66,105.47,CUST-0988
ORD-03248,2023-04-08,South,Corporate,Furniture,Chairs,Office Chair,1,257.87,0.0,257.87,42.7,CUST-1193
ORD-05535,2023-04-08,Central,Home Office,Furniture,Bookcases,Storage Cabinet,1,181.13,0.0,181.13,28.37,CUST-0905
ORD-00001,2023-04-08,South,Home Office,Furniture,Tables,Desk,4,104.84,0.2,335.49,35.63,CUST-0742
ORD-01721,2023-04-08,West,Consumer,Technology,Computers,Monitor,3,153.46,0.05,437.36,88.93,CUST-0661
ORD-01543,2023-04-08,South,Consumer,Furniture,Tables,Desk,1,202.1,0.0,202.1,42.23,CUST-0833
ORD-04698,2023-04-08,South,Consumer,Technology,Phones,Phone A,3,267.34,0.1,721.82,153.61,CUST-0960
ORD-01931,2023-04-08,Central,Consumer,Office Supplies,Paper,Notebooks,7,49.8,0.15,296.31,45.04,CUST-0400
ORD-02854,2023-04-09,East,Home Office,Technology,Computers,Monitor,5,277.31,0.05,1317.22,295.39,CUST-1007
ORD-01531,2023-04-09,Central,Corporate,Furniture,Chairs,Conference Chair,7,100.76,0.0,705.32,114.18,CUST-1056
ORD-00172,2023-04-09,Central,Corporate,Office Supplies,Binders,File Folder,5,41.21,0.25,154.54,18.84,CUST-0606
ORD-03528,2023-04-09,East,Consumer,Technology,Accessories,Keyboard,6,239.88,0.05,1367.32,295.71,CUST-0690
ORD-01809,2023-04-09,West,Consumer,Furniture,Chairs,Office Chair,2,206.96,0.0,413.92,60.79,CUST-0710
ORD-00695,2023-04-09,Central,Consumer,Office Supplies,Binders,Presentation Binder,4,61.13,0.1,220.07,43.16,CUST-1145
ORD-04258,2023-04-09,South,Corporate,Furniture,Chairs,Office Chair,7,132.14,0.1,832.48,112.35,CUST-0368
ORD-01633,2023-04-10,West,Home Office,Technology,Phones,Phone B,1,168.19,0.0,168.19,39.46,CUST-0664
ORD-04128,2023-04-10,West,Corporate,Technology,Computers,Monitor,2,193.9,0.15,329.63,62.77,CUST-0248
ORD-02912,2023-04-10,East,Home Office,Office Supplies,Storage,Organizer,2,52.88,0.0,105.76,23.85,CUST-0456
ORD-00133,2023-04-10,East,Consumer,Office Supplies,Storage,Storage Box,1,81.4,0.05,77.33,21.59,CUST-0401
ORD-00359,2023-04-10,Central,Corporate,Office Supplies,Binders,File Folder,1,34.1,0.1,30.69,6.18,CUST-0088
ORD-02033,2023-04-10,East,Home Office,Furniture,Chairs,Office Chair,7,158.67,0.15,944.09,103.79,CUST-0355
ORD-04926,2023-04-10,East,Consumer,Furniture,Chairs,Office Chair,6,265.62,0.0,1593.72,264.33,CUST-1123
ORD-00826,2023-04-10,West,Consumer,Furniture,Bookcases,Storage Cabinet,7,224.04,0.1,1411.45,186.58,CUST-0276
ORD-00033,2023-04-11,East,Consumer,Technology,Phones,Phone C,7,107.05,0.0,749.35,160.26,CUST-0823
ORD-00910,2023-04-11,South,Home Office,Furniture,Bookcases,Storage Cabinet,6,266.07,0.1,1436.78,194.23,CUST-0357
ORD-02082,2023-04-11,Central,Corporate,Furniture,Tables,Desk,2,119.18,0.0,238.36,30.47,CUST-0536
ORD-04101,2023-04-11,West,Consumer,Technology,Computers,Monitor,3,201.53,0.1,544.13,119.08,CUST-1182
ORD-05565,2023-04-12,West,Corporate,Office Supplies,Binders,Presentation Binder,3,46.21,0.05,131.7,17.58,CUST-1097
ORD-04611,2023-04-12,Central,Home Office,Technology,Computers,Monitor,2,205.67,0.1,370.21,74.71,CUST-0036
ORD-02340,2023-04-12,East,Consumer,Technology,Accessories,Keyboard,1,210.06,0.25,157.55,7.92,CUST-0409
ORD-04528,2023-04-12,Central,Consumer,Office Supplies,Binders,File Folder,5,49.4,0.05,234.65,37.34,CUST-0593
ORD-00951,2023-04-13,West,Consumer,Furniture,Chairs,Office Chair,2,165.47,0.1,297.85,38.47,CUST-0357
ORD-05764,2023-04-13,Central,Consumer,Office Supplies,Paper,Copy Paper,1,62.8,0.15,53.38,-6.89,CUST-0409
ORD-05903,2023-04-13,South,Consumer,Technology,Accessories,Headset,3,156.06,0.0,468.18,108.99,CUST-0049
ORD-04300,2023-04-13,Central,Corporate,Office Supplies,Binders,Presentation Binder,4,63.41,0.0,253.64,37.94,CUST-1144
ORD-00581,2023-04-13,Central,Corporate,Technology,Accessories,Keyboard,4,315.45,0.0,1261.8,294.36,CUST-0606
ORD-04572,2023-04-13,South,Consumer,Office Supplies,Paper,Copy Paper,6,60.39,0.15,307.99,40.2,CUST-0118
ORD-03414,2023-04-13,South,Home Office,Technology,Accessories,Keyboard,6,249.1,0.05,1419.87,302.83,CUST-0442
ORD-05482,2023-04-13,East,Corporate,Technology,Computers,Monitor,5,270.72,0.1,1218.24,248.65,CUST-0260
ORD-05479,2023-04-13,West,Consumer,Furniture,Chairs,Conference Chair,2,145.25,0.1,261.45,27.96,CUST-0795
ORD-02594,2023-04-14,East,Corporate,Furniture,Bookcases,Bookcase,2,219.06,0.05,416.21,54.62,CUST-1191
ORD-00010,2023-04-14,Central,Consumer,Furniture,Bookcases,Bookcase,2,247.53,0.15,420.8,52.67,CUST-0108
ORD-04294,2023-04-14,East,Consumer,Technology,Accessories,Keyboard,3,193.9,0.1,523.53,106.71,CUST-0341
ORD-00376,2023-04-14,West,Consumer,Technology,Computers,Monitor,4,257.94,0.1,928.58,179.9,CUST-0895
ORD-02816,2023-04-14,South,Corporate,Furniture,Bookcases,Storage Cabinet,7,178.12,0.2,997.47,106.57,CUST-0036
ORD-04466,2023-04-14,East,Consumer,Office Supplies,Storage,Drawer Unit,5,49.83,0.15,211.78,27.39,CUST-0268
ORD-01690,2023-04-14,Central,Home Office,Office Supplies,Storage,Organizer,3,52.62,0.15,134.18,31.39,CUST-1133
ORD-00243,2023-04-14,South,Consumer,Technology,Phones,Phone A,1,246.75,0.15,209.74,38.16,CUST-0369
ORD-00700,2023-04-15,West,Consumer,Technology,Phones,Phone B,7,129.76,0.05,862.9,194.44,CUST-0976
ORD-02266,2023-04-15,East,Consumer,Furniture,Tables,Desk,6,181.69,0.05,1035.63,149.21,CUST-0603
ORD-03672,2023-04-15,West,Home Office,Office Supplies,Paper,Labels,3,55.58,0.2,133.39,36.45,CUST-0907
ORD-00791,2023-04-15,East,Consumer,Office Supplies,Binders,Binder,7,45.45,0.2,254.52,42.08,CUST-1040
ORD-02453,2023-04-15,Central,Consumer,Office Supplies,Paper,Notebooks,4,27.94,0.0,111.76,22.17,CUST-0062
ORD-00674,2023-04-15,West,Consumer,Furniture,Tables,Desk,4,156.76,0.2,501.63,43.08,CUST-1009
ORD-03975,2023-04-15,Central,Consumer,Furniture,Chairs,Conference Chair,7,220.14,0.05,1463.93,228.87,CUST-0199
ORD-00977,2023-04-15,East,Corporate,Furniture,Tables,Meeting Table,5,111.87,0.2,447.48,37.32,CUST-0485
ORD-04671,2023-04-16,South,Home Office,Technology,Phones,Phone B,6,267.31,0.2,1283.09,225.12,CUST-0765
ORD-02306,2023-04-16,Central,Corporate,Office Supplies,Paper,Notebooks,7,69.45,0.05,461.84,92.31,CUST-1053
ORD-00218,2023-04-16,East,Home Office,Office Supplies,Binders,Presentation Binder,6,72.09,0.15,367.66,51.88,CUST-0385
ORD-04848,2023-04-17,West,Consumer,Furniture,Tables,Desk,6,239.73,0.05,1366.46,189.27,CUST-0856
ORD-04071,2023-04-17,Central,Corporate,Furniture,Chairs,Office Chair,7,204.67,0.0,1432.69,223.13,CUST-1127
ORD-05028,2023-04-17,Central,Corporate,Technology,Phones,Phone B,6,304.17,0.2,1460.02,254.13,CUST-0109
ORD-01842,2023-04-17,West,Corporate,Furniture,Chairs,Office Chair,3,224.85,0.0,674.55,105.85,CUST-1045
ORD-03419,2023-04-17,South,Corporate,Office Supplies,Binders,Presentation Binder,5,68.79,0.2,275.16,39.26,CUST-0644
ORD-00087,2023-04-17,East,Consumer,Technology,Accessories,Mouse,6,183.73,0.0,1102.38,262.29,CUST-0667
ORD-02742,2023-04-17,Central,Consumer,Office Supplies,Paper,Labels,5,31.7,0.1,142.65,38.66,CUST-0164
ORD-04763,2023-04-18,East,Consumer,Furniture,Chairs,Conference Chair,6,194.97,0.25,877.36,86.8,CUST-0940
ORD-04314,2023-04-18,Central,Corporate,Furniture,Chairs,Conference Chair,1,163.13,0.25,122.35,9.92,CUST-0517
ORD-03959,2023-04-18,West,Home Office,Office Supplies,Storage,Drawer Unit,5,57.82,0.0,289.1,40.02,CUST-0896
ORD-03284,2023-04-18,East,Consumer,Furniture,Tables,Meeting Table,2,220.96,0.0,441.92,66.1,CUST-0098
ORD-04843,2023-04-18,East,Corporate,Office Supplies,Binders,File Folder,1,70.93,0.05,67.38,10.24,CUST-0092
ORD-04727,2023-04-18,East,Consumer,Furniture,Chairs,Office Chair,3,132.97,0.1,359.02,47.52,CUST-1121
ORD-06000,2023-04-18,Central,Home Office,Technology,Accessories,Headset,2,279.28,0.2,446.85,64.54,CUST-0858
ORD-00588,2023-04-19,West,Consumer,Technology,Phones,Phone A,4,238.06,0.0,952.24,226.07,CUST-0150
ORD-02321,2023-04-19,East,Consumer,Technology,Phones,Phone B,1,204.54,0.1,184.09,35.47,CUST-1117
ORD-02472,2023-04-19,East,Consumer,Technology,Phones,Phone C,2,249.42,0.0,498.84,112.81,CUST-0187
ORD-01788,2023-04-19,Central,Consumer,Technology,Phones,Phone C,6,130.33,0.15,664.68,108.8,CUST-1141
ORD-02957,2023-04-19,West,Corporate,Office Supplies,Binders,Presentation Binder,1,29.01,0.0,29.01,-2.24,CUST-1032
ORD-03343,2023-04-19,South,Consumer,Technology,Accessories,Keyboard,7,202.34,0.1,1274.74,250.76,CUST-0321
ORD-04553,2023-04-19,West,Consumer,Furniture,Chairs,Office Chair,5,212.48,0.0,1062.4,178.52,CUST-0618
ORD-00891,2023-04-20,East,Corporate,Furniture,Chairs,Task Chair,2,172.06,0.1,309.71,33.46,CUST-0391
ORD-05136,2023-04-20,West,Consumer,Technology,Accessories,Headset,7,266.17,0.1,1676.87,337.09,CUST-0073
ORD-04070,2023-04-20,Central,Corporate,Furniture,Tables,Meeting Table,5,139.89,0.15,594.53,63.37,CUST-0428
ORD-01738,2023-04-20,East,Consumer,Office Supplies,Paper,Copy Paper,7,51.18,0.2,286.61,32.93,CUST-0511
ORD-05966,2023-04-20,East,Corporate,Furniture,Tables,Desk,2,237.46,0.25,356.19,24.55,CUST-1075
ORD-03035,2023-04-20,South,Consumer,Furniture,Chairs,Office Chair,5,215.28,0.15,914.94,103.51,CUST-0998
ORD-02502,2023-04-20,West,Consumer,Office Supplies,Binders,Presentation Binder,2,47.81,0.1,86.06,14.51,CUST-0499
ORD-04916,2023-04-21,South,Corporate,Office Supplies,Storage,Drawer Unit,7,60.42,0.0,422.94,81.81,CUST-0400
ORD-05926,2023-04-21,West,Corporate,Office Supplies,Binders,File Folder,3,41.79,0.1,112.83,26.97,CUST-0781
ORD-04183,2023-04-21,Central,Consumer,Technology,Accessories,Keyboard,2,127.94,0.15,217.5,34.64,CUST-0448
ORD-01880,2023-04-21,West,Corporate,Furniture,Tables,Meeting Table,3,111.28,0.25,250.38,10.19,CUST-0945
ORD-04635,2023-04-21,East,Corporate,Office Supplies,Binders,Binder,2,53.85,0.05,102.32,9.21,CUST-0672
ORD-05526,2023-04-21,South,Corporate,Office Supplies,Binders,Presentation Binder,5,36.91,0.15,156.87,19.79,CUST-1181
ORD-02682,2023-04-21,West,Consumer,Furniture,Chairs,Task Chair,5,210.84,0.2,843.36,79.42,CUST-0388
ORD-01289,2023-04-22,South,Consumer,Technology,Accessories,Headset,1,166.89,0.15,141.86,21.11,CUST-0154
ORD-05557,2023-04-22,Central,Consumer,Technology,Accessories,Headset,1,241.26,0.1,217.13,49.12,CUST-1031
ORD-01436,2023-04-22,Central,Home Office,Office Supplies,Binders,File Folder,6,42.93,0.0,257.58,37.95,CUST-1199
ORD-05211,2023-04-22,West,Corporate,Office Supplies,Paper,Notebooks,4,70.66,0.05,268.51,41.62,CUST-1180
ORD-00580,2023-04-22,East,Consumer,Furniture,Tables,Desk,1,145.61,0.15,123.77,19.29,CUST-1086
ORD-01450,2023-04-23,East,Consumer,Technology,Phones,Phone B,6,252.39,0.15,1287.19,243.19,CUST-1038
ORD-04107,2023-04-23,Central,Home Office,Office Supplies,Storage,Drawer Unit,7,39.49,0.1,248.79,40.23,CUST-0058
ORD-03497,2023-04-23,West,Consumer,Technology,Phones,Phone B,6,167.68,0.15,855.17,161.27,CUST-0608
ORD-03807,2023-04-23,West,Home Office,Office Supplies,Binders,File Folder,4,56.1,0.05,213.18,36.66,CUST-0216
ORD-01359,2023-04-23,West,Corporate,Furniture,Chairs,Task Chair,1,203.32,0.1,182.99,22.59,CUST-0806
ORD-04461,2023-04-23,West,Consumer,Technology,Phones,Phone C,6,301.79,0.05,1720.2,369.12,CUST-0682
ORD-03872,2023-04-23,Central,Consumer,Technology,Accessories,Keyboard,4,196.88,0.2,630.02,115.75,CUST-0225
ORD-02423,2023-04-24,South,Corporate,Technology,Computers,Laptop,5,219.17,0.1,986.26,207.61,CUST-0691
ORD-00258,2023-04-24,West,Home Office,Technology,Accessories,Keyboard,7,325.33,0.0,2277.31,510.86,CUST-0734
ORD-02623,2023-04-24,Central,Consumer,Office Supplies,Binders,File Folder,2,67.37,0.05,128.0,22.7,CUST-0884
ORD-02556,2023-04-24,South,Consumer,Technology,Computers,Desktop,7,223.67,0.1,1409.12,287.88,CUST-1185
ORD-02515,2023-04-24,East,Consumer,Furniture,Tables,Meeting Table,7,238.03,0.15,1416.28,169.23,CUST-1179
ORD-05564,2023-04-24,East,Corporate,Office Supplies,Paper,Notebooks,3,65.67,0.0,197.01,32.47,CUST-0142
ORD-04420,2023-04-25,East,Consumer,Office Supplies,Storage,Organizer,5,34.82,0.0,174.1,25.01,CUST-0324
ORD-02475,2023-04-25,Central,Consumer,Furniture,Tables,Desk,6,86.45,0.0,518.7,101.77,CUST-0248
ORD-01730,2023-04-25,West,Home Office,Office Supplies,Storage,Drawer Unit,2,55.02,0.15,93.53,29.91,CUST-0919
ORD-05728,2023-04-25,West,Consumer,Furniture,Tables,Meeting Table,4,181.18,0.0,724.72,121.96,CUST-1172
ORD-02615,2023-04-25,Central,Home Office,Furniture,Chairs,Conference Chair,5,200.56,0.0,1002.8,153.07,CUST-1110
ORD-03783,2023-04-25,Central,Corporate,Technology,Accessories,Keyboard,5,159.09,0.2,636.36,104.62,CUST-0432
ORD-04917,2023-04-25,South,Consumer,Technology,Phones,Phone A,6,286.84,0.0,1721.04,387.92,CUST-0655
ORD-03853,2023-04-25,Central,Consumer,Furniture,Tables,Meeting Table,6,148.86,0.1,803.84,100.84,CUST-0026
ORD-02177,2023-04-26,East,Consumer,Furniture,Bookcases,Storage Cabinet,5,236.6,0.05,1123.85,153.31,CUST-0852
ORD-00516,2023-04-26,Central,Home Office,Technology,Computers,Desktop,3,160.61,0.2,385.46,86.18,CUST-0852
ORD-01166,2023-04-26,East,Home Office,Technology,Computers,Desktop,4,288.56,0.15,981.1,177.54,CUST-0199
ORD-01827,2023-04-26,East,Corporate,Office Supplies,Binders,Binder,5,54.61,0.15,232.09,26.4,CUST-0803
ORD-04966,2023-04-26,South,Home Office,Furniture,Bookcases,Storage Cabinet,6,111.7,0.1,603.18,89.54,CUST-1038
ORD-03687,2023-04-26,South,Corporate,Technology,Accessories,Headset,1,207.8,0.0,207.8,43.34,CUST-0062
ORD-04779,2023-04-27,East,Consumer,Technology,Computers,Monitor,2,127.05,0.1,228.69,52.02,CUST-0966
ORD-00460,2023-04-27,South,Home Office,Furniture,Chairs,Task Chair,2,122.84,0.0,245.68,42.8,CUST-0887
ORD-00171,2023-04-27,South,Consumer,Furniture,Chairs,Conference Chair,5,220.42,0.0,1102.1,176.71,CUST-0780
ORD-02265,2023-04-27,West,Consumer,Office Supplies,Paper,Labels,4,43.72,0.1,157.39,22.52,CUST-0721
ORD-05318,2023-04-27,South,Corporate,Furniture,Tables,Side Table,3,221.43,0.15,564.65,64.0,CUST-0670
ORD-04853,2023-04-27,Central,Consumer,Furniture,Bookcases,Shelf Unit,6,180.05,0.0,1080.3,171.8,CUST-0064
ORD-00818,2023-04-27,East,Consumer,Furniture,Tables,Side Table,3,197.36,0.0,592.08,110.83,CUST-0313
ORD-00583,2023-04-27,West,Consumer,Office Supplies,Paper,Notebooks,7,64.55,0.0,451.85,97.58,CUST-0680
ORD-01855,2023-04-27,East,Home Office,Office Supplies,Paper,Notebooks,2,66.62,0.05,126.58,9.03,CUST-0040
ORD-03353,2023-04-27,Central,Consumer,Furniture,Bookcases,Bookcase,6,183.71,0.15,936.92,110.91,CUST-1186
ORD-02946,2023-04-28,East,Corporate,Office Supplies,Binders,Binder,7,72.65,0.0,508.55,96.75,CUST-0965
ORD-02504,2023-04-28,Central,Corporate,Furniture,Bookcases,Storage Cabinet,6,60.71,0.2,291.41,33.03,CUST-0692
ORD-01227,2023-04-28,Central,Corporate,Office Supplies,Binders,Presentation Binder,3,53.9,0.05,153.61,32.08,CUST-0127
ORD-04832,2023-04-28,Central,Consumer,Office Supplies,Paper,Labels,5,73.38,0.0,366.9,67.98,CUST-0923
ORD-00322,2023-04-29,West,Consumer,Furniture,Chairs,Office Chair,1,211.23,0.1,190.11,28.37,CUST-0354
ORD-05639,2023-04-29,West,Consumer,Technology,Computers,Laptop,1,264.24,0.15,224.6,35.82,CUST-0860
ORD-03491,2023-04-29,East,Consumer,Technology,Accessories,Keyboard,4,207.91,0.15,706.89,124.59,CUST-1131
ORD-04238,2023-04-29,Central,Corporate,Technology,Accessories,Headset,7,219.92,0.05,1462.47,321.48,CUST-0822
ORD-00310,2023-04-29,East,Corporate,Technology,Accessories,Keyboard,4,267.16,0.1,961.78,205.74,CUST-0099
ORD-05778,2023-04-29,South,Consumer,Office Supplies,Storage,Drawer Unit,6,63.0,0.05,359.1,68.47,CUST-0039
ORD-05507,2023-04-29,Central,Corporate,Technology,Accessories,Keyboard,6,124.18,0.1,670.57,138.01,CUST-0093
ORD-00480,2023-04-30,Central,Corporate,Technology,Computers,Laptop,3,168.45,0.0,505.35,99.03,CUST-0191
ORD-05105,2023-04-30,Central,Home Office,Office Supplies,Binders,Presentation Binder,1,41.69,0.15,35.44,0.14,CUST-0216
ORD-04044,2023-04-30,East,Corporate,Furniture,Tables,Desk,6,266.65,0.15,1359.91,155.43,CUST-0458
ORD-03150,2023-04-30,Central,Consumer,Office Supplies,Storage,Drawer Unit,3,30.83,0.0,92.49,15.11,CUST-0056
ORD-03077,2023-04-30,Central,Consumer,Furniture,Tables,Side Table,5,209.59,0.0,1047.95,174.78,CUST-1016
ORD-03727,2023-04-30,East,Home Office,Office Supplies,Paper,Copy Paper,3,67.66,0.05,192.83,21.54,CUST-0357
ORD-01272,2023-04-30,West,Home Office,Office Supplies,Paper,Copy Paper,7,56.14,0.1,353.68,60.32,CUST-1033
ORD-01538,2023-05-02,South,Corporate,Office Supplies,Storage,Drawer Unit,1,47.24,0.1,42.52,2.8,CUST-0025
ORD-01816,2023-05-02,East,Consumer,Furniture,Tables,Meeting Table,3,269.14,0.1,726.68,85.27,CUST-0548
ORD-03034,2023-05-02,East,Consumer,Office Supplies,Binders,Presentation Binder,7,42.27,0.1,266.3,33.13,CUST-0288
ORD-01867,2023-05-02,West,Consumer,Furniture,Tables,Meeting Table,6,152.64,0.2,732.67,75.25,CUST-0160
ORD-01489,2023-05-02,West,Home Office,Furniture,Chairs,Office Chair,5,126.07,0.0,630.35,102.99,CUST-0871
ORD-00808,2023-05-02,Central,Consumer,Technology,Accessories,Headset,5,221.23,0.1,995.53,190.06,CUST-0760
ORD-04978,2023-05-02,South,Home Office,Technology,Accessories,Keyboard,3,281.7,0.2,676.08,114.5,CUST-0683
ORD-02911,2023-05-03,South,Home Office,Office Supplies,Paper,Labels,4,51.01,0.2,163.23,18.43,CUST-0479
ORD-04729,2023-05-03,Central,Consumer,Technology,Computers,Laptop,1,313.68,0.15,266.63,49.92,CUST-0399
ORD-02244,2023-05-03,East,Corporate,Furniture,Bookcases,Storage Cabinet,4,182.7,0.2,584.64,53.17,CUST-0955
ORD-03791,2023-05-03,West,Corporate,Furniture,Tables,Meeting Table,2,152.8,0.0,305.6,54.29,CUST-0624
ORD-03591,2023-05-03,East,Corporate,Technology,Phones,Phone B,1,262.01,0.1,235.81,44.46,CUST-0701
ORD-04221,2023-05-03,East,Corporate,Technology,Accessories,Headset,4,108.04,0.0,432.16,84.1,CUST-0342
ORD-01484,2023-05-03,East,Corporate,Technology,Computers,Laptop,4,286.73,0.15,974.88,160.86,CUST-0717
ORD-01466,2023-05-03,East,Home Office,Office Supplies,Storage,Storage Box,3,60.28,0.0,180.84,20.79,CUST-0795
ORD-05929,2023-05-04,West,Consumer,Furniture,Tables,Meeting Table,7,153.23,0.25,804.46,77.43,CUST-0505
ORD-01579,2023-05-04,West,Consumer,Furniture,Chairs,Office Chair,7,225.48,0.05,1499.44,217.15,CUST-0234
ORD-00501,2023-05-05,West,Corporate,Furniture,Bookcases,Shelf Unit,6,172.37,0.1,930.8,120.92,CUST-0475
ORD-04434,2023-05-05,East,Corporate,Technology,Phones,Phone B,7,222.27,0.15,1322.51,242.71,CUST-0866
ORD-00873,2023-05-05,East,Corporate,Technology,Phones,Phone B,1,235.83,0.25,176.87,22.66,CUST-0258
ORD-04769,2023-05-05,South,Consumer,Office Supplies,Binders,Presentation Binder,3,60.66,0.0,181.98,26.88,CUST-0039
ORD-02723,2023-05-05,East,Corporate,Office Supplies,Paper,Labels,5,50.97,0.25,191.14,25.82,CUST-0240
ORD-03027,2023-05-05,East,Home Office,Furniture,Bookcases,Storage Cabinet,1,112.96,0.1,101.66,12.3,CUST-0058
ORD-02853,2023-05-06,East,Consumer,Technology,Computers,Desktop,3,252.69,0.05,720.17,168.44,CUST-0161
ORD-01321,2023-05-06,South,Corporate,Office Supplies,Binders,File Folder,6,38.69,0.1,208.93,41.53,CUST-0542
ORD-00120,2023-05-06,East,Home Office,Furniture,Chairs,Task Chair,5,120.63,0.2,482.52,42.68,CUST-1023
ORD-01216,2023-05-06,East,Corporate,Office Supplies,Storage,Storage Box,2,78.56,0.05,149.26,23.6,CUST-1047
ORD-00538,2023-05-07,Central,Consumer,Technology,Computers,Monitor,7,117.51,0.2,658.06,119.77,CUST-0943
ORD-05125,2023-05-07,South,Corporate,Office Supplies,Storage,Organizer,6,53.53,0.15,273.0,60.51,CUST-0317
ORD-04382,2023-05-07,West,Consumer,Office Supplies,Binders,File Folder,2,60.65,0.15,103.1,19.14,CUST-0335
ORD-01020,2023-05-07,Central,Corporate,Office Supplies,Storage,Drawer Unit,2,54.2,0.1,97.56,10.07,CUST-1025
ORD-02215,2023-05-07,West,Consumer,Technology,Phones,Phone B,2,214.5,0.15,364.65,71.91,CUST-0194
ORD-02214,2023-05-07,South,Consumer,Office Supplies,Binders,Presentation Binder,4,46.12,0.1,166.03,37.1,CUST-1159
ORD-02506,2023-05-07,West,Consumer,Furniture,Tables,Side Table,2,202.16,0.1,363.89,48.6,CUST-1100
ORD-04459,2023-05-08,East,Corporate,Office Supplies,Storage,Storage Box,4,63.51,0.2,203.23,32.39,CUST-0193
ORD-00365,2023-05-08,West,Corporate,Office Supplies,Binders,Presentation Binder,4,59.02,0.15,200.67,28.42,CUST-0807
ORD-04010,2023-05-08,West,Consumer,Office Supplies,Paper,Notebooks,7,48.43,0.2,271.21,39.58,CUST-0855
ORD-00726,2023-05-09,South,Corporate,Technology,Computers,Desktop,7,284.71,0.0,1992.97,439.02,CUST-1025
ORD-02786,2023-05-09,Central,Consumer,Technology,Accessories,Keyboard,5,290.59,0.1,1307.66,254.34,CUST-0630
ORD-05562,2023-05-09,East,Home Office,Office Supplies,Storage,Drawer Unit,5,73.81,0.0,369.05,63.21,CUST-0252
ORD-02681,2023-05-09,South,Consumer,Office Supplies,Binders,Binder,7,51.06,0.0,357.42,68.22,CUST-0048
ORD-03161,2023-05-10,Central,Consumer,Office Supplies,Paper,Labels,7,77.73,0.1,489.7,74.57,CUST-1191
ORD-05829,2023-05-10,East,Consumer,Furniture,Tables,Meeting Table,2,278.84,0.1,501.91,62.18,CUST-1179
ORD-00778,2023-05-10,East,Corporate,Office Supplies,Storage,Storage Box,7,50.75,0.0,355.25,74.19,CUST-1073
ORD-05750,2023-05-10,West,Home Office,Office Supplies,Binders,File Folder,7,48.12,0.15,286.31,45.44,CUST-1019
ORD-02700,2023-05-10,East,Corporate,Furniture,Bookcases,Storage Cabinet,3,136.67,0.05,389.51,47.95,CUST-1017
ORD-02269,2023-05-10,South,Consumer,Office Supplies,Storage,Drawer Unit,2,51.62,0.0,103.24,25.84,CUST-0855
ORD-03305,2023-05-10,Central,Corporate,Office Supplies,Paper,Copy Paper,5,45.16,0.1,203.22,24.73,CUST-1107
ORD-03370,2023-05-10,Central,Consumer,Furniture,Tables,Desk,5,198.85,0.1,894.82,126.79,CUST-1019
ORD-00198,2023-05-10,East,Consumer,Technology,Computers,Desktop,7,214.65,0.2,1202.04,200.0,CUST-0118
ORD-05753,2023-05-11,South,Consumer,Technology,Phones,Phone B,3,178.81,0.05,509.61,109.45,CUST-0649
ORD-01946,2023-05-11,South,Home Office,Office Supplies,Binders,Presentation Binder,7,79.91,0.2,447.5,75.49,CUST-1006
ORD-02364,2023-05-11,South,Consumer,Technology,Accessories,Keyboard,2,221.75,0.0,443.5,111.84,CUST-0217
ORD-05610,2023-05-11,East,Home Office,Office Supplies,Binders,Binder,3,63.01,0.15,160.68,16.63,CUST-0462
ORD-04402,2023-05-11,East,Consumer,Office Supplies,Binders,Presentation Binder,4,44.6,0.05,169.48,14.92,CUST-0147
ORD-05026,2023-05-11,West,Consumer,Technology,Accessories,Mouse,3,193.24,0.0,579.72,134.42,CUST-0595
ORD-00313,2023-05-11,West,Consumer,Furniture,Chairs,Conference Chair,6,251.8,0.05,1435.26,202.4,CUST-0977
ORD-00497,2023-05-11,Central,Consumer,Office Supplies,Storage,Organizer,4,45.66,0.25,136.98,11.04,CUST-0665
ORD-00946,2023-05-11,South,Consumer,Technology,Computers,Monitor,6,203.04,0.1,1096.42,225.78,CUST-0258
ORD-01343,2023-05-11,Central,Consumer,Technology,Phones,Phone B,3,254.76,0.1,687.85,135.25,CUST-1140
ORD-00863,2023-05-12,Central,Consumer,Furniture,Chairs,Task Chair,4,127.31,0.05,483.78,77.15,CUST-0699
ORD-01050,2023-05-12,Central,Corporate,Office Supplies,Storage,Organizer,7,44.59,0.15,265.31,43.49,CUST-0172
ORD-01157,2023-05-12,South,Consumer,Technology,Accessories,Mouse,3,173.16,0.1,467.53,88.0,CUST-0992
ORD-03530,2023-05-12,East,Consumer,Technology,Accessories,Headset,2,214.54,0.0,429.08,102.29,CUST-0727
ORD-03651,2023-05-12,Central,Consumer,Office Supplies,Paper,Notebooks,7,57.91,0.25,304.03,50.89,CUST-0437
ORD-00724,2023-05-12,West,Consumer,Office Supplies,Storage,Organizer,3,29.36,0.0,88.08,22.83,CUST-0781
ORD-04411,2023-05-13,Central,Corporate,Office Supplies,Paper,Labels,1,66.23,0.15,56.3,14.42,CUST-1087
ORD-01876,2023-05-13,Central,Corporate,Technology,Phones,Phone C,4,249.39,0.25,748.17,130.3,CUST-1018
ORD-05847,2023-05-13,South,Consumer,Office Supplies,Paper,Labels,2,45.11,0.0,90.22,10.63,CUST-0481
ORD-00418,2023-05-14,South,Corporate,Office Supplies,Storage,Storage Box,6,67.34,0.15,343.43,44.1,CUST-0777
ORD-04285,2023-05-14,South,Home Office,Technology,Accessories,Keyboard,7,213.05,0.1,1342.22,275.03,CUST-0262
ORD-00784,2023-05-14,East,Consumer,Technology,Computers,Laptop,3,242.7,0.0,728.1,182.96,CUST-1170
ORD-02510,2023-05-14,Central,Consumer,Technology,Accessories,Keyboard,7,199.54,0.0,1396.78,311.83,CUST-0218
ORD-01619,2023-05-14,West,Home Office,Furniture,Tables,Desk,3,127.75,0.05,364.09,64.29,CUST-0396
ORD-05353,2023-05-14,South,Corporate,Furniture,Tables,Desk,7,195.24,0.05,1298.35,178.89,CUST-0279
ORD-03349,2023-05-14,West,Home Office,Technology,Computers,Laptop,5,283.36,0.2,1133.44,197.87,CUST-0378
ORD-04655,2023-05-15,East,Consumer,Furniture,Chairs,Task Chair,3,196.85,0.15,501.97,67.76,CUST-1011
ORD-00783,2023-05-15,South,Corporate,Furniture,Bookcases,Shelf Unit,1,218.89,0.15,186.06,14.3,CUST-0470
ORD-04513,2023-05-15,East,Corporate,Furniture,Chairs,Conference Chair,1,153.32,0.1,137.99,27.95,CUST-0062
ORD-00386,2023-05-15,Central,Consumer,Furniture,Chairs,Conference Chair,5,260.05,0.2,1040.2,113.64,CUST-0192
ORD-05158,2023-05-15,East,Home Office,Office Supplies,Paper,Labels,1,55.56,0.25,41.67,5.03,CUST-0926
ORD-03499,2023-05-15,West,Consumer,Office Supplies,Storage,Storage Box,2,35.95,0.05,68.31,1.29,CUST-0089
ORD-04198,2023-05-16,South,Home Office,Furniture,Tables,Meeting Table,7,173.47,0.15,1032.15,131.39,CUST-1050
ORD-04842,2023-05-16,East,Corporate,Office Supplies,Paper,Copy Paper,2,47.42,0.05,90.1,15.19,CUST-0502
ORD-01238,2023-05-16,South,Consumer,Furniture,Tables,Desk,1,158.29,0.2,126.63,7.02,CUST-0105
ORD-04798,2023-05-16,South,Consumer,Technology,Accessories,Headset,7,151.62,0.1,955.21,177.08,CUST-0609
ORD-02923,2023-05-16,Central,Corporate,Office Supplies,Storage,Organizer,5,58.92,0.15,250.41,40.02,CUST-0869
ORD-00436,2023-05-16,Central,Corporate,Furniture,Bookcases,Shelf Unit,5,169.38,0.2,677.52,56.33,CUST-0691
ORD-05732,2023-05-16,West,Consumer,Technology,Computers,Desktop,6,187.27,0.1,1011.26,197.35,CUST-0249
ORD-03973,2023-05-17,East,Corporate,Technology,Phones,Phone A,7,242.34,0.15,1441.92,265.46,CUST-0291
ORD-05801,2023-05-17,East,Consumer,Technology,Accessories,Mouse,5,257.74,0.15,1095.4,220.09,CUST-0313
ORD-00874,2023-05-17,East,Consumer,Office Supplies,Binders,File Folder,2,57.63,0.1,103.73,7.43,CUST-0667
ORD-01605,2023-05-17,Central,Consumer,Furniture,Chairs,Conference Chair,3,139.2,0.1,375.84,54.42,CUST-1152
ORD-05761,2023-05-17,Central,Consumer,Technology,Accessories,Keyboard,4,235.59,0.05,895.24,178.66,CUST-1030
ORD-05188,2023-05-17,West,Consumer,Furniture,Tables,Side Table,7,160.74,0.0,1125.18,185.29,CUST-0604
ORD-01928,2023-05-18,West,Home Office,Technology,Phones,Phone B,3,240.17,0.05,684.48,157.6,CUST-0661
ORD-02080,2023-05-18,Central,Corporate,Technology,Computers,Laptop,5,261.92,0.1,1178.64,233.1,CUST-1069
ORD-05893,2023-05-18,Central,Consumer,Technology,Phones,Phone C,2,276.26,0.2,442.02,73.48,CUST-1190
ORD-00157,2023-05-19,East,Consumer,Technology,Phones,Phone C,3,216.26,0.0,648.78,148.78,CUST-1146
ORD-01610,2023-05-19,South,Corporate,Office Supplies,Paper,Copy Paper,4,30.48,0.05,115.82,32.7,CUST-0158
ORD-03821,2023-05-19,Central,Consumer,Technology,Phones,Phone A,1,182.97,0.0,182.97,41.81,CUST-0114
ORD-04532,2023-05-19,East,Consumer,Office Supplies,Paper,Labels,6,56.56,0.0,339.36,70.35,CUST-0827
ORD-03774,2023-05-20,South,Consumer,Furniture,Chairs,Conference Chair,3,143.45,0.2,344.28,32.98,CUST-0553
ORD-00221,2023-05-20,East,Home Office,Technology,Computers,Laptop,1,204.67,0.1,184.2,42.42,CUST-1149
ORD-02909,2023-05-20,West,Consumer,Office Supplies,Storage,Drawer Unit,5,78.85,0.0,394.25,70.6,CUST-0292
ORD-01630,2023-05-20,East,Corporate,Technology,Accessories,Headset,3,215.99,0.2,518.38,88.87,CUST-0155
ORD-02830,2023-05-20,South,Consumer,Furniture,Chairs,Task Chair,4,154.95,0.2,495.84,52.19,CUST-0612
ORD-02823,2023-05-20,Central,Corporate,Furniture,Chairs,Conference Chair,3,150.46,0.0,451.38,60.76,CUST-0985
ORD-03064,2023-05-20,West,Corporate,Furniture,Bookcases,Bookcase,4,234.06,0.05,889.43,139.98,CUST-0053
ORD-05780,2023-05-20,East,Consumer,Office Supplies,Paper,Labels,7,49.24,0.1,310.21,50.12,CUST-0196
ORD-02819,2023-05-20,West,Consumer,Furniture,Chairs,Conference Chair,3,218.88,0.1,590.98,71.55,CUST-0359
ORD-01805,2023-05-21,South,Corporate,Technology,Accessories,Headset,4,178.09,0.0,712.36,177.61,CUST-0702
ORD-03513,2023-05-21,East,Consumer,Office Supplies,Paper,Notebooks,4,39.05,0.0,156.2,29.19,CUST-1085
ORD-05946,2023-05-21,Central,Consumer,Furniture,Tables,Side Table,2,158.97,0.1,286.15,29.61,CUST-1173
ORD-02550,2023-05-21,West,Corporate,Technology,Phones,Phone A,5,181.97,0.25,682.39,103.23,CUST-0609
ORD-03348,2023-05-21,Central,Consumer,Office Supplies,Storage,Organizer,7,49.66,0.0,347.62,57.29,CUST-0089
ORD-00759,2023-05-21,South,Consumer,Office Supplies,Storage,Drawer Unit,1,49.08,0.0,49.08,13.64,CUST-1135
ORD-01005,2023-05-21,West,Consumer,Technology,Phones,Phone B,5,210.41,0.2,841.64,140.76,CUST-0650
ORD-02697,2023-05-21,East,Corporate,Furniture,Bookcases,Storage Cabinet,4,204.2,0.1,735.12,89.5,CUST-0144
ORD-03165,2023-05-21,South,Consumer,Technology,Computers,Laptop,2,248.94,0.25,373.41,57.11,CUST-0898
ORD-00018,2023-05-21,East,Consumer,Office Supplies,Binders,Binder,5,51.04,0.2,204.16,30.02,CUST-0429
ORD-04145,2023-05-22,South,Consumer,Office Supplies,Binders,File Folder,2,52.9,0.15,89.93,17.23,CUST-0829
ORD-02699,2023-05-22,South,Corporate,Office Supplies,Binders,Presentation Binder,6,45.03,0.2,216.14,29.79,CUST-1026
ORD-00705,2023-05-22,East,Consumer,Furniture,Bookcases,Bookcase,7,233.55,0.25,1226.14,98.83,CUST-0962
ORD-00945,2023-05-22,East,Consumer,Technology,Accessories,Headset,3,202.78,0.2,486.67,72.33,CUST-0197
ORD-02006,2023-05-22,West,Consumer,Technology,Phones,Phone C,5,268.34,0.2,1073.36,167.42,CUST-0831
ORD-02104,2023-05-22,Central,Corporate,Office Supplies,Paper,Labels,1,56.13,0.1,50.52,16.19,CUST-0747
ORD-05661,2023-05-22,East,Corporate,Technology,Phones,Phone B,6,147.59,0.1,796.99,162.16,CUST-0623
ORD-03945,2023-05-23,West,Consumer,Furniture,Bookcases,Shelf Unit,3,185.65,0.0,556.95,80.78,CUST-0212
ORD-00074,2023-05-23,Central,Corporate,Furniture,Tables,Desk,5,146.23,0.2,584.92,68.64,CUST-0539
ORD-03287,2023-05-24,West,Consumer,Furniture,Bookcases,Bookcase,6,155.16,0.0,930.96,149.6,CUST-0602
ORD-02085,2023-05-24,South,Consumer,Office Supplies,Paper,Notebooks,7,56.69,0.05,376.99,58.69,CUST-0076
ORD-04118,2023-05-24,Central,Home Office,Technology,Phones,Phone C,1,226.92,0.15,192.88,35.1,CUST-0484
ORD-03102,2023-05-24,East,Consumer,Furniture,Bookcases,Bookcase,2,173.41,0.15,294.8,24.43,CUST-0853
ORD-05885,2023-05-24,West,Corporate,Office Supplies,Storage,Drawer Unit,1,67.25,0.0,67.25,17.46,CUST-0905
ORD-03022,2023-05-24,South,Consumer,Office Supplies,Binders,Presentation Binder,5,52.26,0.05,248.24,54.18,CUST-1022
ORD-01776,2023-05-24,East,Consumer,Office Supplies,Binders,Presentation Binder,1,33.19,0.0,33.19,4.87,CUST-0964
ORD-00434,2023-05-24,East,Consumer,Office Supplies,Paper,Notebooks,5,38.45,0.1,173.02,22.92,CUST-0161
ORD-04204,2023-05-24,South,Consumer,Furniture,Tables,Side Table,2,215.01,0.15,365.52,43.27,CUST-0434
ORD-00414,2023-05-25,East,Home Office,Office Supplies,Paper,Notebooks,2,52.19,0.05,99.16,16.78,CUST-0746
ORD-02431,2023-05-25,West,Consumer,Technology,Phones,Phone A,5,271.31,0.25,1017.41,153.68,CUST-0674
ORD-00670,2023-05-25,Central,Home Office,Technology,Computers,Monitor,6,184.29,0.15,939.88,175.13,CUST-0075
ORD-01645,2023-05-25,East,Corporate,Furniture,Chairs,Office Chair,1,158.91,0.0,158.91,34.54,CUST-0576
ORD-00443,2023-05-25,East,Corporate,Office Supplies,Paper,Labels,4,38.89,0.1,140.0,19.09,CUST-0346
ORD-01926,2023-05-25,West,Consumer,Office Supplies,Paper,Labels,3,60.69,0.0,182.07,30.25,CUST-0822
ORD-04657,2023-05-26,South,Home Office,Office Supplies,Paper,Notebooks,1,58.75,0.15,49.94,8.96,CUST-0554
ORD-05995,2023-05-26,West,Corporate,Furniture,Tables,Side Table,7,191.25,0.0,1338.75,207.52,CUST-0778
ORD-03538,2023-05-26,Central,Consumer,Office Supplies,Binders,Presentation Binder,5,50.49,0.15,214.58,38.74,CUST-1002
ORD-04021,2023-05-26,South,Home Office,Office Supplies,Storage,Organizer,4,37.06,0.0,148.24,29.44,CUST-0074
ORD-03527,2023-05-26,West,Corporate,Technology,Phones,Phone A,1,193.37,0.15,164.36,33.98,CUST-0952
ORD-04303,2023-05-27,South,Home Office,Office Supplies,Storage,Drawer Unit,4,42.93,0.25,128.79,9.02,CUST-0012
ORD-01895,2023-05-27,Central,Corporate,Technology,Accessories,Headset,2,284.08,0.1,511.34,91.14,CUST-0607
ORD-02761,2023-05-27,East,Consumer,Furniture,Tables,Desk,6,166.3,0.2,798.24,61.78,CUST-1064
ORD-04758,2023-05-27,East,Consumer,Technology,Phones,Phone C,7,275.21,0.05,1830.15,380.13,CUST-0649
ORD-00948,2023-05-27,East,Consumer,Technology,Phones,Phone B,2,215.73,0.1,388.31,76.4,CUST-0287
ORD-03269,2023-05-28,East,Consumer,Technology,Phones,Phone A,3,198.65,0.0,595.95,133.16,CUST-0733
ORD-02480,2023-05-28,South,Home Office,Furniture,Chairs,Task Chair,5,148.2,0.1,666.9,72.84,CUST-0216
ORD-00604,2023-05-28,East,Consumer,Technology,Accessories,Keyboard,5,332.1,0.2,1328.4,231.86,CUST-0077
ORD-02207,2023-05-28,East,Consumer,Office Supplies,Paper,Notebooks,1,55.63,0.05,52.85,7.47,CUST-0080
ORD-01358,2023-05-28,West,Corporate,Furniture,Chairs,Office Chair,3,194.69,0.0,584.07,92.35,CUST-0298
ORD-05231,2023-05-29,East,Home Office,Technology,Computers,Desktop,7,220.69,0.15,1313.11,235.71,CUST-0503
ORD-01819,2023-05-29,West,Consumer,Office Supplies,Storage,Drawer Unit,5,45.28,0.0,226.4,53.1,CUST-1167
ORD-05560,2023-05-29,South,Consumer,Technology,Accessories,Keyboard,1,262.77,0.0,262.77,57.89,CUST-0842
ORD-03606,2023-05-29,East,Corporate,Technology,Accessories,Headset,1,186.37,0.15,158.41,36.35,CUST-0596
ORD-03308,2023-05-29,South,Home Office,Technology,Accessories,Keyboard,1,93.58,0.05,88.9,21.86,CUST-0723
ORD-00823,2023-05-30,West,Consumer,Furniture,Chairs,Office Chair,7,176.26,0.1,1110.44,147.1,CUST-1122
ORD-04474,2023-05-30,West,Consumer,Technology,Computers,Laptop,2,215.63,0.25,323.44,42.2,CUST-0191
ORD-05456,2023-05-30,East,Consumer,Office Supplies,Paper,Notebooks,4,44.55,0.0,178.2,28.6,CUST-0383
ORD-02727,2023-05-30,Central,Consumer,Technology,Computers,Desktop,4,218.6,0.1,786.96,161.97,CUST-0286
ORD-01342,2023-05-30,East,Home Office,Office Supplies,Binders,Presentation Binder,3,52.89,0.0,158.67,34.33,CUST-0086
ORD-00682,2023-05-31,East,Consumer,Furniture,Bookcases,Storage Cabinet,5,220.82,0.0,1104.1,171.27,CUST-0114
ORD-04837,2023-05-31,East,Corporate,Office Supplies,Storage,Organizer,2,58.5,0.0,117.0,19.31,CUST-0473
ORD-02378,2023-05-31,Central,Consumer,Office Supplies,Paper,Labels,6,61.68,0.25,277.56,43.26,CUST-1047
ORD-02234,2023-06-01,West,Corporate,Office Supplies,Binders,File Folder,1,64.52,0.25,48.39,4.08,CUST-1036
ORD-05089,2023-06-01,West,Consumer,Furniture,Tables,Meeting Table,4,155.69,0.2,498.21,44.46,CUST-0823
ORD-04668,2023-06-01,West,Home Office,Technology,Accessories,Headset,6,192.16,0.05,1095.31,234.64,CUST-0115
ORD-05159,2023-06-01,East,Corporate,Technology,Phones,Phone C,6,271.21,0.0,1627.26,369.13,CUST-1177
ORD-02108,2023-06-01,West,Consumer,Technology,Phones,Phone A,5,155.7,0.1,700.65,151.58,CUST-0214
ORD-01836,2023-06-01,South,Consumer,Furniture,Tables,Desk,1,189.45,0.0,189.45,32.71,CUST-0796
ORD-02210,2023-06-01,East,Consumer,Office Supplies,Paper,Notebooks,2,69.37,0.1,124.87,26.09,CUST-0773
ORD-01528,2023-06-01,Central,Corporate,Technology,Phones,Phone C,6,143.12,0.1,772.85,152.62,CUST-0337
ORD-00721,2023-06-02,Central,Corporate,Office Supplies,Paper,Labels,7,63.85,0.1,402.26,62.47,CUST-1179
ORD-05428,2023-06-02,East,Consumer,Office Supplies,Storage,Organizer,4,71.62,0.2,229.18,42.83,CUST-0336
ORD-00100,2023-06-03,East,Home Office,Technology,Phones,Phone A,3,237.46,0.2,569.9,105.05,CUST-0994
ORD-03993,2023-06-03,South,Consumer,Furniture,Tables,Desk,1,132.02,0.0,132.02,21.76,CUST-0186
ORD-00118,2023-06-03,Central,Corporate,Office Supplies,Storage,Drawer Unit,6,51.43,0.15,262.29,29.23,CUST-0874
ORD-00306,2023-06-03,East,Consumer,Office Supplies,Storage,Organizer,4,56.85,0.0,227.4,42.01,CUST-0339
ORD-00462,2023-06-03,South,Consumer,Furniture,Chairs,Office Chair,1,185.55,0.05,176.27,23.21,CUST-1042
ORD-01445,2023-06-03,East,Consumer,Technology,Computers,Laptop,4,264.19,0.0,1056.76,245.73,CUST-0896
ORD-00620,2023-06-03,South,Corporate,Technology,Phones,Phone B,1,180.95,0.1,162.85,31.65,CUST-0759
ORD-00769,2023-06-03,Central,Corporate,Furniture,Tables,Desk,5,135.17,0.05,642.06,87.48,CUST-0994
ORD-00241,2023-06-03,South,Consumer,Furniture,Chairs,Office Chair,3,178.27,0.2,427.85,47.85,CUST-0826
ORD-03204,2023-06-03,East,Home Office,Technology,Accessories,Keyboard,6,227.24,0.15,1158.92,218.34,CUST-0430
ORD-02736,2023-06-03,South,Home Office,Office Supplies,Paper,Labels,7,56.73,0.0,397.11,74.45,CUST-0909
ORD-03249,2023-06-03,Central,Consumer,Office Supplies,Storage,Drawer Unit,4,80.99,0.0,323.96,55.79,CUST-0655
ORD-05985,2023-06-03,Central,Home Office,Furniture,Tables,Side Table,4,164.95,0.15,560.83,79.99,CUST-0696
ORD-04026,2023-06-03,West,Consumer,Furniture,Bookcases,Storage Cabinet,6,170.53,0.0,1023.18,162.85,CUST-1002
ORD-03889,2023-06-03,Central,Home Office,Office Supplies,Binders,Binder,2,36.85,0.2,58.96,15.17,CUST-0434
ORD-03514,2023-06-04,Central,Corporate,Technology,Accessories,Keyboard,6,186.45,0.0,1118.7,262.21,CUST-1116
ORD-03835,2023-06-04,West,Consumer,Technology,Phones,Phone A,6,171.4,0.0,1028.4,227.93,CUST-0414
ORD-00329,2023-06-04,West,Consumer,Furniture,Bookcases,Bookcase,6,205.81,0.05,1173.12,161.16,CUST-0762
ORD-01090,2023-06-05,East,Consumer,Technology,Phones,Phone B,1,189.88,0.05,180.39,27.02,CUST-1120
ORD-04368,2023-06-05,South,Consumer,Office Supplies,Storage,Storage Box,5,52.98,0.05,251.65,34.98,CUST-0731
ORD-04016,2023-06-05,South,Consumer,Furniture,Tables,Desk,7,179.46,0.1,1130.6,168.5,CUST-1083
ORD-00834,2023-06-06,West,Corporate,Furniture,Tables,Side Table,4,151.57,0.15,515.34,65.88,CUST-0104
ORD-01187,2023-06-06,East,Corporate,Furniture,Tables,Meeting Table,1,198.05,0.05,188.15,26.54,CUST-1174
ORD-02519,2023-06-06,East,Consumer,Furniture,Chairs,Office Chair,1,199.37,0.05,189.4,32.56,CUST-0210
ORD-04954,2023-06-06,East,Home Office,Office Supplies,Paper,Notebooks,3,61.67,0.1,166.51,23.68,CUST-0293
ORD-01963,2023-06-06,West,Home Office,Technology,Computers,Desktop,7,239.47,0.05,1592.48,350.93,CUST-0516
ORD-02302,2023-06-07,Central,Home Office,Furniture,Bookcases,Bookcase,4,204.15,0.0,816.6,121.03,CUST-0216
ORD-01063,2023-06-07,East,Corporate,Furniture,Bookcases,Bookcase,1,195.72,0.05,185.93,23.67,CUST-0651
ORD-05075,2023-06-07,South,Consumer,Technology,Accessories,Headset,2,255.49,0.15,434.33,84.98,CUST-0197
ORD-03671,2023-06-07,West,Consumer,Office Supplies,Paper,Labels,3,57.91,0.2,138.98,25.2,CUST-0255
ORD-01612,2023-06-07,West,Consumer,Furniture,Bookcases,Storage Cabinet,4,190.3,0.2,608.96,63.97,CUST-0789
ORD-00528,2023-06-07,East,Consumer,Office Supplies,Paper,Notebooks,2,66.24,0.25,99.36,10.84,CUST-0740
ORD-00408,2023-06-07,East,Consumer,Technology,Accessories,Keyboard,3,233.4,0.1,630.18,135.08,CUST-1170
ORD-05212,2023-06-07,South,Consumer,Office Supplies,Paper,Labels,5,63.45,0.1,285.53,49.26,CUST-0294
ORD-05755,2023-06-07,East,Home Office,Furniture,Tables,Meeting Table,3,172.05,0.0,516.15,83.24,CUST-1046
ORD-04061,2023-06-08,East,Consumer,Furniture,Chairs,Conference Chair,2,212.87,0.0,425.74,67.69,CUST-0551
ORD-00256,2023-06-08,South,Consumer,Technology,Accessories,Keyboard,2,264.17,0.2,422.67,67.15,CUST-1023
ORD-05034,2023-06-09,West,Consumer,Technology,Accessories,Headset,4,286.67,0.05,1089.35,234.73,CUST-0183
ORD-00924,2023-06-09,South,Consumer,Furniture,Bookcases,Bookcase,1,152.2,0.0,152.2,31.86,CUST-0076
ORD-05921,2023-06-10,West,Consumer,Furniture,Bookcases,Shelf Unit,4,203.32,0.15,691.29,83.11,CUST-1007
ORD-00522,2023-06-10,South,Corporate,Furniture,Tables,Side Table,6,144.18,0.1,778.57,117.49,CUST-0339
ORD-05782,2023-06-10,East,Corporate,Furniture,Tables,Meeting Table,6,127.4,0.0,764.4,112.68,CUST-0171
ORD-04098,2023-06-10,West,Consumer,Furniture,Bookcases,Shelf Unit,6,145.56,0.0,873.36,137.54,CUST-0100
ORD-01935,2023-06-10,Central,Consumer,Furniture,Tables,Meeting Table,6,106.28,0.15,542.03,62.34,CUST-1046
ORD-02330,2023-06-10,West,Home Office,Technology,Phones,Phone C,4,269.71,0.25,809.13,135.12,CUST-0386
ORD-03058,2023-06-11,Central,Home Office,Furniture,Chairs,Office Chair,3,212.05,0.15,540.73,76.96,CUST-0467
ORD-00752,2023-06-11,West,Home Office,Office Supplies,Binders,Binder,1,70.33,0.05,66.81,8.89,CUST-0618
ORD-04631,2023-06-12,West,Consumer,Office Supplies,Binders,File Folder,2,71.37,0.05,135.6,15.26,CUST-0142
ORD-02889,2023-06-12,South,Corporate,Office Supplies,Storage,Drawer Unit,1,51.76,0.05,49.17,10.17,CUST-0609
ORD-05906,2023-06-12,East,Corporate,Technology,Accessories,Headset,1,217.49,0.15,184.87,18.21,CUST-0768
ORD-00975,2023-06-12,East,Corporate,Furniture,Chairs,Task Chair,1,136.99,0.1,123.29,7.18,CUST-1197
ORD-00457,2023-06-12,South,Consumer,Office Supplies,Storage,Organizer,3,67.67,0.05,192.86,29.33,CUST-0630
ORD-01575,2023-06-12,South,Corporate,Office Supplies,Binders,Binder,5,45.69,0.1,205.6,32.3,CUST-0187
ORD-01607,2023-06-12,South,Consumer,Office Supplies,Binders,Presentation Binder,5,53.95,0.2,215.8,31.65,CUST-1035
ORD-00938,2023-06-12,Central,Consumer,Furniture,Bookcases,Shelf Unit,4,167.01,0.25,501.03,42.31,CUST-0304
ORD-02891,2023-06-12,South,Consumer,Technology,Computers,Monitor,1,226.97,0.0,226.97,67.38,CUST-0975
ORD-05251,2023-06-13,West,Corporate,Furniture,Tables,Meeting Table,4,167.05,0.1,601.38,77.53,CUST-0011
ORD-01698,2023-06-13,West,Corporate,Technology,Phones,Phone C,7,282.12,0.1,1777.36,375.75,CUST-0288
ORD-05806,2023-06-13,West,Corporate,Office Supplies,Paper,Copy Paper,2,47.16,0.05,89.6,12.26,CUST-0954
ORD-05824,2023-06-13,Central,Home Office,Furniture,Bookcases,Storage Cabinet,4,201.78,0.15,686.05,84.9,CUST-0026
ORD-03069,2023-06-13,West,Consumer,Office Supplies,Paper,Copy Paper,4,66.96,0.15,227.66,41.77,CUST-0731
ORD-02063,2023-06-13,West,Consumer,Office Supplies,Storage,Organizer,7,58.95,0.2,330.12,43.11,CUST-0250
ORD-04752,2023-06-14,East,Consumer,Office Supplies,Binders,Binder,3,76.73,0.1,207.17,32.22,CUST-0501
ORD-01524,2023-06-14,South,Consumer,Technology,Computers,Desktop,3,269.25,0.2,646.2,120.92,CUST-0927
ORD-04720,2023-06-14,West,Consumer,Technology,Accessories,Headset,7,239.5,0.15,1425.02,269.69,CUST-0118
ORD-03830,2023-06-14,Central,Consumer,Furniture,Bookcases,Bookcase,1,237.91,0.15,202.22,25.55,CUST-0922
ORD-02663,2023-06-14,West,Consumer,Technology,Accessories,Mouse,3,150.7,0.05,429.49,83.71,CUST-0160
ORD-01677,2023-06-14,East,Consumer,Office Supplies,Paper,Labels,6,42.67,0.25,192.02,16.72,CUST-1157
ORD-05052,2023-06-15,Central,Home Office,Furniture,Tables,Desk,5,206.42,0.05,980.49,142.55,CUST-0272
ORD-01104,2023-06-15,West,Corporate,Furniture,Bookcases,Bookcase,3,230.79,0.1,623.13,62.28,CUST-0177
ORD-04766,2023-06-15,East,Corporate,Office Supplies,Paper,Notebooks,6,60.88,0.1,328.75,51.35,CUST-0213
ORD-02639,2023-06-15,East,Home Office,Office Supplies,Binders,File Folder,3,50.97,0.0,152.91,29.91,CUST-0446
ORD-04113,2023-06-15,Central,Consumer,Furniture,Tables,Meeting Table,1,238.3,0.15,202.56,21.34,CUST-0796
ORD-04211,2023-06-15,West,Corporate,Office Supplies,Binders,File Folder,7,29.09,0.1,183.27,41.19,CUST-0840
ORD-03980,2023-06-15,Central,Corporate,Office Supplies,Binders,File Folder,6,61.69,0.0,370.14,88.06,CUST-0769
ORD-00357,2023-06-16,Central,Home Office,Technology,Accessories,Mouse,6,200.31,0.2,961.49,167.86,CUST-0939
ORD-01481,2023-06-16,West,Home Office,Office Supplies,Paper,Labels,3,42.29,0.15,107.84,32.71,CUST-1146
ORD-04348,2023-06-16,West,Corporate,Technology,Accessories,Headset,1,157.08,0.1,141.37,38.73,CUST-1041
ORD-00182,2023-06-16,East,Consumer,Office Supplies,Storage,Storage Box,5,71.78,0.0,358.9,57.36,CUST-0803
ORD-02008,2023-06-16,Central,Corporate,Furniture,Chairs,Conference Chair,3,142.43,0.0,427.29,70.18,CUST-0283
ORD-00273,2023-06-16,Central,Home Office,Technology,Computers,Laptop,1,191.61,0.0,191.61,34.47,CUST-0810
ORD-03701,2023-06-17,East,Consumer,Furniture,Tables,Desk,5,128.35,0.2,513.4,46.06,CUST-0097
ORD-01970,2023-06-17,Central,Consumer,Furniture,Chairs,Task Chair,4,130.21,0.0,520.84,84.06,CUST-0368
ORD-05827,2023-06-17,Central,Home Office,Office Supplies,Binders,Binder,7,53.1,0.2,297.36,32.26,CUST-0526
ORD-00390,2023-06-17,East,Consumer,Technology,Phones,Phone B,2,194.37,0.05,369.3,79.4,CUST-0373
ORD-04849,2023-06-17,East,Home Office,Office Supplies,Binders,Binder,2,73.78,0.05,140.18,30.1,CUST-0258
ORD-02013,2023-06-17,East,Corporate,Office Supplies,Storage,Organizer,3,62.75,0.2,150.6,30.53,CUST-0281
ORD-04018,2023-06-17,East,Consumer,Technology,Computers,Monitor,5,176.82,0.05,839.89,202.42,CUST-0679
ORD-00536,2023-06-18,South,Consumer,Technology,Phones,Phone B,1,224.65,0.05,213.42,43.01,CUST-0370
ORD-01537,2023-06-18,Central,Corporate,Furniture,Tables,Desk,7,190.67,0.0,1334.69,220.75,CUST-0082
ORD-00961,2023-06-18,West,Consumer,Office Supplies,Storage,Drawer Unit,6,57.88,0.1,312.55,57.55,CUST-0742
ORD-05366,2023-06-18,South,Corporate,Office Supplies,Binders,Presentation Binder,4,69.47,0.2,222.3,33.73,CUST-0202
ORD-02886,2023-06-18,East,Consumer,Furniture,Tables,Meeting Table,6,103.5,0.05,589.95,88.39,CUST-1040
ORD-01229,2023-06-18,Central,Consumer,Technology,Accessories,Headset,7,227.79,0.1,1435.08,282.24,CUST-1183
ORD-05547,2023-06-18,Central,Consumer,Furniture,Bookcases,Bookcase,7,166.54,0.1,1049.2,135.86,CUST-1172
ORD-03928,2023-06-18,South,Consumer,Furniture,Chairs,Office Chair,6,222.56,0.05,1268.59,174.22,CUST-0504
ORD-01046,2023-06-18,East,Consumer,Furniture,Tables,Side Table,1,160.19,0.05,152.18,15.3,CUST-0629
ORD-05902,2023-06-18,South,Consumer,Furniture,Chairs,Task Chair,4,279.91,0.1,1007.68,143.07,CUST-0308
ORD-03568,2023-06-18,West,Consumer,Technology,Phones,Phone C,4,147.0,0.05,558.6,119.54,CUST-0113
ORD-02222,2023-06-18,Central,Corporate,Technology,Accessories,Headset,2,227.63,0.1,409.73,71.01,CUST-0501
ORD-02308,2023-06-18,West,Home Office,Office Supplies,Storage,Storage Box,1,79.26,0.25,59.45,0.09,CUST-0455
ORD-05832,2023-06-19,Central,Corporate,Technology,Computers,Monitor,3,164.85,0.25,370.91,75.62,CUST-0676
ORD-03686,2023-06-19,West,Consumer,Technology,Computers,Desktop,1,296.78,0.25,222.58,43.43,CUST-0942
ORD-03038,2023-06-19,West,Consumer,Furniture,Chairs,Office Chair,7,244.15,0.15,1452.69,169.31,CUST-0026
ORD-00058,2023-06-19,East,Home Office,Office Supplies,Storage,Drawer Unit,4,50.28,0.2,160.9,24.53,CUST-0962
ORD-02792,2023-06-20,Central,Corporate,Technology,Phones,Phone B,5,165.08,0.1,742.86,169.16,CUST-0674
ORD-03603,2023-06-20,East,Home Office,Technology,Computers,Laptop,4,210.62,0.15,716.11,128.56,CUST-0073
ORD-01406,2023-06-20,Central,Consumer,Technology,Accessories,Keyboard,5,175.42,0.2,701.68,125.8,CUST-0646
ORD-00884,2023-06-20,West,Consumer,Office Supplies,Binders,Binder,5,46.92,0.1,211.14,23.08,CUST-0881
ORD-04663,2023-06-20,Central,Home Office,Furniture,Bookcases,Bookcase,6,206.85,0.2,992.88,105.94,CUST-0978
ORD-03808,2023-06-20,South,Home Office,Technology,Computers,Monitor,4,237.78,0.0,951.12,204.06,CUST-0305
ORD-05881,2023-06-20,Central,Consumer,Furniture,Chairs,Conference Chair,2,119.93,0.15,203.88,18.44,CUST-1122
ORD-00533,2023-06-20,West,Home Office,Technology,Computers,Monitor,2,249.97,0.1,449.95,84.73,CUST-0321
ORD-02249,2023-06-20,East,Consumer,Furniture,Bookcases,Shelf Unit,3,143.05,0.1,386.24,54.6,CUST-0046
ORD-04557,2023-06-20,West,Consumer,Technology,Phones,Phone B,5,188.6,0.1,848.7,164.12,CUST-0488
ORD-03253,2023-06-21,West,Corporate,Furniture,Tables,Desk,2,157.76,0.0,315.52,62.0,CUST-0957
ORD-03707,2023-06-21,East,Consumer,Furniture,Bookcases,Storage Cabinet,1,154.22,0.0,154.22,39.21,CUST-0514
ORD-03403,2023-06-21,East,Corporate,Technology,Phones,Phone B,1,315.51,0.1,283.96,46.93,CUST-0193
ORD-04418,2023-06-21,South,Consumer,Technology,Computers,Monitor,5,298.23,0.05,1416.59,309.51,CUST-0200
ORD-01655,2023-06-21,West,Consumer,Technology,Phones,Phone A,3,250.04,0.25,562.59,80.7,CUST-0045
ORD-00847,2023-06-21,Central,Home Office,Technology,Phones,Phone B,6,162.57,0.05,926.65,201.12,CUST-0201
ORD-02427,2023-06-22,South,Home Office,Furniture,Chairs,Task Chair,1,209.61,0.1,188.65,24.91,CUST-0448
ORD-00750,2023-06-22,East,Consumer,Furniture,Tables,Side Table,7,154.07,0.05,1024.57,150.47,CUST-0811
ORD-02868,2023-06-22,Central,Corporate,Technology,Computers,Desktop,7,175.62,0.05,1167.87,267.49,CUST-0653
ORD-01947,2023-06-22,Central,Home Office,Office Supplies,Binders,Presentation Binder,6,60.56,0.1,327.02,53.8,CUST-0921
ORD-05914,2023-06-22,West,Consumer,Office Supplies,Binders,Presentation Binder,3,66.38,0.2,159.31,24.7,CUST-0939
ORD-05151,2023-06-23,West,Consumer,Furniture,Bookcases,Shelf Unit,6,139.88,0.05,797.32,121.71,CUST-0612
ORD-00937,2023-06-23,West,Consumer,Office Supplies,Storage,Storage Box,6,49.85,0.2,239.28,36.37,CUST-0253
ORD-05937,2023-06-24,East,Consumer,Technology,Phones,Phone C,5,285.62,0.2,1142.48,213.92,CUST-1116
ORD-03351,2023-06-24,Central,Home Office,Furniture,Tables,Meeting Table,6,180.07,0.1,972.38,121.12,CUST-0139
ORD-05978,2023-06-25,South,Corporate,Furniture,Tables,Side Table,7,182.14,0.2,1019.98,98.0,CUST-1095
ORD-05457,2023-06-25,South,Consumer,Office Supplies,Storage,Storage Box,7,24.4,0.15,145.18,18.76,CUST-0190
ORD-01854,2023-06-25,East,Corporate,Furniture,Tables,Desk,1,166.2,0.05,157.89,14.02,CUST-0120
ORD-03163,2023-06-25,West,Consumer,Office Supplies,Binders,Binder,2,39.07,0.0,78.14,1.55,CUST-0554
ORD-01695,2023-06-25,West,Corporate,Office Supplies,Binders,Binder,5,53.0,0.1,238.5,33.55,CUST-0787
ORD-04884,2023-06-25,Central,Consumer,Furniture,Chairs,Task Chair,2,121.74,0.1,219.13,32.09,CUST-0095
ORD-00083,2023-06-26,Central,Consumer,Technology,Accessories,Mouse,5,248.35,0.15,1055.49,199.51,CUST-0874
ORD-01908,2023-06-26,East,Consumer,Office Supplies,Paper,Labels,6,48.11,0.15,245.36,39.24,CUST-0135
ORD-04957,2023-06-26,West,Consumer,Technology,Accessories,Mouse,4,219.3,0.1,789.48,158.92,CUST-0810
ORD-00287,2023-06-26,Central,Home Office,Office Supplies,Storage,Drawer Unit,7,65.4,0.05,434.91,77.74,CUST-0647
ORD-03365,2023-06-26,South,Home Office,Technology,Accessories,Mouse,2,134.81,0.2,215.7,49.01,CUST-0230
ORD-05846,2023-06-26,Central,Consumer,Office Supplies,Binders,Binder,4,56.86,0.0,227.44,47.91,CUST-0155
ORD-00178,2023-06-26,West,Consumer,Technology,Computers,Laptop,1,129.86,0.1,116.87,12.33,CUST-0299
ORD-03327,2023-06-26,South,Corporate,Furniture,Bookcases,Storage Cabinet,5,234.17,0.2,936.68,92.68,CUST-0231
ORD-02660,2023-06-26,Central,Home Office,Technology,Accessories,Headset,4,269.88,0.0,1079.52,258.7,CUST-0904
ORD-05542,2023-06-27,East,Home Office,Furniture,Chairs,Conference Chair,6,201.81,0.2,968.69,97.82,CUST-0748
ORD-05762,2023-06-27,East,Consumer,Office Supplies,Binders,Binder,5,53.87,0.25,202.01,32.4,CUST-1070
ORD-03322,2023-06-27,West,Consumer,Furniture,Bookcases,Bookcase,7,140.03,0.0,980.21,162.66,CUST-0123
ORD-02933,2023-06-27,West,Consumer,Technology,Phones,Phone B,5,321.15,0.0,1605.75,378.89,CUST-0599
ORD-03885,2023-06-27,South,Home Office,Furniture,Bookcases,Shelf Unit,2,203.46,0.1,366.23,49.39,CUST-0012
ORD-02369,2023-06-27,South,Corporate,Furniture,Chairs,Task Chair,1,147.61,0.2,118.09,6.3,CUST-0324
ORD-05042,2023-06-28,West,Corporate,Technology,Accessories,Headset,4,193.23,0.1,695.63,134.65,CUST-0011
ORD-02433,2023-06-28,Central,Corporate,Technology,Computers,Laptop,5,258.07,0.25,967.76,153.28,CUST-0305
ORD-04220,2023-06-28,East,Consumer,Technology,Phones,Phone A,2,233.4,0.1,420.12,101.99,CUST-0455
ORD-01487,2023-06-28,Central,Consumer,Furniture,Tables,Desk,3,165.66,0.0,496.98,66.99,CUST-0199
ORD-01556,2023-06-28,Central,Home Office,Technology,Accessories,Headset,2,180.98,0.0,361.96,84.94,CUST-0659
ORD-01778,2023-06-28,East,Consumer,Furniture,Tables,Desk,2,185.84,0.2,297.34,39.95,CUST-0671
ORD-02095,2023-06-28,South,Consumer,Office Supplies,Binders,File Folder,6,31.03,0.05,176.87,26.14,CUST-0044
ORD-01076,2023-06-29,West,Corporate,Furniture,Tables,Meeting Table,5,197.06,0.2,788.24,85.67,CUST-1057
ORD-01936,2023-06-29,East,Consumer,Furniture,Chairs,Task Chair,1,152.93,0.1,137.64,21.02,CUST-0844
ORD-02720,2023-06-29,East,Home Office,Furniture,Tables,Desk,7,176.97,0.0,1238.79,192.42,CUST-0149
ORD-04143,2023-06-29,Central,Consumer,Technology,Phones,Phone B,6,220.04,0.2,1056.19,188.38,CUST-0380
ORD-00623,2023-06-30,West,Home Office,Technology,Phones,Phone C,5,189.96,0.0,949.8,225.84,CUST-0013
ORD-03271,2023-06-30,West,Home Office,Technology,Computers,Laptop,4,155.13,0.05,589.49,131.28,CUST-0378
ORD-00350,2023-06-30,West,Consumer,Technology,Phones,Phone A,1,317.93,0.2,254.34,54.96,CUST-0460
ORD-01941,2023-06-30,South,Corporate,Office Supplies,Storage,Drawer Unit,1,50.99,0.15,43.34,-4.79,CUST-0573
ORD-04583,2023-06-30,East,Corporate,Technology,Accessories,Keyboard,1,243.48,0.0,243.48,57.13,CUST-0252
ORD-00467,2023-07-01,Central,Consumer,Office Supplies,Paper,Copy Paper,4,56.61,0.15,192.47,26.08,CUST-0456
ORD-04367,2023-07-01,East,Consumer,Technology,Accessories,Headset,5,304.59,0.0,1522.95,351.86,CUST-0491
ORD-05392,2023-07-01,West,Consumer,Office Supplies,Binders,Presentation Binder,4,54.42,0.15,185.03,16.89,CUST-0073
ORD-00041,2023-07-01,West,Consumer,Furniture,Tables,Side Table,5,153.87,0.25,577.01,43.55,CUST-1181
ORD-01637,2023-07-01,West,Home Office,Office Supplies,Binders,Binder,5,53.71,0.2,214.84,33.52,CUST-0152
ORD-04379,2023-07-01,West,Corporate,Furniture,Tables,Meeting Table,7,181.78,0.1,1145.21,158.14,CUST-0327
ORD-05381,2023-07-01,West,Corporate,Furniture,Tables,Meeting Table,7,178.16,0.1,1122.41,139.0,CUST-0750
ORD-05620,2023-07-01,Central,Consumer,Furniture,Bookcases,Shelf Unit,6,80.14,0.15,408.71,64.57,CUST-0780
ORD-00532,2023-07-01,East,Corporate,Office Supplies,Binders,File Folder,3,45.56,0.05,129.85,27.42,CUST-0651
ORD-05176,2023-07-01,South,Consumer,Office Supplies,Binders,Binder,2,49.09,0.2,78.54,0.85,CUST-0974
ORD-01850,2023-07-01,Central,Consumer,Furniture,Tables,Side Table,4,90.08,0.0,360.32,59.62,CUST-0449
ORD-01078,2023-07-01,Central,Consumer,Furniture,Chairs,Office Chair,4,204.39,0.1,735.8,102.62,CUST-1075
ORD-01596,2023-07-01,South,Consumer,Furniture,Bookcases,Shelf Unit,1,120.56,0.15,102.48,10.61,CUST-0152
ORD-02596,2023-07-02,Central,Consumer,Furniture,Bookcases,Bookcase,5,119.25,0.2,477.0,53.07,CUST-0877
ORD-00187,2023-07-02,Central,Corporate,Technology,Computers,Monitor,5,234.52,0.15,996.71,166.29,CUST-0136
ORD-03690,2023-07-03,West,Corporate,Technology,Computers,Desktop,2,209.34,0.0,418.68,95.05,CUST-1133
ORD-00703,2023-07-03,Central,Home Office,Technology,Computers,Laptop,2,246.8,0.1,444.24,82.86,CUST-0503
ORD-02200,2023-07-03,West,Consumer,Office Supplies,Paper,Labels,7,78.33,0.05,520.89,101.73,CUST-0841
ORD-00168,2023-07-03,East,Consumer,Furniture,Bookcases,Bookcase,1,95.82,0.05,91.03,12.01,CUST-0084
ORD-03559,2023-07-03,South,Corporate,Technology,Accessories,Headset,3,241.19,0.15,615.03,112.16,CUST-1195
ORD-02297,2023-07-03,South,Corporate,Furniture,Tables,Desk,5,130.32,0.05,619.02,93.39,CUST-0077
ORD-02328,2023-07-04,South,Consumer,Furniture,Bookcases,Bookcase,7,123.88,0.0,867.16,143.36,CUST-0040
ORD-05450,2023-07-04,South,Corporate,Furniture,Bookcases,Shelf Unit,3,202.11,0.15,515.38,54.81,CUST-0078
ORD-05888,2023-07-04,Central,Corporate,Technology,Phones,Phone B,2,207.9,0.25,311.85,55.51,CUST-0066
ORD-05851,2023-07-05,West,Corporate,Furniture,Chairs,Task Chair,6,218.14,0.0,1308.84,223.03,CUST-0965
ORD-03517,2023-07-05,Central,Consumer,Office Supplies,Storage,Organizer,5,54.01,0.15,229.54,26.1,CUST-0485
ORD-02940,2023-07-05,South,Corporate,Office Supplies,Binders,Presentation Binder,1,26.46,0.0,26.46,9.81,CUST-1084
ORD-03049,2023-07-05,East,Consumer,Furniture,Bookcases,Shelf Unit,3,127.05,0.0,381.15,60.86,CUST-0637
ORD-00685,2023-07-05,East,Consumer,Technology,Computers,Monitor,5,230.96,0.05,1097.06,241.16,CUST-0823
ORD-03524,2023-07-05,East,Consumer,Technology,Computers,Laptop,5,211.46,0.25,792.97,129.86,CUST-0180
ORD-03180,2023-07-06,West,Consumer,Office Supplies,Binders,Binder,7,72.06,0.05,479.2,80.69,CUST-0676
ORD-02534,2023-07-06,West,Corporate,Technology,Computers,Desktop,1,201.25,0.0,201.25,52.06,CUST-0126
ORD-03562,2023-07-06,West,Consumer,Office Supplies,Paper,Labels,4,73.9,0.1,266.04,50.21,CUST-0218
ORD-00262,2023-07-06,Central,Consumer,Office Supplies,Storage,Organizer,6,75.54,0.1,407.92,68.47,CUST-1036
ORD-04283,2023-07-06,East,Home Office,Office Supplies,Binders,Binder,6,38.93,0.1,210.22,32.44,CUST-0224
ORD-05418,2023-07-06,South,Corporate,Office Supplies,Storage,Organizer,3,35.12,0.15,89.56,12.16,CUST-1039
ORD-04682,2023-07-06,Central,Consumer,Office Supplies,Storage,Organizer,3,35.57,0.0,106.71,7.28,CUST-0163
ORD-05299,2023-07-06,East,Consumer,Office Supplies,Paper,Notebooks,6,67.75,0.15,345.52,44.96,CUST-0559
ORD-04372,2023-07-06,South,Consumer,Office Supplies,Paper,Copy Paper,2,51.26,0.0,102.52,13.53,CUST-0676
ORD-01193,2023-07-06,Central,Consumer,Office Supplies,Binders,Presentation Binder,1,69.58,0.15,59.14,-0.53,CUST-0955
ORD-00704,2023-07-07,Central,Consumer,Office Supplies,Binders,File Folder,2,51.3,0.0,102.6,8.51,CUST-0576
ORD-01433,2023-07-07,South,Consumer,Office Supplies,Storage,Organizer,3,70.12,0.0,210.36,44.39,CUST-0570
ORD-05377,2023-07-07,Central,Consumer,Office Supplies,Binders,File Folder,7,53.66,0.05,356.84,40.49,CUST-0282
ORD-02450,2023-07-08,West,Consumer,Furniture,Chairs,Task Chair,1,234.94,0.1,211.45,37.68,CUST-0441
ORD-02805,2023-07-08,West,Corporate,Technology,Accessories,Mouse,6,326.35,0.0,1958.1,445.35,CUST-0112
ORD-02051,2023-07-08,East,Consumer,Furniture,Bookcases,Storage Cabinet,2,188.63,0.15,320.67,41.45,CUST-1115
ORD-02103,2023-07-08,East,Corporate,Office Supplies,Paper,Notebooks,5,55.03,0.1,247.64,32.39,CUST-0485
ORD-01032,2023-07-09,West,Corporate,Office Supplies,Binders,Binder,1,47.93,0.1,43.14,7.22,CUST-1134
ORD-00908,2023-07-09,South,Corporate,Technology,Accessories,Keyboard,2,249.84,0.25,374.76,60.98,CUST-0220
ORD-05096,2023-07-09,South,Consumer,Technology,Computers,Desktop,5,267.25,0.0,1336.25,307.1,CUST-0585
ORD-03257,2023-07-09,Central,Corporate,Furniture,Chairs,Office Chair,6,214.92,0.15,1096.09,131.85,CUST-1108
ORD-01616,2023-07-09,West,Consumer,Office Supplies,Binders,Binder,4,67.37,0.15,229.06,19.41,CUST-0540
ORD-02931,2023-07-10,South,Corporate,Furniture,Chairs,Office Chair,7,183.14,0.15,1089.68,127.74,CUST-0380
ORD-03289,2023-07-10,West,Home Office,Technology,Computers,Laptop,1,189.67,0.0,189.67,35.16,CUST-0274
ORD-05961,2023-07-11,East,Consumer,Furniture,Bookcases,Bookcase,7,186.62,0.1,1175.71,141.36,CUST-0376
ORD-03950,2023-07-11,South,Home Office,Office Supplies,Storage,Storage Box,2,39.35,0.0,78.7,15.47,CUST-0965
ORD-03052,2023-07-11,West,Consumer,Technology,Accessories,Keyboard,6,245.56,0.15,1252.36,229.85,CUST-1184
ORD-04634,2023-07-11,Central,Consumer,Technology,Phones,Phone C,6,248.97,0.15,1269.75,247.13,CUST-0115
ORD-00544,2023-07-11,East,Consumer,Furniture,Bookcases,Bookcase,2,247.36,0.05,469.98,67.06,CUST-0497
ORD-05073,2023-07-11,East,Consumer,Furniture,Chairs,Office Chair,1,199.92,0.0,199.92,39.36,CUST-0691
ORD-03097,2023-07-11,East,Consumer,Technology,Computers,Desktop,7,239.87,0.2,1343.27,229.65,CUST-0993
ORD-03761,2023-07-11,East,Corporate,Furniture,Chairs,Task Chair,5,220.35,0.1,991.58,124.35,CUST-0278
ORD-05486,2023-07-11,South,Corporate,Office Supplies,Binders,Binder,5,55.06,0.2,220.24,16.27,CUST-0978
ORD-00411,2023-07-11,Central,Consumer,Office Supplies,Binders,Binder,4,29.44,0.15,100.1,11.45,CUST-0041
ORD-02370,2023-07-12,West,Corporate,Technology,Computers,Desktop,3,194.4,0.1,524.88,116.42,CUST-1136
ORD-00761,2023-07-12,South,Home Office,Technology,Computers,Desktop,5,190.71,0.2,762.84,137.51,CUST-0226
ORD-00259,2023-07-12,Central,Consumer,Technology,Phones,Phone A,3,246.13,0.05,701.47,161.4,CUST-0196
ORD-03196,2023-07-12,West,Consumer,Furniture,Bookcases,Storage Cabinet,3,150.8,0.05,429.78,78.2,CUST-0070
ORD-02248,2023-07-13,East,Consumer,Technology,Phones,Phone C,5,204.08,0.15,867.34,170.76,CUST-0384
ORD-02368,2023-07-13,South,Corporate,Technology,Phones,Phone A,7,273.55,0.15,1627.62,300.87,CUST-1132
ORD-03088,2023-07-13,East,Consumer,Office Supplies,Paper,Copy Paper,7,37.98,0.1,239.27,34.99,CUST-0675
ORD-02147,2023-07-13,South,Consumer,Office Supplies,Binders,File Folder,3,63.98,0.1,172.75,31.91,CUST-0767
ORD-02478,2023-07-13,West,Home Office,Furniture,Tables,Meeting Table,7,182.91,0.0,1280.37,217.36,CUST-1084
ORD-03787,2023-07-13,West,Corporate,Office Supplies,Binders,Binder,3,50.83,0.0,152.49,33.22,CUST-0172
ORD-00661,2023-07-13,East,Consumer,Office Supplies,Storage,Organizer,3,59.61,0.2,143.06,16.07,CUST-0445
ORD-00230,2023-07-13,West,Consumer,Office Supplies,Binders,Binder,6,70.64,0.15,360.26,50.68,CUST-1103
ORD-03888,2023-07-13,East,Consumer,Technology,Accessories,Keyboard,3,208.9,0.1,564.03,126.46,CUST-0738
ORD-03792,2023-07-13,West,Consumer,Office Supplies,Binders,Presentation Binder,4,51.67,0.05,196.35,36.85,CUST-0141
ORD-05493,2023-07-13,West,Home Office,Furniture,Tables,Desk,2,203.62,0.1,366.52,52.09,CUST-0227
ORD-01174,2023-07-14,West,Consumer,Technology,Accessories,Keyboard,2,209.94,0.1,377.89,64.82,CUST-0144
ORD-02275,2023-07-14,West,Consumer,Technology,Accessories,Mouse,5,247.47,0.2,989.88,166.29,CUST-0665
ORD-05303,2023-07-14,East,Corporate,Furniture,Bookcases,Shelf Unit,1,179.56,0.05,170.58,29.39,CUST-0909
ORD-01405,2023-07-14,West,Consumer,Furniture,Tables,Side Table,3,245.44,0.1,662.69,81.67,CUST-0979
ORD-04226,2023-07-14,East,Consumer,Furniture,Bookcases,Storage Cabinet,7,135.05,0.25,709.01,72.74,CUST-0946
ORD-02032,2023-07-14,South,Consumer,Technology,Accessories,Mouse,6,232.23,0.0,1393.38,322.8,CUST-0275
ORD-04773,2023-07-14,East,Corporate,Furniture,Tables,Side Table,3,155.01,0.15,395.28,40.16,CUST-0835
ORD-01883,2023-07-14,Central,Corporate,Furniture,Tables,Desk,4,265.47,0.1,955.69,120.99,CUST-0719
ORD-03879,2023-07-15,Central,Corporate,Furniture,Chairs,Office Chair,1,165.19,0.0,165.19,20.79,CUST-0377
ORD-01702,2023-07-15,West,Consumer,Technology,Computers,Desktop,3,238.11,0.15,607.18,106.37,CUST-0856
ORD-03824,2023-07-15,East,Corporate,Furniture,Tables,Meeting Table,1,230.32,0.15,195.77,17.18,CUST-0743
ORD-00392,2023-07-16,Central,Home Office,Technology,Accessories,Headset,7,195.05,0.15,1160.55,222.03,CUST-0244
ORD-02381,2023-07-16,East,Corporate,Office Supplies,Binders,Presentation Binder,6,35.81,0.0,214.86,58.51,CUST-0422
ORD-01886,2023-07-16,South,Consumer,Technology,Accessories,Keyboard,2,328.43,0.05,624.02,138.07,CUST-0041
ORD-05391,2023-07-16,Central,Corporate,Furniture,Tables,Desk,2,168.07,0.1,302.53,40.97,CUST-0439
ORD-00251,2023-07-16,South,Consumer,Office Supplies,Paper,Copy Paper,2,50.47,0.1,90.85,4.4,CUST-0259
ORD-04391,2023-07-17,East,Corporate,Technology,Accessories,Headset,2,218.72,0.15,371.82,69.98,CUST-1092
ORD-02483,2023-07-17,West,Consumer,Technology,Phones,Phone B,7,198.94,0.2,1114.06,186.91,CUST-0536
ORD-04628,2023-07-18,South,Consumer,Office Supplies,Binders,Binder,2,66.2,0.15,112.54,20.3,CUST-0977
ORD-00469,2023-07-18,West,Corporate,Technology,Accessories,Mouse,6,244.14,0.1,1318.36,263.18,CUST-0402
ORD-00349,2023-07-18,Central,Corporate,Furniture,Tables,Meeting Table,4,168.31,0.0,673.24,103.81,CUST-0677
ORD-02613,2023-07-18,West,Consumer,Technology,Accessories,Headset,3,224.02,0.0,672.06,163.99,CUST-0931
ORD-01106,2023-07-18,East,Consumer,Technology,Computers,Desktop,4,152.53,0.2,488.1,69.13,CUST-0788
ORD-05474,2023-07-18,East,Consumer,Office Supplies,Storage,Organizer,7,72.04,0.05,479.07,78.56,CUST-1025
ORD-03668,2023-07-18,West,Corporate,Office Supplies,Binders,Binder,1,44.83,0.2,35.86,-7.88,CUST-1064
ORD-04168,2023-07-18,East,Consumer,Furniture,Chairs,Office Chair,7,238.35,0.1,1501.6,191.35,CUST-0564
ORD-00564,2023-07-18,East,Corporate,Office Supplies,Binders,Binder,5,52.21,0.1,234.95,45.96,CUST-0977
ORD-04929,2023-07-19,East,Corporate,Furniture,Tables,Side Table,4,157.67,0.25,473.01,35.36,CUST-0995
ORD-01639,2023-07-19,East,Consumer,Technology,Phones,Phone C,1,165.48,0.0,165.48,45.85,CUST-1005
ORD-03087,2023-07-19,West,Corporate,Technology,Accessories,Headset,1,216.51,0.05,205.68,40.99,CUST-0057
ORD-05940,2023-07-20,South,Consumer,Technology,Phones,Phone B,3,262.71,0.1,709.32,148.13,CUST-0209
ORD-01929,2023-07-20,Central,Home Office,Technology,Accessories,Headset,2,202.69,0.15,344.57,73.22,CUST-0977
ORD-00023,2023-07-20,West,Home Office,Office Supplies,Paper,Copy Paper,2,36.77,0.15,62.51,23.8,CUST-1156
ORD-00635,2023-07-20,Central,Corporate,Office Supplies,Storage,Drawer Unit,2,45.94,0.05,87.29,9.35,CUST-0731
ORD-02926,2023-07-20,East,Consumer,Furniture,Tables,Desk,1,202.66,0.15,172.26,16.96,CUST-0241
ORD-05329,2023-07-20,South,Home Office,Office Supplies,Storage,Organizer,7,55.47,0.2,310.63,51.71,CUST-1190
ORD-03099,2023-07-21,Central,Home Office,Office Supplies,Storage,Storage Box,5,45.41,0.1,204.34,50.26,CUST-1128
ORD-02385,2023-07-21,East,Consumer,Technology,Phones,Phone A,3,279.07,0.0,837.21,204.98,CUST-0115
ORD-03935,2023-07-21,Central,Home Office,Office Supplies,Paper,Copy Paper,3,61.47,0.15,156.75,28.09,CUST-1156
ORD-00912,2023-07-21,West,Corporate,Furniture,Bookcases,Storage Cabinet,7,208.97,0.0,1462.79,241.12,CUST-1123
ORD-05618,2023-07-21,Central,Corporate,Office Supplies,Paper,Notebooks,2,80.18,0.1,144.32,16.67,CUST-0218
ORD-04331,2023-07-22,East,Consumer,Office Supplies,Storage,Organizer,4,46.68,0.05,177.38,26.55,CUST-0618
ORD-05271,2023-07-22,West,Home Office,Office Supplies,Storage,Drawer Unit,6,58.87,0.05,335.56,42.17,CUST-0252
ORD-01432,2023-07-22,South,Corporate,Technology,Accessories,Mouse,5,280.15,0.05,1330.71,284.16,CUST-0043
ORD-01663,2023-07-23,West,Home Office,Technology,Phones,Phone B,2,155.51,0.15,264.37,57.62,CUST-1131
ORD-01891,2023-07-23,East,Consumer,Technology,Computers,Desktop,2,222.21,0.15,377.76,70.31,CUST-0344
ORD-03290,2023-07-23,South,Consumer,Office Supplies,Binders,File Folder,2,58.98,0.25,88.47,24.18,CUST-0148
ORD-02741,2023-07-23,Central,Corporate,Technology,Accessories,Headset,4,269.83,0.05,1025.35,221.38,CUST-0975
ORD-02929,2023-07-23,South,Corporate,Furniture,Bookcases,Bookcase,4,221.72,0.1,798.19,102.37,CUST-0124
ORD-04408,2023-07-23,Central,Corporate,Technology,Accessories,Keyboard,3,172.66,0.0,517.98,122.09,CUST-0659
ORD-01798,2023-07-23,West,Consumer,Furniture,Bookcases,Shelf Unit,5,168.51,0.1,758.3,86.73,CUST-0934
ORD-05496,2023-07-24,West,Corporate,Office Supplies,Paper,Labels,1,38.43,0.15,32.67,1.15,CUST-0827
ORD-01345,2023-07-24,Central,Consumer,Furniture,Chairs,Task Chair,6,90.26,0.0,541.56,78.4,CUST-0988
ORD-04156,2023-07-24,Central,Corporate,Office Supplies,Storage,Storage Box,6,44.49,0.1,240.25,35.68,CUST-0171
ORD-02674,2023-07-25,West,Corporate,Technology,Accessories,Keyboard,3,161.96,0.25,364.41,61.2,CUST-0871
ORD-04019,2023-07-25,East,Consumer,Technology,Accessories,Headset,3,217.82,0.15,555.44,96.56,CUST-0363
ORD-01960,2023-07-25,Central,Home Office,Technology,Phones,Phone C,7,267.99,0.2,1500.74,255.4,CUST-0848
ORD-03529,2023-07-25,West,Corporate,Furniture,Tables,Meeting Table,4,196.92,0.15,669.53,82.14,CUST-0926
ORD-03359,2023-07-25,West,Home Office,Technology,Accessories,Headset,7,201.0,0.15,1195.95,230.41,CUST-0287
ORD-01326,2023-07-25,Central,Consumer,Furniture,Tables,Meeting Table,7,128.52,0.15,764.69,106.14,CUST-1105
ORD-02944,2023-07-25,South,Consumer,Technology,Phones,Phone B,5,200.19,0.15,850.81,164.45,CUST-0326
ORD-05905,2023-07-25,South,Consumer,Technology,Accessories,Keyboard,5,319.45,0.05,1517.39,340.48,CUST-0608
ORD-04983,2023-07-25,South,Corporate,Office Supplies,Binders,File Folder,5,53.6,0.15,227.8,29.08,CUST-0647
ORD-02738,2023-07-26,Central,Corporate,Office Supplies,Binders,File Folder,5,43.0,0.05,204.25,35.89,CUST-1164
ORD-01534,2023-07-26,West,Corporate,Office Supplies,Binders,File Folder,2,45.85,0.0,91.7,10.44,CUST-0053
ORD-04564,2023-07-26,West,Consumer,Furniture,Tables,Desk,3,178.22,0.05,507.93,86.22,CUST-0356
ORD-03256,2023-07-26,South,Home Office,Technology,Accessories,Headset,7,216.44,0.0,1515.08,345.13,CUST-1171
ORD-00253,2023-07-26,East,Corporate,Office Supplies,Binders,File Folder,2,41.75,0.1,75.15,17.84,CUST-0097
ORD-03776,2023-07-26,West,Consumer,Furniture,Chairs,Conference Chair,1,240.78,0.15,204.66,27.58,CUST-0640
ORD-04491,2023-07-26,South,Consumer,Furniture,Bookcases,Bookcase,7,163.75,0.25,859.69,74.95,CUST-1133
ORD-03394,2023-07-26,East,Consumer,Office Supplies,Binders,Presentation Binder,3,48.05,0.15,122.53,29.74,CUST-0222
ORD-04796,2023-07-27,Central,Corporate,Technology,Accessories,Headset,7,244.57,0.1,1540.79,310.16,CUST-0752
ORD-02071,2023-07-27,West,Home Office,Office Supplies,Storage,Drawer Unit,3,40.3,0.1,108.81,26.13,CUST-0289
ORD-01651,2023-07-27,South,Corporate,Technology,Accessories,Mouse,1,248.79,0.25,186.59,30.79,CUST-0712
ORD-04009,2023-07-27,East,Corporate,Technology,Accessories,Keyboard,4,219.99,0.15,747.97,147.41,CUST-0793
ORD-02810,2023-07-27,Central,Home Office,Office Supplies,Binders,File Folder,6,40.41,0.0,242.46,48.41,CUST-0898
ORD-00072,2023-07-27,South,Consumer,Office Supplies,Paper,Copy Paper,1,18.13,0.05,17.22,2.24,CUST-1168
ORD-03045,2023-07-27,West,Consumer,Office Supplies,Paper,Notebooks,4,69.19,0.0,276.76,51.07,CUST-0153
ORD-04905,2023-07-27,South,Consumer,Furniture,Bookcases,Bookcase,4,145.3,0.15,494.02,47.32,CUST-0999
ORD-04103,2023-07-28,Central,Consumer,Furniture,Bookcases,Storage Cabinet,2,229.54,0.0,459.08,74.77,CUST-0925
ORD-04871,2023-07-28,East,Consumer,Furniture,Bookcases,Shelf Unit,3,153.52,0.0,460.56,75.91,CUST-0129
ORD-04875,2023-07-28,West,Consumer,Technology,Phones,Phone B,4,163.44,0.2,523.01,92.54,CUST-0658
ORD-04448,2023-07-28,West,Consumer,Technology,Computers,Laptop,6,193.59,0.25,871.16,124.92,CUST-0548
ORD-05681,2023-07-28,East,Home Office,Furniture,Bookcases,Storage Cabinet,5,178.03,0.1,801.14,117.07,CUST-0304
ORD-03913,2023-07-29,Central,Consumer,Office Supplies,Storage,Organizer,3,35.47,0.05,101.09,13.56,CUST-1164
ORD-01523,2023-07-29,Central,Consumer,Office Supplies,Paper,Labels,1,53.38,0.1,48.04,18.65,CUST-0341
ORD-01178,2023-07-29,South,Corporate,Office Supplies,Storage,Storage Box,4,49.7,0.1,178.92,28.7,CUST-0267
ORD-02392,2023-07-30,West,Consumer,Furniture,Bookcases,Shelf Unit,2,170.73,0.15,290.24,36.92,CUST-0247
ORD-00523,2023-07-30,East,Consumer,Furniture,Tables,Meeting Table,6,137.83,0.0,826.98,146.0,CUST-0439
ORD-04985,2023-07-30,Central,Home Office,Furniture,Tables,Meeting Table,3,205.59,0.1,555.09,66.7,CUST-0802
ORD-03295,2023-07-30,East,Corporate,Office Supplies,Paper,Labels,4,47.41,0.15,161.19,16.35,CUST-0935
ORD-03194,2023-07-30,West,Consumer,Furniture,Chairs,Conference Chair,3,241.67,0.05,688.76,109.91,CUST-0198
ORD-05969,2023-07-31,South,Corporate,Technology,Accessories,Keyboard,4,213.75,0.05,812.25,175.54,CUST-0556
ORD-01113,2023-07-31,Central,Consumer,Office Supplies,Paper,Copy Paper,3,51.79,0.0,155.37,22.08,CUST-0414
ORD-04248,2023-07-31,East,Consumer,Furniture,Bookcases,Shelf Unit,2,199.37,0.0,398.74,49.34,CUST-1064
ORD-04956,2023-07-31,Central,Corporate,Office Supplies,Paper,Labels,1,22.69,0.1,20.42,11.52,CUST-0561
ORD-02220,2023-07-31,East,Corporate,Furniture,Bookcases,Shelf Unit,4,141.5,0.05,537.7,76.12,CUST-0307
ORD-02993,2023-07-31,South,Home Office,Office Supplies,Paper,Copy Paper,2,54.13,0.05,102.85,27.05,CUST-0143
ORD-02554,2023-07-31,East,Consumer,Furniture,Tables,Side Table,5,221.76,0.1,997.92,120.51,CUST-0985
ORD-00888,2023-07-31,South,Corporate,Technology,Computers,Monitor,7,218.06,0.05,1450.1,311.51,CUST-1069
ORD-04581,2023-08-01,East,Consumer,Technology,Computers,Desktop,6,216.59,0.15,1104.61,211.34,CUST-0739
ORD-05781,2023-08-01,Central,Corporate,Office Supplies,Paper,Copy Paper,2,68.89,0.1,124.0,12.59,CUST-0516
ORD-05953,2023-08-01,West,Consumer,Office Supplies,Binders,File Folder,1,44.91,0.05,42.66,-3.97,CUST-0932
ORD-02861,2023-08-01,Central,Home Office,Office Supplies,Paper,Labels,2,63.48,0.0,126.96,26.28,CUST-0296
ORD-03693,2023-08-02,South,Home Office,Office Supplies,Storage,Storage Box,4,80.45,0.0,321.8,63.82,CUST-0542
ORD-00543,2023-08-02,South,Consumer,Technology,Computers,Laptop,5,105.4,0.05,500.65,114.82,CUST-0975
ORD-02851,2023-08-02,South,Consumer,Furniture,Bookcases,Shelf Unit,6,219.25,0.15,1118.18,137.87,CUST-0555
ORD-05168,2023-08-02,South,Corporate,Technology,Accessories,Keyboard,7,270.22,0.15,1607.81,303.42,CUST-0810
ORD-00052,2023-08-02,East,Corporate,Office Supplies,Binders,File Folder,7,71.43,0.15,425.01,63.1,CUST-1106
ORD-03182,2023-08-02,West,Corporate,Technology,Phones,Phone C,4,247.12,0.1,889.63,170.96,CUST-0276
ORD-01115,2023-08-02,Central,Consumer,Technology,Phones,Phone B,4,185.71,0.15,631.41,123.22,CUST-0641
ORD-02890,2023-08-02,East,Consumer,Furniture,Tables,Meeting Table,2,215.77,0.0,431.54,79.68,CUST-0976
ORD-05763,2023-08-02,East,Corporate,Technology,Phones,Phone B,1,258.21,0.05,245.3,64.8,CUST-0997
ORD-03258,2023-08-03,East,Consumer,Furniture,Tables,Desk,2,180.63,0.1,325.13,48.73,CUST-0682
ORD-02466,2023-08-03,South,Corporate,Furniture,Bookcases,Shelf Unit,3,174.16,0.15,444.11,58.48,CUST-0779
ORD-03837,2023-08-04,East,Home Office,Technology,Computers,Monitor,3,330.39,0.15,842.49,166.73,CUST-0538
ORD-00993,2023-08-04,East,Consumer,Technology,Accessories,Keyboard,6,251.76,0.1,1359.5,273.57,CUST-1016
ORD-04492,2023-08-04,South,Corporate,Office Supplies,Storage,Storage Box,1,44.36,0.15,37.71,12.85,CUST-0208
ORD-04827,2023-08-04,South,Consumer,Office Supplies,Paper,Notebooks,1,42.45,0.05,40.33,-6.13,CUST-0859
ORD-03153,2023-08-04,West,Corporate,Technology,Accessories,Mouse,3,269.17,0.1,726.76,154.0,CUST-0326
ORD-00398,2023-08-04,East,Home Office,Technology,Accessories,Keyboard,7,187.1,0.1,1178.73,228.79,CUST-1146
ORD-03909,2023-08-04,South,Consumer,Technology,Phones,Phone B,3,183.7,0.15,468.43,86.72,CUST-0868
ORD-01770,2023-08-04,Central,Corporate,Technology,Accessories,Headset,6,169.0,0.1,912.6,179.01,CUST-0003
ORD-05911,2023-08-04,West,Consumer,Technology,Computers,Laptop,5,216.12,0.1,972.54,178.41,CUST-0856
ORD-02813,2023-08-05,Central,Home Office,Furniture,Bookcases,Bookcase,3,202.4,0.1,546.48,70.15,CUST-0240
ORD-05001,2023-08-05,Central,Corporate,Office Supplies,Storage,Organizer,1,44.52,0.0,44.52,15.9,CUST-0320
ORD-04844,2023-08-05,Central,Corporate,Furniture,Chairs,Task Chair,3,156.62,0.0,469.86,74.7,CUST-0301
ORD-05234,2023-08-05,Central,Consumer,Furniture,Chairs,Conference Chair,2,97.24,0.0,194.48,19.17,CUST-0805
ORD-02094,2023-08-05,West,Consumer,Technology,Accessories,Keyboard,7,207.37,0.0,1451.59,345.06,CUST-0540
ORD-04791,2023-08-05,Central,Consumer,Technology,Computers,Laptop,5,276.78,0.05,1314.7,285.62,CUST-0624
ORD-05465,2023-08-05,Central,Corporate,Technology,Phones,Phone A,5,188.47,0.15,801.0,151.65,CUST-0962
ORD-03040,2023-08-05,West,Corporate,Furniture,Tables,Desk,2,150.2,0.2,240.32,30.6,CUST-0626
ORD-03024,2023-08-06,South,Consumer,Office Supplies,Storage,Drawer Unit,2,28.16,0.15,47.87,4.33,CUST-0893
ORD-02745,2023-08-06,Central,Consumer,Furniture,Chairs,Task Chair,3,197.12,0.1,532.22,66.78,CUST-1053
ORD-01787,2023-08-06,West,Corporate,Furniture,Tables,Desk,6,198.47,0.25,893.12,80.77,CUST-1096
ORD-04656,2023-08-06,Central,Consumer,Office Supplies,Paper,Notebooks,6,69.54,0.15,354.65,38.6,CUST-0867
ORD-00838,2023-08-06,East,Consumer,Office Supplies,Binders,File Folder,1,42.09,0.1,37.88,2.76,CUST-0507
ORD-05280,2023-08-06,West,Consumer,Office Supplies,Storage,Drawer Unit,2,40.23,0.05,76.44,24.0,CUST-0793
ORD-04159,2023-08-07,East,Home Office,Technology,Accessories,Headset,4,256.34,0.0,1025.36,231.34,CUST-0531
ORD-04578,2023-08-07,East,Home Office,Furniture,Chairs,Task Chair,2,209.87,0.15,356.78,48.22,CUST-0250
ORD-01704,2023-08-07,West,Corporate,Furniture,Bookcases,Shelf Unit,7,151.59,0.0,1061.13,172.67,CUST-0365
ORD-03965,2023-08-07,East,Consumer,Furniture,Chairs,Task Chair,7,212.92,0.0,1490.44,240.55,CUST-0721
ORD-00426,2023-08-07,West,Corporate,Furniture,Chairs,Office Chair,4,212.61,0.1,765.4,108.04,CUST-0140
ORD-05943,2023-08-07,East,Corporate,Office Supplies,Binders,File Folder,1,75.62,0.2,60.5,8.28,CUST-0805
ORD-02511,2023-08-07,East,Consumer,Office Supplies,Storage,Storage Box,5,64.85,0.1,291.82,58.51,CUST-0047
ORD-01085,2023-08-08,West,Corporate,Office Supplies,Storage,Storage Box,3,61.98,0.1,167.35,20.46,CUST-0466
ORD-05717,2023-08-08,East,Consumer,Furniture,Tables,Meeting Table,3,253.87,0.25,571.21,56.47,CUST-0781
ORD-04164,2023-08-08,South,Consumer,Technology,Accessories,Mouse,4,113.88,0.15,387.19,78.02,CUST-0665
ORD-00102,2023-08-08,East,Consumer,Furniture,Tables,Desk,5,181.83,0.05,863.69,124.21,CUST-0980
ORD-02815,2023-08-08,West,Consumer,Office Supplies,Paper,Notebooks,4,52.73,0.0,210.92,36.65,CUST-0403
ORD-03288,2023-08-08,South,Corporate,Office Supplies,Storage,Drawer Unit,7,75.36,0.0,527.52,100.75,CUST-0052
ORD-05177,2023-08-08,Central,Consumer,Office Supplies,Storage,Storage Box,7,41.6,0.0,291.2,59.51,CUST-0337
ORD-03504,2023-08-09,South,Home Office,Technology,Computers,Laptop,6,303.19,0.1,1637.23,323.76,CUST-0064
ORD-00009,2023-08-09,East,Corporate,Furniture,Tables,Meeting Table,7,222.91,0.15,1326.31,160.05,CUST-0251
ORD-05623,2023-08-09,East,Home Office,Furniture,Chairs,Office Chair,6,154.88,0.05,882.82,123.2,CUST-1089
ORD-02349,2023-08-09,Central,Consumer,Technology,Computers,Laptop,3,204.49,0.1,552.12,99.27,CUST-0717
ORD-03894,2023-08-09,East,Consumer,Technology,Accessories,Keyboard,1,296.1,0.0,296.1,57.78,CUST-0257
ORD-04262,2023-08-10,South,Consumer,Furniture,Bookcases,Bookcase,4,220.94,0.05,839.57,117.84,CUST-0973
ORD-02116,2023-08-10,South,Consumer,Office Supplies,Storage,Organizer,4,49.99,0.05,189.96,41.49,CUST-0591
ORD-00653,2023-08-10,West,Consumer,Office Supplies,Storage,Organizer,6,70.99,0.25,319.45,37.98,CUST-0501
ORD-04886,2023-08-10,West,Corporate,Technology,Computers,Desktop,5,315.75,0.2,1263.0,228.1,CUST-0029
ORD-02900,2023-08-10,East,Home Office,Furniture,Bookcases,Shelf Unit,5,205.52,0.25,770.7,78.54,CUST-0717
ORD-01364,2023-08-10,South,Corporate,Furniture,Bookcases,Storage Cabinet,1,161.59,0.2,129.27,6.39,CUST-0314
ORD-00872,2023-08-10,East,Corporate,Office Supplies,Storage,Organizer,6,54.77,0.0,328.62,58.13,CUST-0876
ORD-01796,2023-08-10,East,Corporate,Furniture,Bookcases,Storage Cabinet,2,185.66,0.0,371.32,59.62,CUST-1125
ORD-05667,2023-08-10,West,Consumer,Office Supplies,Binders,Presentation Binder,7,59.04,0.2,330.62,42.83,CUST-0510
ORD-00224,2023-08-10,Central,Corporate,Furniture,Tables,Desk,6,137.24,0.15,699.92,81.56,CUST-0696
ORD-00664,2023-08-10,Central,Home Office,Furniture,Chairs,Task Chair,5,178.12,0.15,757.01,87.33,CUST-0896
ORD-02773,2023-08-11,East,Consumer,Furniture,Tables,Desk,3,141.28,0.1,381.46,42.35,CUST-0209
ORD-03832,2023-08-11,Central,Consumer,Office Supplies,Paper,Copy Paper,2,61.47,0.05,116.79,32.06,CUST-0679
ORD-02643,2023-08-11,South,Consumer,Furniture,Bookcases,Shelf Unit,1,122.28,0.05,116.17,21.49,CUST-0657
ORD-00339,2023-08-11,West,Corporate,Office Supplies,Paper,Labels,2,64.97,0.0,129.94,23.07,CUST-1024
ORD-03736,2023-08-12,South,Home Office,Technology,Accessories,Headset,3,200.32,0.25,450.72,82.63,CUST-1034
ORD-04811,2023-08-12,East,Consumer,Furniture,Tables,Desk,5,214.54,0.15,911.8,110.71,CUST-0779
ORD-05796,2023-08-12,Central,Corporate,Furniture,Bookcases,Bookcase,6,75.51,0.15,385.1,65.26,CUST-0703
ORD-04570,2023-08-12,South,Home Office,Office Supplies,Paper,Copy Paper,5,80.35,0.2,321.4,45.66,CUST-0015
ORD-05175,2023-08-13,East,Consumer,Furniture,Chairs,Task Chair,6,124.19,0.15,633.37,78.29,CUST-0111
ORD-04059,2023-08-13,Central,Consumer,Technology,Accessories,Mouse,6,212.91,0.2,1021.97,178.96,CUST-0824
ORD-01740,2023-08-13,Central,Consumer,Office Supplies,Binders,Binder,3,53.91,0.0,161.73,31.72,CUST-0382
ORD-02765,2023-08-13,West,Home Office,Technology,Computers,Monitor,2,194.79,0.1,350.62,69.36,CUST-0210
ORD-02496,2023-08-14,East,Consumer,Technology,Phones,Phone C,2,214.09,0.1,385.36,84.27,CUST-0039
ORD-05979,2023-08-14,Central,Home Office,Furniture,Bookcases,Bookcase,3,187.3,0.15,477.62,56.73,CUST-0441
ORD-02870,2023-08-14,East,Consumer,Office Supplies,Binders,Presentation Binder,1,61.62,0.1,55.46,-5.46,CUST-0779
ORD-03079,2023-08-14,East,Consumer,Technology,Accessories,Mouse,3,220.52,0.05,628.48,140.28,CUST-0009
ORD-01474,2023-08-15,East,Home Office,Office Supplies,Paper,Labels,5,53.11,0.15,225.72,41.65,CUST-0809
ORD-01872,2023-08-15,East,Consumer,Office Supplies,Storage,Drawer Unit,3,56.59,0.1,152.79,17.06,CUST-1169
ORD-02474,2023-08-15,East,Consumer,Furniture,Tables,Side Table,6,216.53,0.1,1169.26,156.18,CUST-0544
ORD-03583,2023-08-15,Central,Corporate,Technology,Computers,Desktop,7,232.47,0.0,1627.29,373.67,CUST-0144
ORD-05494,2023-08-15,South,Home Office,Office Supplies,Paper,Notebooks,7,69.81,0.05,464.24,77.42,CUST-0981
ORD-03242,2023-08-16,East,Consumer,Technology,Accessories,Keyboard,7,249.12,0.15,1482.26,282.59,CUST-1027
ORD-05625,2023-08-16,West,Home Office,Furniture,Chairs,Conference Chair,2,216.86,0.15,368.66,62.18,CUST-0258
ORD-03433,2023-08-16,East,Consumer,Furniture,Bookcases,Bookcase,6,192.97,0.0,1157.82,180.34,CUST-0687
ORD-04119,2023-08-16,East,Consumer,Office Supplies,Binders,File Folder,6,67.29,0.0,403.74,96.15,CUST-0706
ORD-01940,2023-08-16,East,Home Office,Technology,Phones,Phone A,2,348.82,0.05,662.76,137.41,CUST-0287
ORD-05864,2023-08-16,Central,Consumer,Technology,Accessories,Headset,1,360.68,0.1,324.61,79.29,CUST-0433
ORD-03241,2023-08-17,Central,Corporate,Furniture,Tables,Desk,2,253.36,0.2,405.38,46.54,CUST-1079
ORD-00735,2023-08-17,East,Consumer,Office Supplies,Paper,Labels,4,45.32,0.0,181.28,16.05,CUST-1052
ORD-05313,2023-08-17,East,Corporate,Furniture,Chairs,Task Chair,1,128.79,0.2,103.03,12.45,CUST-0720
ORD-02360,2023-08-17,South,Consumer,Office Supplies,Binders,File Folder,7,71.37,0.0,499.59,94.53,CUST-0265
ORD-04654,2023-08-18,East,Consumer,Office Supplies,Storage,Storage Box,6,65.09,0.2,312.43,43.91,CUST-0244
ORD-01072,2023-08-18,Central,Home Office,Furniture,Tables,Desk,3,200.56,0.15,511.43,67.25,CUST-0139
ORD-05276,2023-08-18,West,Corporate,Technology,Computers,Desktop,4,262.37,0.25,787.11,124.54,CUST-1071
ORD-05690,2023-08-18,South,Home Office,Furniture,Chairs,Conference Chair,3,140.74,0.05,401.11,64.44,CUST-0134
ORD-01745,2023-08-19,East,Corporate,Technology,Computers,Desktop,5,246.84,0.05,1172.49,242.65,CUST-0574
ORD-05996,2023-08-19,South,Home Office,Office Supplies,Storage,Organizer,5,60.47,0.15,257.0,39.01,CUST-0920
ORD-04027,2023-08-19,Central,Consumer,Technology,Accessories,Mouse,1,144.38,0.0,144.38,29.08,CUST-0844
ORD-02277,2023-08-19,Central,Consumer,Office Supplies,Paper,Labels,6,62.83,0.1,339.28,48.44,CUST-0560
ORD-04673,2023-08-19,South,Consumer,Office Supplies,Storage,Drawer Unit,6,48.86,0.2,234.53,21.53,CUST-0182
ORD-02523,2023-08-19,West,Home Office,Furniture,Bookcases,Bookcase,1,183.84,0.2,147.07,26.35,CUST-0057
ORD-01989,2023-08-19,South,Consumer,Furniture,Bookcases,Storage Cabinet,6,142.49,0.05,812.19,103.16,CUST-1110
ORD-04605,2023-08-20,South,Consumer,Technology,Phones,Phone A,4,147.29,0.0,589.16,137.68,CUST-0167
ORD-03328,2023-08-20,Central,Consumer,Furniture,Tables,Side Table,2,133.43,0.0,266.86,56.16,CUST-0051
ORD-02444,2023-08-21,Central,Consumer,Office Supplies,Binders,File Folder,2,68.14,0.05,129.47,31.95,CUST-0271
ORD-03297,2023-08-21,South,Home Office,Technology,Phones,Phone A,1,227.9,0.1,205.11,44.01,CUST-0805
ORD-04996,2023-08-21,West,Consumer,Office Supplies,Paper,Labels,3,67.99,0.1,183.57,36.82,CUST-0982
ORD-04755,2023-08-21,West,Consumer,Furniture,Bookcases,Bookcase,1,179.31,0.15,152.41,4.44,CUST-0870
ORD-01988,2023-08-21,East,Home Office,Furniture,Chairs,Office Chair,7,227.32,0.1,1432.12,192.31,CUST-0596
ORD-03526,2023-08-21,South,Consumer,Furniture,Bookcases,Shelf Unit,6,160.55,0.25,722.48,72.16,CUST-0697
ORD-01710,2023-08-21,West,Corporate,Furniture,Chairs,Task Chair,5,209.89,0.0,1049.45,170.4,CUST-0971
ORD-03232,2023-08-22,West,Home Office,Technology,Computers,Desktop,7,262.98,0.15,1564.73,305.41,CUST-0756
ORD-05487,2023-08-22,South,Consumer,Office Supplies,Storage,Drawer Unit,7,54.17,0.05,360.23,57.15,CUST-1100
ORD-04188,2023-08-23,West,Consumer,Office Supplies,Binders,Binder,2,61.59,0.0,123.18,16.7,CUST-0933
ORD-02470,2023-08-23,East,Corporate,Technology,Accessories,Keyboard,6,281.96,0.2,1353.41,251.73,CUST-1174
ORD-02734,2023-08-23,South,Consumer,Technology,Accessories,Headset,5,211.94,0.0,1059.7,259.99,CUST-0820
ORD-00142,2023-08-24,East,Home Office,Office Supplies,Storage,Drawer Unit,3,67.68,0.0,203.04,43.58,CUST-0611
ORD-05725,2023-08-24,West,Consumer,Furniture,Chairs,Conference Chair,2,185.24,0.1,333.43,55.44,CUST-1038
ORD-05040,2023-08-24,South,Consumer,Technology,Accessories,Mouse,7,160.16,0.2,896.9,161.49,CUST-0425
ORD-02602,2023-08-24,East,Consumer,Technology,Computers,Monitor,5,237.3,0.15,1008.52,201.23,CUST-0701
ORD-03960,2023-08-24,South,Home Office,Furniture,Chairs,Task Chair,2,206.92,0.05,393.15,47.02,CUST-0381
ORD-02665,2023-08-24,East,Corporate,Technology,Accessories,Keyboard,6,307.33,0.25,1382.98,216.13,CUST-0547
ORD-02462,2023-08-24,East,Consumer,Technology,Computers,Desktop,4,303.17,0.1,1091.41,217.01,CUST-0035
ORD-04587,2023-08-24,East,Consumer,Technology,Accessories,Mouse,4,242.77,0.1,873.97,167.81,CUST-0318
ORD-03683,2023-08-25,Central,Consumer,Technology,Computers,Desktop,6,240.54,0.05,1371.08,294.36,CUST-0102
ORD-03476,2023-08-25,East,Corporate,Technology,Phones,Phone B,4,214.79,0.1,773.24,140.08,CUST-0936
ORD-03179,2023-08-25,West,Consumer,Office Supplies,Paper,Notebooks,7,48.58,0.15,289.05,49.29,CUST-1173
ORD-01395,2023-08-25,West,Corporate,Technology,Phones,Phone A,6,171.87,0.15,876.54,172.88,CUST-0035
ORD-03018,2023-08-25,South,Home Office,Furniture,Bookcases,Storage Cabinet,7,189.66,0.1,1194.86,170.28,CUST-0623
ORD-02839,2023-08-25,West,Corporate,Furniture,Chairs,Office Chair,1,111.14,0.15,94.47,17.53,CUST-0650
ORD-03670,2023-08-26,South,Home Office,Furniture,Bookcases,Storage Cabinet,7,184.03,0.1,1159.39,151.49,CUST-0365
ORD-04556,2023-08-26,South,Consumer,Technology,Computers,Monitor,2,235.96,0.05,448.32,92.7,CUST-0805
ORD-02553,2023-08-26,West,Corporate,Furniture,Bookcases,Storage Cabinet,7,183.5,0.0,1284.5,210.44,CUST-0929
ORD-01582,2023-08-26,South,Consumer,Office Supplies,Binders,Presentation Binder,7,56.76,0.0,397.32,80.95,CUST-0494
ORD-05570,2023-08-26,South,Home Office,Office Supplies,Binders,File Folder,6,65.63,0.1,354.4,60.86,CUST-0323
ORD-05752,2023-08-26,West,Consumer,Office Supplies,Storage,Organizer,5,54.77,0.0,273.85,68.65,CUST-1077
ORD-03586,2023-08-26,East,Consumer,Technology,Phones,Phone B,4,180.35,0.25,541.05,84.36,CUST-0516
ORD-05957,2023-08-27,Central,Consumer,Technology,Phones,Phone A,2,246.46,0.15,418.98,67.18,CUST-0163
ORD-00964,2023-08-27,East,Home Office,Office Supplies,Storage,Drawer Unit,5,43.61,0.0,218.05,43.83,CUST-0537
ORD-05545,2023-08-28,West,Consumer,Technology,Computers,Desktop,2,244.31,0.25,366.46,56.76,CUST-0104
ORD-02874,2023-08-28,East,Consumer,Furniture,Chairs,Office Chair,7,226.37,0.15,1346.9,160.01,CUST-1061
ORD-02194,2023-08-28,Central,Corporate,Technology,Phones,Phone B,4,187.14,0.0,748.56,164.01,CUST-1095
ORD-02358,2023-08-29,West,Home Office,Furniture,Chairs,Office Chair,2,160.84,0.2,257.34,20.98,CUST-1054
ORD-03952,2023-08-29,South,Consumer,Furniture,Tables,Meeting Table,5,225.01,0.1,1012.54,133.49,CUST-0354
ORD-05549,2023-08-29,Central,Consumer,Office Supplies,Binders,Binder,7,52.7,0.15,313.56,36.65,CUST-0810
ORD-00903,2023-08-29,Central,Corporate,Office Supplies,Binders,Binder,5,35.82,0.15,152.23,17.47,CUST-0386
ORD-01355,2023-08-29,South,Consumer,Office Supplies,Storage,Storage Box,5,71.29,0.05,338.63,61.74,CUST-0275
ORD-05656,2023-08-30,East,Consumer,Furniture,Tables,Side Table,6,150.85,0.05,859.84,119.93,CUST-0522
ORD-03444,2023-08-30,South,Consumer,Furniture,Bookcases,Storage Cabinet,1,160.95,0.15,136.81,18.02,CUST-0581
ORD-02394,2023-08-30,West,Consumer,Technology,Accessories,Mouse,2,217.8,0.0,435.6,99.31,CUST-0070
ORD-05567,2023-08-30,South,Corporate,Furniture,Tables,Side Table,6,143.07,0.1,772.58,96.1,CUST-0998
ORD-02703,2023-08-31,East,Consumer,Technology,Accessories,Headset,1,312.66,0.1,281.39,54.21,CUST-0418
ORD-04803,2023-08-31,West,Consumer,Furniture,Bookcases,Storage Cabinet,3,120.35,0.0,361.05,49.99,CUST-0511
ORD-03869,2023-08-31,Central,Consumer,Technology,Accessories,Headset,2,133.65,0.05,253.94,65.02,CUST-0205
ORD-04930,2023-09-01,Central,Corporate,Office Supplies,Binders,File Folder,4,39.03,0.1,140.51,29.89,CUST-0486
ORD-01257,2023-09-01,East,Home Office,Furniture,Bookcases,Bookcase,7,225.17,0.15,1339.76,159.82,CUST-0015
ORD-05772,2023-09-01,South,Corporate,Technology,Accessories,Headset,7,197.71,0.2,1107.18,189.01,CUST-0715
ORD-05662,2023-09-01,East,Consumer,Technology,Phones,Phone B,1,137.67,0.05,130.79,23.43,CUST-0218
ORD-01839,2023-09-01,East,Consumer,Furniture,Chairs,Office Chair,4,185.1,0.0,740.4,122.51,CUST-0264
ORD-02299,2023-09-01,East,Corporate,Technology,Phones,Phone C,2,226.25,0.15,384.62,69.08,CUST-0388
ORD-05884,2023-09-01,East,Consumer,Technology,Computers,Laptop,2,181.31,0.2,290.1,37.78,CUST-0735
ORD-03413,2023-09-01,West,Home Office,Office Supplies,Binders,File Folder,4,73.64,0.15,250.38,32.21,CUST-0696
ORD-03622,2023-09-01,East,Corporate,Office Supplies,Storage,Storage Box,2,51.8,0.0,103.6,21.5,CUST-0092
ORD-03471,2023-09-02,West,Corporate,Furniture,Bookcases,Bookcase,4,176.28,0.1,634.61,82.51,CUST-0182
ORD-00363,2023-09-02,Central,Corporate,Office Supplies,Paper,Labels,1,32.8,0.0,32.8,-2.74,CUST-0715
ORD-03181,2023-09-03,East,Consumer,Furniture,Chairs,Office Chair,4,170.64,0.0,682.56,116.54,CUST-0942
ORD-02241,2023-09-03,East,Corporate,Technology,Phones,Phone A,1,324.96,0.0,324.96,75.96,CUST-0633
ORD-05587,2023-09-03,East,Corporate,Technology,Accessories,Headset,3,187.44,0.0,562.32,122.39,CUST-0298
ORD-03714,2023-09-03,Central,Consumer,Furniture,Chairs,Conference Chair,3,182.36,0.0,547.08,79.89,CUST-0833
ORD-03882,2023-09-03,Central,Corporate,Furniture,Chairs,Conference Chair,3,173.75,0.15,443.06,41.3,CUST-0155
ORD-03850,2023-09-03,South,Corporate,Technology,Accessories,Mouse,3,177.3,0.05,505.31,95.32,CUST-1116
ORD-03029,2023-09-04,South,Consumer,Furniture,Bookcases,Bookcase,6,157.11,0.05,895.53,124.37,CUST-1093
ORD-02747,2023-09-04,East,Consumer,Office Supplies,Binders,Binder,1,33.02,0.2,26.42,-8.03,CUST-0372
ORD-05739,2023-09-04,South,Consumer,Office Supplies,Storage,Storage Box,4,40.11,0.1,144.4,22.45,CUST-0716
ORD-03314,2023-09-04,East,Consumer,Technology,Phones,Phone A,7,194.36,0.1,1224.47,248.76,CUST-1004
ORD-03152,2023-09-04,Central,Home Office,Technology,Accessories,Keyboard,5,110.89,0.05,526.73,116.46,CUST-1129
ORD-05502,2023-09-04,Central,Home Office,Technology,Computers,Desktop,7,190.16,0.05,1264.56,283.42,CUST-0206
ORD-03741,2023-09-04,Central,Home Office,Office Supplies,Paper,Labels,6,41.63,0.05,237.29,57.88,CUST-0169
ORD-03197,2023-09-05,South,Consumer,Technology,Accessories,Mouse,2,207.65,0.05,394.54,78.8,CUST-0569
ORD-00976,2023-09-05,East,Consumer,Furniture,Tables,Meeting Table,5,121.79,0.1,548.06,62.38,CUST-1046
ORD-04261,2023-09-05,South,Consumer,Furniture,Tables,Side Table,3,210.1,0.0,630.3,102.08,CUST-0185
ORD-02914,2023-09-05,East,Consumer,Office Supplies,Paper,Labels,6,34.16,0.2,163.97,10.37,CUST-0644
ORD-04967,2023-09-05,West,Consumer,Office Supplies,Storage,Drawer Unit,7,57.14,0.15,339.98,48.72,CUST-0242
ORD-05320,2023-09-05,West,Consumer,Technology,Accessories,Headset,6,209.8,0.15,1069.98,195.97,CUST-0135
ORD-02315,2023-09-06,West,Consumer,Furniture,Bookcases,Storage Cabinet,3,263.94,0.1,712.64,86.28,CUST-0204
ORD-04209,2023-09-06,East,Consumer,Technology,Phones,Phone B,3,217.19,0.2,521.26,94.35,CUST-0702
ORD-04155,2023-09-06,South,Home Office,Office Supplies,Binders,Binder,7,80.74,0.05,536.92,101.26,CUST-0250
ORD-00078,2023-09-06,Central,Corporate,Office Supplies,Paper,Labels,2,59.33,0.0,118.66,11.65,CUST-0453
ORD-04373,2023-09-06,West,Consumer,Office Supplies,Paper,Copy Paper,1,36.66,0.1,32.99,10.02,CUST-0155
ORD-05351,2023-09-06,South,Consumer,Office Supplies,Storage,Organizer,4,76.22,0.0,304.88,58.35,CUST-1107
ORD-05432,2023-09-06,East,Corporate,Office Supplies,Paper,Copy Paper,3,51.22,0.2,122.93,15.59,CUST-0950
ORD-05036,2023-09-06,South,Corporate,Furniture,Chairs,Office Chair,1,191.22,0.0,191.22,36.46,CUST-0732
ORD-03336,2023-09-07,West,Consumer,Furniture,Bookcases,Storage Cabinet,4,181.95,0.05,691.41,99.86,CUST-0076
ORD-03782,2023-09-07,West,Corporate,Office Supplies,Binders,Presentation Binder,5,34.29,0.0,171.45,40.89,CUST-0594
ORD-00032,2023-09-07,East,Home Office,Furniture,Chairs,Task Chair,3,158.94,0.0,476.82,79.21,CUST-0414
ORD-02968,2023-09-07,West,Consumer,Furniture,Bookcases,Bookcase,2,147.71,0.15,251.11,17.31,CUST-1063
ORD-00567,2023-09-07,South,Consumer,Office Supplies,Storage,Storage Box,7,48.05,0.05,319.53,66.41,CUST-0214
ORD-03811,2023-09-08,East,Corporate,Office Supplies,Binders,File Folder,7,48.49,0.1,305.49,50.69,CUST-0145
ORD-05246,2023-09-08,East,Corporate,Technology,Phones,Phone C,6,211.44,0.2,1014.91,179.33,CUST-0212
ORD-01512,2023-09-08,West,Corporate,Technology,Computers,Laptop,2,172.37,0.05,327.5,54.07,CUST-0003
ORD-02936,2023-09-08,Central,Corporate,Furniture,Chairs,Task Chair,6,196.84,0.0,1181.04,181.69,CUST-0722
ORD-01503,2023-09-09,Central,Consumer,Technology,Computers,Desktop,4,256.6,0.1,923.76,190.78,CUST-0758
ORD-00412,2023-09-09,East,Consumer,Office Supplies,Binders,Presentation Binder,1,63.92,0.0,63.92,-1.0,CUST-0412
ORD-00326,2023-09-10,South,Consumer,Technology,Accessories,Keyboard,1,128.08,0.2,102.46,-0.61,CUST-0350
ORD-03484,2023-09-10,Central,Corporate,Office Supplies,Binders,Binder,1,37.75,0.25,28.31,-2.57,CUST-0315
ORD-01479,2023-09-10,South,Consumer,Office Supplies,Binders,Presentation Binder,2,51.3,0.0,102.6,10.02,CUST-0847
ORD-03702,2023-09-10,Central,Corporate,Office Supplies,Binders,Binder,1,78.12,0.1,70.31,14.77,CUST-0295
ORD-05416,2023-09-10,South,Corporate,Office Supplies,Paper,Notebooks,3,64.68,0.25,145.53,19.32,CUST-0336
ORD-01545,2023-09-10,West,Consumer,Office Supplies,Binders,Binder,5,45.83,0.15,194.78,28.36,CUST-0455
ORD-01656,2023-09-11,South,Consumer,Office Supplies,Paper,Copy Paper,3,71.88,0.1,194.08,37.8,CUST-0386
ORD-03089,2023-09-11,West,Consumer,Furniture,Tables,Meeting Table,7,136.4,0.2,763.84,64.43,CUST-0641
ORD-00486,2023-09-12,Central,Consumer,Office Supplies,Paper,Copy Paper,4,44.0,0.25,132.0,7.52,CUST-0886
ORD-05694,2023-09-12,East,Consumer,Office Supplies,Paper,Copy Paper,3,57.34,0.0,172.02,27.52,CUST-0843
ORD-00626,2023-09-12,Central,Corporate,Furniture,Bookcases,Shelf Unit,6,261.17,0.05,1488.67,221.56,CUST-0835
ORD-05216,2023-09-12,East,Consumer,Furniture,Chairs,Task Chair,1,185.36,0.2,148.29,23.02,CUST-0504
ORD-03911,2023-09-12,Central,Consumer,Technology,Computers,Laptop,3,226.02,0.15,576.35,108.86,CUST-0671
ORD-01112,2023-09-13,South,Consumer,Furniture,Tables,Side Table,3,202.36,0.05,576.73,89.61,CUST-0810
ORD-05030,2023-09-13,Central,Corporate,Technology,Phones,Phone C,1,203.32,0.1,182.99,19.91,CUST-0631
ORD-01877,2023-09-13,East,Consumer,Office Supplies,Binders,Binder,3,52.49,0.1,141.72,18.18,CUST-0753
ORD-02175,2023-09-13,East,Corporate,Furniture,Chairs,Conference Chair,1,187.5,0.15,159.38,23.31,CUST-0915
ORD-01291,2023-09-14,East,Consumer,Furniture,Tables,Side Table,4,203.38,0.25,610.14,62.97,CUST-0491
ORD-01817,2023-09-14,East,Corporate,Office Supplies,Paper,Notebooks,2,44.84,0.05,85.2,21.54,CUST-0697
ORD-05305,2023-09-14,Central,Home Office,Office Supplies,Binders,File Folder,6,52.06,0.15,265.51,39.32,CUST-0054
ORD-00148,2023-09-14,Central,Consumer,Office Supplies,Storage,Organizer,6,36.67,0.1,198.02,28.77,CUST-0144
ORD-04706,2023-09-15,West,Corporate,Furniture,Chairs,Office Chair,5,190.43,0.15,809.33,84.55,CUST-0295
ORD-03210,2023-09-15,South,Consumer,Technology,Phones,Phone B,2,233.52,0.2,373.63,79.6,CUST-0252
ORD-02209,2023-09-15,East,Corporate,Office Supplies,Storage,Drawer Unit,2,46.14,0.15,78.44,20.57,CUST-0521
ORD-03435,2023-09-15,Central,Corporate,Office Supplies,Paper,Copy Paper,5,39.12,0.1,176.04,30.89,CUST-0006
ORD-04964,2023-09-15,Central,Consumer,Office Supplies,Storage,Drawer Unit,7,64.79,0.25,340.15,37.39,CUST-0881
ORD-05387,2023-09-15,South,Consumer,Office Supplies,Storage,Storage Box,1,83.76,0.1,75.38,5.46,CUST-0509
ORD-01288,2023-09-15,East,Home Office,Furniture,Tables,Meeting Table,6,164.22,0.0,985.32,151.61,CUST-1048
ORD-01386,2023-09-15,South,Consumer,Furniture,Bookcases,Bookcase,2,158.57,0.1,285.43,25.92,CUST-0446
ORD-02293,2023-09-15,South,Consumer,Office Supplies,Paper,Notebooks,2,51.49,0.0,102.98,31.16,CUST-0584
ORD-01609,2023-09-16,East,Home Office,Technology,Accessories,Keyboard,4,220.75,0.1,794.7,147.96,CUST-0332
ORD-00637,2023-09-16,South,Corporate,Office Supplies,Storage,Organizer,4,43.68,0.1,157.25,24.96,CUST-1115
ORD-03110,2023-09-16,Central,Consumer,Office Supplies,Paper,Notebooks,2,67.76,0.05,128.74,21.57,CUST-0262
ORD-00719,2023-09-16,South,Home Office,Furniture,Chairs,Conference Chair,2,180.93,0.0,361.86,45.1,CUST-1166
ORD-00510,2023-09-17,East,Consumer,Technology,Accessories,Mouse,2,188.55,0.0,377.1,87.11,CUST-0067
ORD-00566,2023-09-17,South,Corporate,Office Supplies,Storage,Organizer,4,36.75,0.0,147.0,34.72,CUST-0941
ORD-03255,2023-09-17,South,Consumer,Office Supplies,Paper,Copy Paper,3,21.59,0.1,58.29,5.52,CUST-1008
ORD-04834,2023-09-17,Central,Home Office,Technology,Phones,Phone B,6,183.77,0.15,937.23,186.68,CUST-0188
ORD-02882,2023-09-17,East,Home Office,Technology,Phones,Phone A,6,203.11,0.0,1218.66,283.88,CUST-0926
ORD-00327,2023-09-17,West,Consumer,Technology,Computers,Laptop,1,329.2,0.1,296.28,64.21,CUST-0804
ORD-03628,2023-09-17,Central,Consumer,Technology,Accessories,Headset,2,192.08,0.0,384.16,88.34,CUST-0349
ORD-03293,2023-09-18,South,Consumer,Office Supplies,Storage,Storage Box,1,43.56,0.15,37.03,-6.14,CUST-0938
ORD-04764,2023-09-18,West,Consumer,Office Supplies,Storage,Storage Box,7,63.5,0.1,400.05,49.77,CUST-1197
ORD-01308,2023-09-18,West,Consumer,Furniture,Bookcases,Shelf Unit,4,123.47,0.0,493.88,77.27,CUST-0951
ORD-04200,2023-09-19,Central,Consumer,Furniture,Tables,Desk,3,106.93,0.05,304.75,49.25,CUST-1096
ORD-05573,2023-09-19,South,Consumer,Furniture,Tables,Side Table,4,125.27,0.15,425.92,48.92,CUST-0180
ORD-05374,2023-09-19,West,Consumer,Furniture,Bookcases,Shelf Unit,2,252.95,0.0,505.9,88.21,CUST-0153
ORD-00854,2023-09-19,West,Consumer,Furniture,Chairs,Office Chair,1,179.12,0.0,179.12,36.57,CUST-0259
ORD-03372,2023-09-19,East,Consumer,Technology,Computers,Monitor,1,179.6,0.0,179.6,51.23,CUST-0108
ORD-01265,2023-09-19,Central,Consumer,Office Supplies,Binders,File Folder,2,61.37,0.0,122.74,20.96,CUST-1095
ORD-00189,2023-09-19,East,Corporate,Technology,Phones,Phone A,5,189.46,0.2,757.84,136.68,CUST-0245
ORD-05115,2023-09-19,East,Consumer,Office Supplies,Binders,Presentation Binder,2,40.58,0.0,81.16,3.13,CUST-1108
ORD-02641,2023-09-20,West,Corporate,Office Supplies,Paper,Labels,4,54.64,0.0,218.56,31.32,CUST-0431
ORD-00593,2023-09-20,South,Home Office,Furniture,Chairs,Office Chair,5,192.3,0.1,865.35,107.49,CUST-0599
ORD-00097,2023-09-20,East,Consumer,Office Supplies,Storage,Storage Box,1,43.11,0.05,40.95,17.03,CUST-1136
ORD-01047,2023-09-20,East,Corporate,Furniture,Bookcases,Shelf Unit,7,218.46,0.15,1299.84,163.22,CUST-0967
ORD-03084,2023-09-21,East,Corporate,Office Supplies,Storage,Organizer,1,54.55,0.1,49.1,8.03,CUST-1110
ORD-02182,2023-09-21,West,Consumer,Technology,Accessories,Mouse,6,169.54,0.1,915.52,190.78,CUST-0914
ORD-02667,2023-09-21,East,Corporate,Furniture,Bookcases,Bookcase,7,115.9,0.1,730.17,86.69,CUST-0370
ORD-00832,2023-09-21,Central,Consumer,Technology,Accessories,Mouse,7,292.07,0.1,1840.04,366.37,CUST-0601
ORD-04607,2023-09-21,Central,Consumer,Office Supplies,Binders,Binder,3,29.77,0.05,84.84,14.71,CUST-1016
ORD-02967,2023-09-21,Central,Corporate,Office Supplies,Paper,Labels,6,70.52,0.1,380.81,49.95,CUST-0417
ORD-03073,2023-09-21,East,Consumer,Furniture,Chairs,Task Chair,6,168.94,0.15,861.59,100.49,CUST-0767
ORD-04240,2023-09-21,South,Consumer,Furniture,Chairs,Conference Chair,7,161.23,0.2,902.89,89.22,CUST-1049
ORD-00384,2023-09-22,Central,Home Office,Office Supplies,Storage,Storage Box,6,54.58,0.05,311.11,43.27,CUST-0796
ORD-01542,2023-09-22,East,Consumer,Furniture,Bookcases,Storage Cabinet,4,179.77,0.0,719.08,113.28,CUST-0770
ORD-01402,2023-09-22,Central,Consumer,Technology,Phones,Phone A,7,197.17,0.05,1311.18,278.94,CUST-0623
ORD-03745,2023-09-22,East,Home Office,Furniture,Chairs,Office Chair,5,137.67,0.1,619.52,78.96,CUST-0200
ORD-05972,2023-09-22,West,Corporate,Furniture,Tables,Desk,1,195.67,0.05,185.89,32.35,CUST-0418
ORD-03968,2023-09-22,East,Consumer,Furniture,Tables,Meeting Table,4,206.23,0.0,824.92,134.02,CUST-0303
ORD-03094,2023-09-22,Central,Consumer,Furniture,Chairs,Conference Chair,6,148.26,0.15,756.13,80.54,CUST-0697
ORD-05260,2023-09-22,Central,Home Office,Office Supplies,Paper,Labels,6,66.04,0.15,336.8,67.84,CUST-1002
ORD-05273,2023-09-22,South,Home Office,Technology,Computers,Laptop,5,337.45,0.0,1687.25,379.38,CUST-0829
ORD-01251,2023-09-23,West,Corporate,Technology,Computers,Laptop,3,132.34,0.25,297.76,63.2,CUST-1076
ORD-05103,2023-09-23,Central,Home Office,Technology,Accessories,Headset,7,200.77,0.0,1405.39,326.6,CUST-0618
ORD-01506,2023-09-23,West,Corporate,Office Supplies,Storage,Organizer,1,78.36,0.0,78.36,10.03,CUST-0514
ORD-03275,2023-09-24,East,Corporate,Technology,Accessories,Mouse,7,270.22,0.2,1513.23,282.96,CUST-0564
ORD-01786,2023-09-24,South,Home Office,Furniture,Tables,Side Table,4,187.75,0.0,751.0,118.35,CUST-0422
ORD-02487,2023-09-25,South,Home Office,Furniture,Bookcases,Storage Cabinet,2,198.33,0.15,337.16,38.83,CUST-0631
ORD-00315,2023-09-25,West,Consumer,Furniture,Tables,Side Table,6,200.17,0.0,1201.02,205.01,CUST-1140
ORD-05834,2023-09-25,Central,Consumer,Furniture,Chairs,Office Chair,5,175.11,0.0,875.55,142.8,CUST-0838
ORD-02253,2023-09-25,East,Consumer,Office Supplies,Paper,Copy Paper,3,39.49,0.15,100.7,3.59,CUST-0405
ORD-02162,2023-09-25,South,Corporate,Furniture,Bookcases,Bookcase,2,153.53,0.15,261.0,32.01,CUST-0257
ORD-02687,2023-09-25,East,Consumer,Technology,Computers,Desktop,1,239.29,0.0,239.29,57.77,CUST-0579
ORD-01124,2023-09-25,West,Consumer,Technology,Computers,Laptop,3,160.28,0.0,480.84,89.46,CUST-0078
ORD-01709,2023-09-25,East,Corporate,Furniture,Chairs,Office Chair,4,183.38,0.1,660.17,87.99,CUST-0446
ORD-01107,2023-09-25,Central,Consumer,Technology,Phones,Phone C,1,299.37,0.2,239.5,46.09,CUST-1072
ORD-04499,2023-09-25,Central,Consumer,Technology,Computers,Desktop,1,237.96,0.05,226.06,50.68,CUST-0582
ORD-01892,2023-09-26,West,Consumer,Technology,Computers,Laptop,7,179.54,0.2,1005.42,170.65,CUST-0828
ORD-05655,2023-09-26,West,Consumer,Furniture,Chairs,Task Chair,4,182.03,0.05,691.71,97.93,CUST-0434
ORD-02751,2023-09-26,East,Home Office,Furniture,Bookcases,Bookcase,3,207.37,0.15,528.79,83.54,CUST-0200
ORD-00857,2023-09-26,South,Corporate,Office Supplies,Binders,File Folder,1,56.7,0.0,56.7,12.95,CUST-0347
ORD-01906,2023-09-26,Central,Consumer,Technology,Computers,Monitor,6,284.57,0.2,1365.94,246.66,CUST-0663
ORD-05688,2023-09-26,East,Corporate,Technology,Computers,Desktop,7,231.62,0.2,1297.07,224.24,CUST-1026
ORD-01811,2023-09-26,West,Consumer,Office Supplies,Binders,Presentation Binder,3,64.06,0.1,172.96,24.59,CUST-0421
ORD-05878,2023-09-26,Central,Consumer,Office Supplies,Storage,Drawer Unit,7,58.29,0.1,367.23,52.84,CUST-0199
ORD-05612,2023-09-26,Central,Consumer,Office Supplies,Binders,Binder,2,62.46,0.05,118.67,24.6,CUST-0930
ORD-00831,2023-09-27,West,Corporate,Office Supplies,Storage,Drawer Unit,7,62.96,0.1,396.65,52.51,CUST-0614
ORD-00989,2023-09-27,South,Consumer,Technology,Phones,Phone B,5,265.22,0.05,1259.8,281.04,CUST-0665
ORD-00119,2023-09-27,East,Corporate,Furniture,Chairs,Office Chair,4,172.42,0.0,689.68,105.54,CUST-0086
ORD-01013,2023-09-27,South,Consumer,Office Supplies,Binders,Presentation Binder,5,60.14,0.15,255.59,23.46,CUST-1096
ORD-03482,2023-09-27,West,Corporate,Furniture,Tables,Desk,4,150.91,0.2,482.91,44.54,CUST-0004
ORD-01454,2023-09-27,Central,Consumer,Furniture,Bookcases,Bookcase,7,164.15,0.15,976.69,125.9,CUST-0020
ORD-03278,2023-09-27,Central,Corporate,Office Supplies,Binders,Binder,1,71.62,0.25,53.72,9.98,CUST-0228
ORD-03878,2023-09-27,West,Consumer,Technology,Computers,Desktop,2,283.68,0.0,567.36,126.65,CUST-0370
ORD-05328,2023-09-27,Central,Consumer,Furniture,Tables,Meeting Table,2,118.52,0.1,213.34,10.81,CUST-0582
ORD-04079,2023-09-28,East,Corporate,Technology,Phones,Phone B,3,197.52,0.0,592.56,135.94,CUST-0491
ORD-03570,2023-09-28,South,Consumer,Furniture,Tables,Side Table,3,105.63,0.25,237.67,13.93,CUST-0007
ORD-05424,2023-09-28,South,Home Office,Technology,Accessories,Headset,7,218.87,0.1,1378.88,274.71,CUST-0503
ORD-02100,2023-09-28,South,Consumer,Office Supplies,Storage,Drawer Unit,7,54.15,0.1,341.15,68.47,CUST-0355
ORD-01515,2023-09-28,East,Home Office,Technology,Computers,Laptop,1,326.61,0.15,277.62,47.86,CUST-0346
ORD-03386,2023-09-28,South,Consumer,Technology,Accessories,Mouse,1,200.97,0.1,180.87,33.59,CUST-1062
ORD-00508,2023-09-29,South,Consumer,Office Supplies,Binders,File Folder,7,63.71,0.1,401.37,53.94,CUST-0948
ORD-05127,2023-09-29,West,Consumer,Technology,Phones,Phone B,4,233.29,0.1,839.84,168.39,CUST-0839
ORD-04812,2023-09-29,Central,Corporate,Office Supplies,Binders,Presentation Binder,6,51.1,0.25,229.95,12.64,CUST-0641
ORD-05918,2023-09-29,East,Consumer,Technology,Accessories,Headset,1,194.2,0.05,184.49,47.94,CUST-0865
ORD-03333,2023-09-29,West,Corporate,Furniture,Bookcases,Bookcase,5,173.26,0.1,779.67,106.03,CUST-1166
ORD-03863,2023-09-29,East,Consumer,Office Supplies,Storage,Drawer Unit,5,66.33,0.0,331.65,66.07,CUST-0897
ORD-03595,2023-09-30,South,Corporate,Technology,Accessories,Mouse,5,168.96,0.0,844.8,193.95,CUST-0743
ORD-03061,2023-09-30,Central,Consumer,Office Supplies,Binders,Binder,7,55.66,0.05,370.14,55.04,CUST-0172
ORD-04048,2023-09-30,West,Corporate,Technology,Accessories,Mouse,5,269.94,0.0,1349.7,302.57,CUST-0683
ORD-01904,2023-09-30,South,Consumer,Office Supplies,Paper,Labels,3,35.35,0.2,84.84,2.55,CUST-0382
ORD-00925,2023-09-30,East,Consumer,Furniture,Chairs,Office Chair,1,243.86,0.0,243.86,38.04,CUST-0401
ORD-01563,2023-09-30,East,Corporate,Technology,Phones,Phone C,4,231.51,0.05,879.74,195.3,CUST-0323
ORD-05426,2023-10-01,Central,Consumer,Furniture,Tables,Meeting Table,6,209.58,0.0,1257.48,204.41,CUST-0493
ORD-03703,2023-10-01,South,Corporate,Office Supplies,Binders,Binder,6,55.13,0.15,281.16,51.36,CUST-1055
ORD-03431,2023-10-01,West,Consumer,Furniture,Tables,Meeting Table,5,195.86,0.15,832.41,89.24,CUST-0883
ORD-05748,2023-10-01,South,Consumer,Technology,Phones,Phone B,2,227.73,0.2,364.37,65.18,CUST-0044
ORD-00617,2023-10-01,West,Consumer,Office Supplies,Paper,Copy Paper,7,60.19,0.15,358.13,44.56,CUST-0875
ORD-00568,2023-10-01,West,Corporate,Furniture,Chairs,Office Chair,2,175.45,0.25,263.17,35.64,CUST-0864
ORD-05277,2023-10-01,West,Corporate,Technology,Computers,Desktop,5,280.03,0.1,1260.14,248.92,CUST-0947
ORD-05088,2023-10-01,East,Consumer,Technology,Computers,Laptop,6,234.74,0.05,1338.02,295.25,CUST-0532
ORD-02237,2023-10-01,East,Consumer,Office Supplies,Storage,Storage Box,2,45.68,0.1,82.22,15.25,CUST-0066
ORD-01413,2023-10-02,Central,Consumer,Office Supplies,Paper,Labels,2,46.15,0.05,87.68,11.26,CUST-0516
ORD-03718,2023-10-02,South,Corporate,Technology,Computers,Laptop,5,204.87,0.05,973.13,205.94,CUST-1024
ORD-00483,2023-10-02,South,Home Office,Furniture,Chairs,Conference Chair,5,127.13,0.0,635.65,95.47,CUST-0728
ORD-04748,2023-10-02,Central,Consumer,Furniture,Tables,Side Table,5,93.89,0.2,375.56,34.95,CUST-0606
ORD-05445,2023-10-03,South,Corporate,Technology,Phones,Phone B,3,253.84,0.15,647.29,128.45,CUST-0793
ORD-04007,2023-10-03,South,Corporate,Office Supplies,Paper,Labels,2,49.99,0.0,99.98,12.79,CUST-0776
ORD-02399,2023-10-04,Central,Consumer,Office Supplies,Paper,Labels,6,66.38,0.1,358.45,64.03,CUST-0486
ORD-01818,2023-10-04,West,Corporate,Technology,Accessories,Keyboard,3,109.35,0.1,295.24,56.36,CUST-0842
ORD-00696,2023-10-05,West,Consumer,Office Supplies,Storage,Organizer,4,78.73,0.05,299.17,48.57,CUST-1025
ORD-03391,2023-10-05,East,Consumer,Technology,Accessories,Keyboard,6,190.7,0.0,1144.2,265.45,CUST-0819
ORD-01942,2023-10-05,East,Home Office,Furniture,Tables,Meeting Table,2,222.87,0.2,356.59,31.19,CUST-0033
ORD-04452,2023-10-05,West,Corporate,Technology,Phones,Phone A,7,161.21,0.25,846.35,135.45,CUST-0631
ORD-03222,2023-10-05,East,Consumer,Office Supplies,Binders,Presentation Binder,1,65.52,0.0,65.52,20.03,CUST-0624
ORD-05945,2023-10-05,South,Corporate,Office Supplies,Binders,Binder,5,37.31,0.0,186.55,24.14,CUST-0792
ORD-01852,2023-10-05,Central,Consumer,Furniture,Chairs,Task Chair,1,154.89,0.25,116.17,9.43,CUST-0341
ORD-05027,2023-10-06,West,Consumer,Furniture,Tables,Side Table,1,206.85,0.15,175.82,16.12,CUST-0447
ORD-00919,2023-10-06,Central,Consumer,Technology,Accessories,Headset,1,230.99,0.1,207.89,38.91,CUST-0657
ORD-01660,2023-10-06,East,Consumer,Furniture,Tables,Side Table,6,198.01,0.0,1188.06,196.22,CUST-0734
ORD-04488,2023-10-06,East,Consumer,Office Supplies,Storage,Organizer,1,52.6,0.2,42.08,12.77,CUST-1110
ORD-01562,2023-10-06,East,Consumer,Furniture,Tables,Meeting Table,2,176.91,0.0,353.82,58.54,CUST-0468
ORD-05451,2023-10-06,South,Corporate,Office Supplies,Binders,File Folder,5,56.55,0.15,240.34,22.84,CUST-1090
ORD-01307,2023-10-07,Central,Consumer,Furniture,Bookcases,Shelf Unit,3,158.83,0.2,381.19,34.06,CUST-0703
ORD-05378,2023-10-07,South,Corporate,Office Supplies,Storage,Storage Box,4,60.34,0.15,205.16,24.3,CUST-0918
ORD-05117,2023-10-07,Central,Home Office,Furniture,Chairs,Task Chair,3,226.65,0.0,679.95,122.62,CUST-0208
ORD-03306,2023-10-07,East,Consumer,Office Supplies,Storage,Storage Box,2,66.0,0.0,132.0,25.03,CUST-0017
ORD-05835,2023-10-07,West,Home Office,Technology,Computers,Laptop,3,241.58,0.2,579.79,101.39,CUST-0775
ORD-05941,2023-10-07,East,Corporate,Office Supplies,Binders,Presentation Binder,5,40.01,0.05,190.05,29.71,CUST-0847
ORD-05637,2023-10-07,East,Corporate,Technology,Computers,Desktop,7,301.36,0.05,2004.04,434.41,CUST-0693
ORD-03793,2023-10-07,Central,Consumer,Furniture,Chairs,Office Chair,2,233.19,0.25,349.78,29.68,CUST-0328
ORD-02126,2023-10-07,East,Consumer,Office Supplies,Binders,Binder,1,74.14,0.0,74.14,21.11,CUST-0583
ORD-05059,2023-10-07,Central,Consumer,Office Supplies,Storage,Drawer Unit,6,62.55,0.15,319.0,53.73,CUST-1007
ORD-05853,2023-10-07,East,Corporate,Office Supplies,Binders,File Folder,1,73.26,0.15,62.27,1.01,CUST-0712
ORD-00346,2023-10-08,Central,Corporate,Office Supplies,Paper,Notebooks,7,77.75,0.2,435.4,74.82,CUST-0463
ORD-01425,2023-10-08,Central,Corporate,Office Supplies,Paper,Copy Paper,4,63.47,0.05,241.19,35.15,CUST-0390
ORD-03319,2023-10-08,West,Consumer,Furniture,Bookcases,Bookcase,4,195.2,0.1,702.72,110.64,CUST-0536
ORD-04358,2023-10-09,East,Consumer,Technology,Computers,Monitor,6,153.59,0.1,829.39,162.29,CUST-0860
ORD-05930,2023-10-09,West,Consumer,Technology,Accessories,Mouse,3,119.52,0.15,304.78,57.07,CUST-1190
ORD-04427,2023-10-09,South,Home Office,Office Supplies,Paper,Labels,5,47.84,0.15,203.32,25.02,CUST-1142
ORD-05477,2023-10-09,South,Consumer,Office Supplies,Paper,Notebooks,5,48.21,0.05,229.0,50.08,CUST-0448
ORD-02188,2023-10-10,West,Consumer,Office Supplies,Binders,Binder,3,70.39,0.2,168.94,15.86,CUST-0973
ORD-00933,2023-10-10,West,Consumer,Technology,Computers,Desktop,6,224.59,0.0,1347.54,311.67,CUST-0034
ORD-02608,2023-10-10,Central,Consumer,Technology,Accessories,Keyboard,1,234.74,0.0,234.74,50.76,CUST-0033
ORD-04344,2023-10-10,East,Consumer,Office Supplies,Binders,File Folder,1,50.5,0.1,45.45,6.56,CUST-0388
ORD-04794,2023-10-10,West,Corporate,Technology,Accessories,Headset,7,199.23,0.25,1045.96,172.2,CUST-0520
ORD-02346,2023-10-10,East,Consumer,Technology,Computers,Monitor,5,145.09,0.1,652.91,138.55,CUST-0801
ORD-03468,2023-10-10,Central,Consumer,Technology,Accessories,Keyboard,3,246.04,0.0,738.12,177.44,CUST-1162
ORD-03974,2023-10-10,South,Home Office,Technology,Phones,Phone B,5,226.17,0.1,1017.76,212.54,CUST-0537
ORD-04235,2023-10-11,Central,Corporate,Office Supplies,Storage,Drawer Unit,5,83.36,0.25,312.6,35.86,CUST-0198
ORD-04398,2023-10-11,West,Consumer,Technology,Computers,Desktop,5,233.23,0.1,1049.53,189.65,CUST-0013
ORD-02421,2023-10-11,West,Corporate,Furniture,Bookcases,Bookcase,2,183.52,0.05,348.69,69.79,CUST-0046
ORD-04407,2023-10-11,South,Consumer,Office Supplies,Binders,Presentation Binder,4,52.36,0.1,188.5,26.99,CUST-0076
ORD-04138,2023-10-11,East,Consumer,Office Supplies,Paper,Copy Paper,7,62.58,0.05,416.16,73.19,CUST-0009
ORD-02079,2023-10-11,West,Consumer,Office Supplies,Binders,Presentation Binder,7,50.58,0.0,354.06,71.11,CUST-0502
ORD-05558,2023-10-12,Central,Home Office,Office Supplies,Paper,Copy Paper,4,49.12,0.2,157.18,25.73,CUST-0342
ORD-01179,2023-10-12,Central,Consumer,Technology,Computers,Monitor,7,225.13,0.2,1260.73,219.24,CUST-0079
ORD-01804,2023-10-12,West,Consumer,Office Supplies,Paper,Copy Paper,4,66.74,0.05,253.61,47.88,CUST-0870
ORD-02418,2023-10-13,South,Consumer,Office Supplies,Paper,Labels,7,55.9,0.15,332.6,37.48,CUST-0797
ORD-01502,2023-10-13,West,Consumer,Technology,Computers,Laptop,6,187.68,0.05,1069.78,236.09,CUST-0606
ORD-04387,2023-10-13,West,Consumer,Furniture,Bookcases,Bookcase,6,153.75,0.15,784.12,86.33,CUST-0731
ORD-02895,2023-10-13,East,Consumer,Technology,Computers,Desktop,6,209.21,0.05,1192.5,261.19,CUST-0111
ORD-04409,2023-10-13,Central,Consumer,Furniture,Bookcases,Storage Cabinet,5,123.56,0.2,494.24,53.31,CUST-0794
ORD-03566,2023-10-13,Central,Consumer,Furniture,Bookcases,Bookcase,5,174.6,0.15,742.05,100.99,CUST-0580
ORD-05947,2023-10-14,East,Consumer,Furniture,Chairs,Office Chair,4,241.02,0.0,964.08,144.45,CUST-0584
ORD-00211,2023-10-14,West,Home Office,Office Supplies,Storage,Storage Box,2,35.44,0.2,56.7,-10.31,CUST-0892
ORD-05153,2023-10-14,Central,Home Office,Office Supplies,Paper,Copy Paper,3,51.66,0.1,139.48,11.27,CUST-0692
ORD-04405,2023-10-14,West,Consumer,Furniture,Chairs,Conference Chair,4,183.71,0.25,551.13,51.54,CUST-0876
ORD-04859,2023-10-15,South,Consumer,Office Supplies,Binders,Presentation Binder,7,75.72,0.2,424.03,58.62,CUST-0994
ORD-04494,2023-10-15,East,Consumer,Technology,Computers,Laptop,6,194.97,0.0,1169.82,265.39,CUST-1003
ORD-00380,2023-10-15,South,Consumer,Office Supplies,Storage,Storage Box,4,79.53,0.1,286.31,43.23,CUST-0537
ORD-04650,2023-10-15,Central,Consumer,Technology,Accessories,Headset,7,209.38,0.05,1392.38,293.35,CUST-0814
ORD-05116,2023-10-15,South,Consumer,Furniture,Chairs,Task Chair,3,178.8,0.05,509.58,68.55,CUST-0605
ORD-04378,2023-10-16,South,Corporate,Office Supplies,Binders,File Folder,2,51.42,0.15,87.41,8.74,CUST-0935
ORD-03720,2023-10-16,West,Consumer,Technology,Accessories,Mouse,5,289.25,0.2,1157.0,212.89,CUST-0944
ORD-03515,2023-10-16,East,Consumer,Furniture,Bookcases,Shelf Unit,1,213.23,0.05,202.57,43.27,CUST-0348
ORD-04172,2023-10-16,West,Consumer,Office Supplies,Binders,Binder,6,41.47,0.2,199.06,35.29,CUST-0402
ORD-04734,2023-10-16,East,Corporate,Office Supplies,Storage,Drawer Unit,5,28.88,0.0,144.4,25.57,CUST-0399
ORD-00209,2023-10-16,East,Consumer,Technology,Computers,Laptop,5,226.2,0.05,1074.45,217.48,CUST-0725
ORD-01297,2023-10-16,West,Corporate,Technology,Computers,Laptop,4,232.09,0.1,835.52,171.1,CUST-0331
ORD-03216,2023-10-17,East,Consumer,Office Supplies,Storage,Organizer,6,35.93,0.25,161.68,17.01,CUST-1123
ORD-04234,2023-10-17,West,Corporate,Office Supplies,Storage,Organizer,5,50.79,0.0,253.95,61.05,CUST-0511
ORD-01459,2023-10-17,East,Consumer,Office Supplies,Storage,Storage Box,1,50.63,0.2,40.5,0.05,CUST-0139
ORD-01882,2023-10-17,Central,Home Office,Technology,Accessories,Headset,6,161.46,0.15,823.45,157.42,CUST-0710
ORD-02492,2023-10-18,Central,Consumer,Office Supplies,Paper,Labels,5,52.27,0.15,222.15,29.3,CUST-0704
ORD-04949,2023-10-18,West,Home Office,Technology,Phones,Phone A,6,336.86,0.1,1819.04,385.88,CUST-0378
ORD-01701,2023-10-18,South,Corporate,Furniture,Bookcases,Bookcase,6,188.52,0.15,961.45,104.27,CUST-1096
ORD-04324,2023-10-18,South,Home Office,Furniture,Tables,Meeting Table,6,219.74,0.0,1318.44,209.58,CUST-0720
ORD-03200,2023-10-18,South,Corporate,Technology,Accessories,Headset,3,171.01,0.25,384.77,59.37,CUST-0154
ORD-01621,2023-10-18,East,Consumer,Office Supplies,Paper,Labels,5,30.59,0.1,137.66,1.81,CUST-0759
ORD-05289,2023-10-18,West,Consumer,Office Supplies,Paper,Labels,4,76.69,0.1,276.08,37.32,CUST-0943
ORD-04741,2023-10-18,West,Consumer,Furniture,Chairs,Task Chair,7,158.98,0.2,890.29,95.96,CUST-0834
ORD-03302,2023-10-19,West,Consumer,Technology,Computers,Desktop,7,261.56,0.1,1647.83,335.32,CUST-1150
ORD-04509,2023-10-19,Central,Consumer,Technology,Accessories,Keyboard,3,139.43,0.05,397.38,93.39,CUST-0115
ORD-00206,2023-10-19,West,Home Office,Office Supplies,Paper,Notebooks,6,44.46,0.05,253.42,66.48,CUST-0564
ORD-04124,2023-10-19,South,Home Office,Technology,Accessories,Mouse,2,243.92,0.2,390.27,58.47,CUST-0160
ORD-01261,2023-10-19,South,Home Office,Technology,Accessories,Keyboard,3,168.45,0.1,454.82,90.67,CUST-0218
ORD-04187,2023-10-19,East,Consumer,Office Supplies,Binders,File Folder,6,46.64,0.05,265.85,40.5,CUST-0763
ORD-00292,2023-10-20,Central,Home Office,Technology,Phones,Phone C,3,175.52,0.1,473.9,89.53,CUST-0592
ORD-01429,2023-10-20,East,Consumer,Technology,Computers,Laptop,2,215.74,0.1,388.33,69.98,CUST-0382
ORD-00618,2023-10-20,East,Consumer,Technology,Computers,Desktop,2,132.48,0.0,264.96,64.16,CUST-0778
ORD-03168,2023-10-21,West,Home Office,Office Supplies,Storage,Storage Box,3,82.1,0.0,246.3,52.3,CUST-0888
ORD-02301,2023-10-21,Central,Consumer,Technology,Computers,Desktop,6,180.98,0.05,1031.59,213.96,CUST-0227
ORD-01673,2023-10-21,East,Consumer,Technology,Accessories,Headset,7,215.39,0.2,1206.18,204.91,CUST-1034
ORD-00509,2023-10-22,Central,Corporate,Technology,Phones,Phone A,6,219.72,0.25,988.74,158.41,CUST-0314
ORD-01011,2023-10-22,East,Corporate,Furniture,Chairs,Conference Chair,6,238.24,0.0,1429.44,225.32,CUST-0803
ORD-02333,2023-10-22,East,Consumer,Technology,Phones,Phone C,4,267.53,0.05,1016.61,215.9,CUST-0616
ORD-04033,2023-10-22,East,Consumer,Office Supplies,Binders,Presentation Binder,1,66.13,0.05,62.82,3.63,CUST-0282
ORD-01123,2023-10-22,South,Consumer,Technology,Computers,Laptop,3,181.55,0.0,544.65,127.63,CUST-1174
ORD-03754,2023-10-22,South,Consumer,Technology,Phones,Phone C,5,176.77,0.05,839.66,192.07,CUST-1124
ORD-04775,2023-10-23,Central,Home Office,Technology,Accessories,Headset,5,192.47,0.0,962.35,229.87,CUST-0044
ORD-04087,2023-10-23,Central,Consumer,Furniture,Bookcases,Storage Cabinet,7,226.53,0.05,1506.42,221.87,CUST-0464
ORD-04332,2023-10-24,South,Consumer,Furniture,Chairs,Task Chair,2,282.54,0.0,565.08,89.02,CUST-0632
ORD-05676,2023-10-24,Central,Consumer,Office Supplies,Storage,Organizer,4,41.5,0.1,149.4,16.82,CUST-0327
ORD-00890,2023-10-24,East,Home Office,Technology,Computers,Desktop,1,314.6,0.15,267.41,44.58,CUST-1164
ORD-02658,2023-10-24,South,Corporate,Furniture,Bookcases,Bookcase,7,178.8,0.15,1063.86,118.02,CUST-0955
ORD-02577,2023-10-24,South,Consumer,Office Supplies,Paper,Copy Paper,3,60.93,0.1,164.51,23.72,CUST-0692
ORD-02430,2023-10-24,Central,Home Office,Technology,Phones,Phone A,5,162.26,0.1,730.17,144.22,CUST-0808
ORD-00779,2023-10-24,Central,Corporate,Furniture,Tables,Meeting Table,3,179.39,0.2,430.54,43.43,CUST-1145
ORD-00744,2023-10-24,West,Corporate,Furniture,Tables,Desk,1,186.52,0.0,186.52,15.97,CUST-1095
ORD-02238,2023-10-24,East,Corporate,Furniture,Bookcases,Bookcase,2,167.15,0.1,300.87,44.14,CUST-1145
ORD-04017,2023-10-24,West,Corporate,Furniture,Tables,Meeting Table,3,73.68,0.2,176.83,25.88,CUST-0685
ORD-05230,2023-10-25,Central,Consumer,Furniture,Bookcases,Shelf Unit,6,219.96,0.15,1121.8,137.97,CUST-0712
ORD-00216,2023-10-26,Central,Corporate,Furniture,Tables,Meeting Table,1,147.65,0.1,132.89,13.2,CUST-0728
ORD-03100,2023-10-26,East,Corporate,Furniture,Tables,Meeting Table,7,224.62,0.15,1336.49,169.74,CUST-0173
ORD-03032,2023-10-26,West,Corporate,Office Supplies,Paper,Copy Paper,5,52.42,0.1,235.89,26.13,CUST-1068
ORD-05470,2023-10-26,West,Home Office,Technology,Accessories,Headset,1,228.43,0.0,228.43,48.58,CUST-0030
ORD-03060,2023-10-27,South,Consumer,Office Supplies,Paper,Copy Paper,2,58.46,0.05,111.07,12.56,CUST-0921
ORD-04918,2023-10-27,East,Corporate,Office Supplies,Paper,Copy Paper,3,56.28,0.05,160.4,31.65,CUST-0543
ORD-01640,2023-10-27,East,Consumer,Furniture,Bookcases,Storage Cabinet,3,141.09,0.2,338.62,46.72,CUST-0669
ORD-05711,2023-10-27,Central,Consumer,Office Supplies,Binders,File Folder,5,45.04,0.0,225.2,41.2,CUST-0016
ORD-04247,2023-10-27,South,Home Office,Technology,Phones,Phone B,5,266.28,0.2,1065.12,174.37,CUST-1055
ORD-05365,2023-10-27,Central,Consumer,Technology,Computers,Laptop,1,199.39,0.05,189.42,37.35,CUST-0200
ORD-03304,2023-10-28,East,Consumer,Furniture,Chairs,Task Chair,5,192.58,0.1,866.61,116.42,CUST-1050
ORD-05754,2023-10-28,South,Home Office,Furniture,Bookcases,Storage Cabinet,4,228.25,0.1,821.7,124.47,CUST-0469
ORD-00505,2023-10-28,Central,Corporate,Technology,Accessories,Headset,6,228.06,0.2,1094.69,184.69,CUST-0573
ORD-04242,2023-10-28,West,Consumer,Office Supplies,Storage,Organizer,2,62.99,0.0,125.98,35.52,CUST-0273
ORD-03796,2023-10-29,Central,Corporate,Office Supplies,Paper,Labels,1,48.59,0.1,43.73,7.75,CUST-0118
ORD-01322,2023-10-29,Central,Consumer,Furniture,Tables,Desk,6,199.34,0.15,1016.63,114.96,CUST-0380
ORD-04633,2023-10-29,South,Home Office,Furniture,Bookcases,Shelf Unit,6,195.67,0.0,1174.02,188.85,CUST-0856
ORD-02106,2023-10-29,West,Consumer,Furniture,Tables,Meeting Table,1,187.64,0.05,178.26,31.96,CUST-0382
ORD-01491,2023-10-29,West,Consumer,Furniture,Chairs,Office Chair,7,193.22,0.1,1217.29,164.59,CUST-0239
ORD-04579,2023-10-29,East,Home Office,Technology,Accessories,Mouse,4,232.43,0.05,883.23,192.62,CUST-0224
ORD-00281,2023-10-30,Central,Home Office,Office Supplies,Paper,Labels,7,61.94,0.1,390.22,67.97,CUST-0198
ORD-03307,2023-10-30,Central,Consumer,Furniture,Bookcases,Shelf Unit,3,253.68,0.1,684.94,101.57,CUST-0487
ORD-03212,2023-10-30,Central,Consumer,Office Supplies,Binders,File Folder,5,57.04,0.0,285.2,54.15,CUST-0241
ORD-04316,2023-10-30,East,Consumer,Technology,Accessories,Headset,7,209.15,0.0,1464.05,333.23,CUST-0491
ORD-02955,2023-10-31,West,Home Office,Office Supplies,Binders,Presentation Binder,1,59.29,0.2,47.43,-2.31,CUST-0438
ORD-03083,2023-10-31,Central,Consumer,Office Supplies,Paper,Labels,2,72.36,0.0,144.72,35.26,CUST-0910
ORD-00039,2023-10-31,East,Consumer,Furniture,Chairs,Office Chair,3,178.04,0.2,427.3,44.94,CUST-0672
ORD-05010,2023-10-31,Central,Corporate,Technology,Computers,Monitor,2,223.51,0.1,402.32,82.3,CUST-0861
ORD-00143,2023-10-31,South,Consumer,Technology,Accessories,Headset,4,231.38,0.15,786.69,148.41,CUST-0761
ORD-05703,2023-10-31,East,Corporate,Furniture,Bookcases,Storage Cabinet,4,162.26,0.1,584.14,70.69,CUST-0084
ORD-04301,2023-10-31,West,Corporate,Office Supplies,Binders,Binder,7,52.02,0.05,345.93,64.72,CUST-1089
ORD-00111,2023-10-31,West,Home Office,Technology,Accessories,Keyboard,1,259.38,0.05,246.41,65.66,CUST-0408
ORD-05964,2023-11-01,Central,Home Office,Technology,Accessories,Keyboard,3,248.55,0.25,559.24,88.02,CUST-1137
ORD-01192,2023-11-01,Central,Consumer,Technology,Accessories,Headset,2,217.07,0.1,390.73,73.4,CUST-0958
ORD-05611,2023-11-01,East,Consumer,Furniture,Tables,Desk,5,205.09,0.0,1025.45,158.06,CUST-0575
ORD-00950,2023-11-01,West,Consumer,Office Supplies,Binders,File Folder,4,53.59,0.0,214.36,46.43,CUST-0697
ORD-05839,2023-11-01,East,Consumer,Office Supplies,Binders,File Folder,7,26.83,0.1,169.03,26.37,CUST-0804
ORD-01794,2023-11-01,South,Home Office,Furniture,Chairs,Office Chair,4,217.35,0.0,869.4,152.55,CUST-0680
ORD-02045,2023-11-01,East,Corporate,Office Supplies,Paper,Labels,3,56.81,0.0,170.43,35.46,CUST-0920
ORD-02849,2023-11-03,East,Consumer,Technology,Phones,Phone C,6,282.58,0.1,1525.93,327.94,CUST-0090
ORD-00413,2023-11-03,West,Consumer,Office Supplies,Paper,Notebooks,7,46.98,0.15,279.53,40.95,CUST-0253
ORD-04146,2023-11-03,Central,Consumer,Office Supplies,Binders,Binder,7,24.5,0.2,137.2,24.38,CUST-0091
ORD-04246,2023-11-03,South,Home Office,Technology,Phones,Phone C,7,194.16,0.2,1087.3,187.15,CUST-0806
ORD-04034,2023-11-03,East,Consumer,Office Supplies,Paper,Notebooks,5,67.71,0.0,338.55,64.06,CUST-0578
ORD-01028,2023-11-04,Central,Consumer,Office Supplies,Paper,Labels,5,49.98,0.1,224.91,31.13,CUST-0624
ORD-01551,2023-11-04,East,Home Office,Technology,Computers,Desktop,6,215.09,0.05,1226.01,269.07,CUST-1180
ORD-02000,2023-11-04,Central,Home Office,Furniture,Tables,Meeting Table,2,154.77,0.15,263.11,33.72,CUST-0365
ORD-00399,2023-11-04,Central,Corporate,Office Supplies,Storage,Organizer,3,69.04,0.15,176.05,19.99,CUST-0887
ORD-01999,2023-11-04,West,Consumer,Technology,Accessories,Keyboard,3,319.84,0.15,815.59,139.92,CUST-1108
ORD-02109,2023-11-04,West,Consumer,Furniture,Bookcases,Bookcase,3,233.06,0.15,594.3,59.04,CUST-0380
ORD-02311,2023-11-04,West,Consumer,Office Supplies,Storage,Storage Box,1,56.67,0.15,48.17,9.87,CUST-0322
ORD-02111,2023-11-05,East,Consumer,Furniture,Tables,Side Table,3,220.32,0.05,627.91,95.18,CUST-0151
ORD-00152,2023-11-05,Central,Consumer,Office Supplies,Paper,Notebooks,2,53.84,0.2,86.14,4.66,CUST-1193
ORD-00314,2023-11-05,Central,Corporate,Office Supplies,Paper,Labels,6,68.33,0.0,409.98,87.03,CUST-0009
ORD-02979,2023-11-06,East,Consumer,Office Supplies,Paper,Copy Paper,6,47.15,0.1,254.61,40.39,CUST-1062
ORD-05634,2023-11-06,Central,Corporate,Office Supplies,Storage,Drawer Unit,6,45.71,0.1,246.83,39.73,CUST-0350
ORD-03039,2023-11-06,East,Corporate,Office Supplies,Storage,Storage Box,4,46.88,0.25,140.64,18.0,CUST-0307
ORD-00573,2023-11-06,West,Consumer,Technology,Phones,Phone B,4,210.82,0.1,758.95,142.83,CUST-0366
ORD-02787,2023-11-06,South,Corporate,Furniture,Bookcases,Storage Cabinet,6,177.82,0.05,1013.57,147.98,CUST-0217
ORD-01917,2023-11-06,Central,Consumer,Technology,Accessories,Headset,5,167.59,0.2,670.36,115.76,CUST-0047
ORD-04015,2023-11-06,East,Consumer,Technology,Phones,Phone B,1,195.02,0.0,195.02,34.04,CUST-0186
ORD-02871,2023-11-06,Central,Consumer,Office Supplies,Paper,Copy Paper,7,62.47,0.15,371.7,42.55,CUST-0023
ORD-02110,2023-11-07,South,Consumer,Furniture,Bookcases,Bookcase,5,249.66,0.15,1061.05,119.91,CUST-0333
ORD-01410,2023-11-07,East,Consumer,Furniture,Chairs,Task Chair,3,229.26,0.1,619.0,78.37,CUST-1169
ORD-05936,2023-11-07,South,Consumer,Furniture,Tables,Desk,5,174.65,0.0,873.25,130.87,CUST-1077
ORD-05890,2023-11-07,East,Consumer,Office Supplies,Binders,Presentation Binder,5,63.29,0.15,268.98,36.19,CUST-0424
ORD-01382,2023-11-08,West,Corporate,Technology,Phones,Phone C,2,163.05,0.25,244.58,38.6,CUST-0108
ORD-03420,2023-11-08,Central,Consumer,Technology,Phones,Phone C,5,207.85,0.2,831.4,149.74,CUST-0457
ORD-00814,2023-11-08,East,Consumer,Office Supplies,Binders,Binder,3,55.38,0.25,124.61,24.29,CUST-0304
ORD-05541,2023-11-08,East,Corporate,Technology,Computers,Monitor,2,192.79,0.1,347.02,69.04,CUST-0462
ORD-03599,2023-11-08,East,Corporate,Technology,Computers,Desktop,7,271.24,0.0,1898.68,443.22,CUST-0214
ORD-00299,2023-11-08,West,Corporate,Technology,Phones,Phone A,7,249.56,0.0,1746.92,400.24,CUST-0569
ORD-02706,2023-11-08,West,Consumer,Furniture,Tables,Side Table,4,182.6,0.15,620.84,80.83,CUST-0676
ORD-03994,2023-11-09,West,Consumer,Office Supplies,Paper,Labels,1,62.32,0.1,56.09,6.57,CUST-0008
ORD-05110,2023-11-09,Central,Corporate,Technology,Accessories,Keyboard,6,186.21,0.1,1005.53,209.4,CUST-0699
ORD-00534,2023-11-09,East,Consumer,Office Supplies,Storage,Drawer Unit,2,55.33,0.15,94.06,19.87,CUST-0183
ORD-05345,2023-11-09,South,Consumer,Office Supplies,Paper,Notebooks,4,63.24,0.0,252.96,57.58,CUST-0729
ORD-04711,2023-11-09,West,Consumer,Furniture,Tables,Desk,3,153.8,0.0,461.4,78.96,CUST-0460
ORD-05370,2023-11-09,East,Home Office,Furniture,Tables,Desk,3,151.52,0.0,454.56,75.09,CUST-0321
ORD-04907,2023-11-09,Central,Consumer,Furniture,Chairs,Office Chair,2,175.93,0.0,351.86,47.83,CUST-0308
ORD-04082,2023-11-09,South,Consumer,Technology,Phones,Phone A,7,167.46,0.05,1113.61,247.43,CUST-0814
ORD-01209,2023-11-09,West,Consumer,Furniture,Tables,Side Table,4,225.99,0.0,903.96,135.5,CUST-0707
ORD-02812,2023-11-10,East,Consumer,Office Supplies,Storage,Drawer Unit,2,76.75,0.25,115.12,11.22,CUST-1043
ORD-00450,2023-11-10,South,Consumer,Technology,Computers,Desktop,2,215.73,0.0,431.46,87.02,CUST-0613
ORD-02193,2023-11-10,East,Corporate,Technology,Accessories,Headset,3,223.98,0.0,671.94,166.89,CUST-0012
ORD-02219,2023-11-10,West,Consumer,Technology,Computers,Desktop,7,252.32,0.1,1589.62,318.51,CUST-0199
ORD-05287,2023-11-11,West,Corporate,Office Supplies,Storage,Organizer,2,62.4,0.1,112.32,17.83,CUST-0060
ORD-05163,2023-11-11,East,Home Office,Furniture,Tables,Desk,3,118.79,0.15,302.91,33.59,CUST-0277
ORD-01993,2023-11-11,Central,Corporate,Office Supplies,Storage,Organizer,6,46.91,0.2,225.17,24.13,CUST-0178
ORD-03716,2023-11-11,South,Consumer,Office Supplies,Storage,Storage Box,3,62.16,0.0,186.48,37.78,CUST-0651
ORD-04024,2023-11-11,West,Consumer,Furniture,Chairs,Office Chair,1,144.69,0.15,122.99,17.37,CUST-0615
ORD-05642,2023-11-12,South,Corporate,Office Supplies,Binders,Binder,1,68.82,0.05,65.38,13.09,CUST-0453
ORD-03368,2023-11-12,East,Consumer,Furniture,Chairs,Conference Chair,2,123.86,0.15,210.56,30.0,CUST-0335
ORD-00660,2023-11-12,East,Consumer,Office Supplies,Binders,File Folder,5,77.6,0.05,368.6,52.88,CUST-0957
ORD-04688,2023-11-12,Central,Consumer,Furniture,Bookcases,Shelf Unit,2,197.19,0.1,354.94,40.33,CUST-0494
ORD-01230,2023-11-12,East,Consumer,Office Supplies,Binders,Presentation Binder,6,63.34,0.15,323.03,48.44,CUST-0856
ORD-04632,2023-11-12,Central,Home Office,Office Supplies,Binders,Presentation Binder,1,59.36,0.05,56.39,20.74,CUST-0994
ORD-00481,2023-11-12,West,Home Office,Technology,Phones,Phone B,2,298.24,0.15,507.01,105.71,CUST-0876
ORD-00855,2023-11-12,Central,Consumer,Office Supplies,Paper,Notebooks,3,76.65,0.0,229.95,27.11,CUST-0231
ORD-02398,2023-11-13,West,Corporate,Office Supplies,Paper,Copy Paper,7,75.0,0.25,393.75,62.33,CUST-0709
ORD-02419,2023-11-13,East,Corporate,Technology,Phones,Phone B,7,201.3,0.15,1197.74,225.9,CUST-0370
ORD-05258,2023-11-13,East,Consumer,Furniture,Chairs,Office Chair,4,235.11,0.0,940.44,155.03,CUST-0122
ORD-00841,2023-11-13,Central,Corporate,Furniture,Chairs,Task Chair,5,187.12,0.1,842.04,114.82,CUST-0149
ORD-02807,2023-11-13,Central,Corporate,Technology,Computers,Laptop,7,234.28,0.1,1475.96,301.8,CUST-1107
ORD-00096,2023-11-13,East,Corporate,Office Supplies,Binders,Binder,5,69.31,0.15,294.57,36.39,CUST-0164
ORD-01483,2023-11-14,South,Corporate,Furniture,Chairs,Conference Chair,5,234.57,0.05,1114.21,166.95,CUST-0010
ORD-00495,2023-11-14,East,Consumer,Technology,Computers,Monitor,3,165.05,0.15,420.88,66.29,CUST-0926
ORD-02041,2023-11-14,East,Home Office,Furniture,Bookcases,Storage Cabinet,4,123.59,0.15,420.21,53.64,CUST-0204
ORD-03596,2023-11-14,West,Corporate,Technology,Computers,Desktop,3,203.25,0.0,609.75,138.09,CUST-0198
ORD-02186,2023-11-14,South,Consumer,Furniture,Bookcases,Shelf Unit,3,139.6,0.1,376.92,44.57,CUST-1092
ORD-03294,2023-11-14,South,Corporate,Technology,Computers,Monitor,4,201.87,0.2,645.98,115.21,CUST-0396
ORD-03699,2023-11-14,Central,Corporate,Furniture,Bookcases,Shelf Unit,7,153.37,0.0,1073.59,167.11,CUST-0688
ORD-02541,2023-11-14,South,Home Office,Office Supplies,Storage,Drawer Unit,2,60.31,0.1,108.56,18.1,CUST-0063
ORD-04507,2023-11-14,South,Consumer,Office Supplies,Storage,Organizer,3,39.56,0.25,89.01,-6.38,CUST-0005
ORD-02229,2023-11-14,East,Corporate,Office Supplies,Paper,Copy Paper,2,62.8,0.2,100.48,-3.85,CUST-0676
ORD-03389,2023-11-14,South,Corporate,Office Supplies,Paper,Copy Paper,3,48.08,0.2,115.39,13.43,CUST-0756
ORD-02197,2023-11-15,West,Consumer,Furniture,Chairs,Task Chair,1,181.13,0.2,144.9,13.41,CUST-0925
ORD-03525,2023-11-15,West,Corporate,Furniture,Tables,Side Table,3,217.6,0.15,554.88,77.34,CUST-0920
ORD-00342,2023-11-15,South,Consumer,Office Supplies,Binders,File Folder,6,67.18,0.0,403.08,73.82,CUST-0356
ORD-04725,2023-11-15,South,Home Office,Technology,Accessories,Headset,4,202.39,0.0,809.56,184.04,CUST-1059
ORD-05290,2023-11-15,East,Consumer,Furniture,Tables,Side Table,5,223.33,0.1,1004.99,139.79,CUST-0676
ORD-04263,2023-11-16,West,Consumer,Furniture,Bookcases,Shelf Unit,7,242.81,0.05,1614.69,239.02,CUST-0290
ORD-04115,2023-11-16,South,Consumer,Technology,Phones,Phone C,6,166.97,0.15,851.55,160.19,CUST-1000
ORD-01561,2023-11-16,South,Consumer,Office Supplies,Binders,File Folder,1,54.6,0.1,49.14,7.64,CUST-0487
ORD-03042,2023-11-16,East,Corporate,Office Supplies,Paper,Copy Paper,7,61.8,0.15,367.71,64.51,CUST-1053
ORD-02583,2023-11-16,West,Consumer,Furniture,Bookcases,Bookcase,2,190.86,0.0,381.72,53.71,CUST-0041
ORD-05049,2023-11-16,West,Consumer,Technology,Accessories,Headset,6,139.13,0.15,709.56,136.25,CUST-0524
ORD-04617,2023-11-17,West,Consumer,Office Supplies,Binders,File Folder,5,45.13,0.0,225.65,33.9,CUST-1133
ORD-01114,2023-11-17,West,Home Office,Office Supplies,Paper,Copy Paper,2,60.6,0.0,121.2,27.91,CUST-0558
ORD-04580,2023-11-17,West,Consumer,Technology,Phones,Phone A,4,206.29,0.0,825.16,204.61,CUST-0971
ORD-00154,2023-11-18,East,Home Office,Technology,Accessories,Headset,7,235.75,0.05,1567.74,343.7,CUST-0673
ORD-01451,2023-11-18,South,Consumer,Office Supplies,Paper,Labels,7,30.77,0.05,204.62,28.5,CUST-0416
ORD-04649,2023-11-18,West,Consumer,Furniture,Tables,Desk,4,214.44,0.05,814.87,112.48,CUST-1155
ORD-03437,2023-11-19,West,Consumer,Technology,Computers,Desktop,4,220.22,0.05,836.84,183.72,CUST-1090
ORD-05100,2023-11-19,South,Consumer,Furniture,Tables,Side Table,4,190.5,0.0,762.0,126.16,CUST-0581
ORD-04771,2023-11-20,East,Home Office,Technology,Computers,Desktop,3,247.91,0.1,669.36,134.22,CUST-0132
ORD-02255,2023-11-20,Central,Consumer,Office Supplies,Paper,Notebooks,6,59.91,0.0,359.46,79.47,CUST-1195
ORD-01820,2023-11-20,Central,Consumer,Office Supplies,Paper,Copy Paper,3,56.59,0.0,169.77,26.77,CUST-0541
ORD-00796,2023-11-20,Central,Corporate,Office Supplies,Paper,Copy Paper,4,84.6,0.15,287.64,49.85,CUST-0393
ORD-05190,2023-11-20,South,Home Office,Furniture,Bookcases,Shelf Unit,3,107.4,0.25,241.65,17.32,CUST-0316
ORD-04397,2023-11-20,West,Consumer,Furniture,Tables,Meeting Table,5,176.0,0.2,704.0,61.11,CUST-0095
ORD-01646,2023-11-20,South,Consumer,Furniture,Chairs,Task Chair,7,223.36,0.15,1328.99,162.4,CUST-0611
ORD-03592,2023-11-20,Central,Home Office,Technology,Phones,Phone C,2,290.94,0.25,436.41,51.71,CUST-0853
ORD-00271,2023-11-20,South,Consumer,Technology,Computers,Desktop,4,215.71,0.0,862.84,186.08,CUST-0045
ORD-01338,2023-11-21,East,Home Office,Office Supplies,Paper,Notebooks,5,58.91,0.05,279.82,54.14,CUST-0280
ORD-01581,2023-11-21,Central,Corporate,Office Supplies,Storage,Drawer Unit,5,66.65,0.25,249.94,28.97,CUST-0297
ORD-01907,2023-11-21,South,Corporate,Furniture,Bookcases,Storage Cabinet,4,237.55,0.25,712.65,62.34,CUST-0536
ORD-04939,2023-11-21,East,Corporate,Furniture,Tables,Side Table,4,245.87,0.15,835.96,103.17,CUST-0966
ORD-01862,2023-11-21,South,Corporate,Office Supplies,Binders,Presentation Binder,5,61.9,0.1,278.55,47.06,CUST-1003
ORD-03178,2023-11-21,West,Home Office,Furniture,Tables,Meeting Table,5,144.79,0.2,579.16,68.09,CUST-1039
ORD-00419,2023-11-22,East,Consumer,Technology,Computers,Desktop,3,208.43,0.25,468.97,91.47,CUST-0550
ORD-04816,2023-11-22,West,Home Office,Technology,Accessories,Mouse,4,174.38,0.1,627.77,127.83,CUST-0959
ORD-04205,2023-11-22,Central,Consumer,Furniture,Tables,Side Table,3,142.97,0.0,428.91,77.35,CUST-0648
ORD-02273,2023-11-22,South,Home Office,Furniture,Tables,Desk,3,144.92,0.1,391.28,38.35,CUST-0491
ORD-00638,2023-11-22,East,Corporate,Technology,Accessories,Headset,5,136.04,0.0,680.2,152.83,CUST-0031
ORD-04482,2023-11-22,South,Consumer,Technology,Computers,Monitor,1,266.51,0.1,239.86,41.72,CUST-0093
ORD-03475,2023-11-23,East,Corporate,Furniture,Chairs,Task Chair,6,143.55,0.1,775.17,110.41,CUST-0080
ORD-01239,2023-11-23,West,Consumer,Technology,Computers,Monitor,5,169.75,0.15,721.44,134.72,CUST-0540
ORD-05464,2023-11-24,South,Consumer,Furniture,Chairs,Task Chair,2,209.21,0.05,397.5,61.38,CUST-0401
ORD-00353,2023-11-24,East,Consumer,Office Supplies,Paper,Labels,5,52.12,0.15,221.51,34.98,CUST-0620
ORD-04590,2023-11-24,West,Consumer,Furniture,Chairs,Task Chair,7,206.63,0.05,1374.09,204.7,CUST-0836
ORD-01316,2023-11-24,Central,Home Office,Office Supplies,Binders,Presentation Binder,2,64.68,0.0,129.36,18.7,CUST-0017
ORD-00971,2023-11-24,South,Corporate,Technology,Phones,Phone A,2,188.19,0.0,376.38,90.18,CUST-0851
ORD-01400,2023-11-25,Central,Corporate,Furniture,Tables,Side Table,6,214.01,0.15,1091.45,143.39,CUST-1080
ORD-05233,2023-11-25,South,Corporate,Furniture,Tables,Desk,6,136.49,0.15,696.1,91.34,CUST-1099
ORD-03205,2023-11-25,East,Consumer,Technology,Computers,Desktop,1,225.58,0.1,203.02,48.05,CUST-0891
ORD-05543,2023-11-25,West,Corporate,Office Supplies,Paper,Labels,7,60.61,0.1,381.84,59.95,CUST-0860
ORD-05737,2023-11-25,West,Corporate,Office Supplies,Binders,File Folder,4,45.54,0.15,154.84,19.56,CUST-0787
ORD-01403,2023-11-25,East,Consumer,Office Supplies,Paper,Notebooks,7,48.02,0.1,302.53,46.36,CUST-0574
ORD-00263,2023-11-25,East,Corporate,Furniture,Tables,Side Table,5,109.82,0.1,494.19,70.26,CUST-1176
ORD-04511,2023-11-25,Central,Consumer,Technology,Computers,Laptop,7,199.26,0.2,1115.86,194.77,CUST-0385
ORD-05813,2023-11-25,Central,Home Office,Technology,Computers,Desktop,1,232.88,0.1,209.59,43.16,CUST-0962
ORD-03844,2023-11-26,West,Consumer,Technology,Phones,Phone B,3,204.64,0.0,613.92,148.92,CUST-0860
ORD-00442,2023-11-26,East,Home Office,Office Supplies,Paper,Copy Paper,1,42.58,0.1,38.32,2.69,CUST-0343
ORD-04699,2023-11-26,East,Consumer,Technology,Computers,Laptop,6,275.04,0.0,1650.24,384.12,CUST-1131
ORD-05425,2023-11-26,West,Consumer,Office Supplies,Binders,File Folder,2,55.96,0.0,111.92,14.41,CUST-1081
ORD-02833,2023-11-26,West,Corporate,Furniture,Bookcases,Storage Cabinet,7,158.18,0.1,996.53,131.9,CUST-0416
ORD-00190,2023-11-27,West,Corporate,Technology,Accessories,Keyboard,4,269.29,0.15,915.59,169.63,CUST-0810
ORD-02467,2023-11-27,South,Consumer,Technology,Phones,Phone C,2,250.4,0.25,375.6,68.72,CUST-0929
ORD-00802,2023-11-27,East,Corporate,Furniture,Tables,Side Table,4,210.21,0.1,756.76,92.9,CUST-0472
ORD-01601,2023-11-27,Central,Corporate,Technology,Phones,Phone C,1,171.76,0.1,154.58,27.22,CUST-0393
ORD-01823,2023-11-27,Central,Consumer,Office Supplies,Paper,Notebooks,5,66.88,0.0,334.4,59.81,CUST-0707
ORD-04158,2023-11-27,South,Consumer,Office Supplies,Binders,File Folder,2,39.89,0.15,67.81,3.6,CUST-0177
ORD-01367,2023-11-27,West,Corporate,Furniture,Chairs,Task Chair,6,127.06,0.1,686.12,84.63,CUST-1155
ORD-02997,2023-11-27,Central,Consumer,Furniture,Bookcases,Bookcase,3,127.9,0.0,383.7,51.46,CUST-1060
ORD-00928,2023-11-27,South,Consumer,Office Supplies,Storage,Storage Box,6,58.07,0.05,331.0,59.21,CUST-0857
ORD-05341,2023-11-27,East,Corporate,Furniture,Tables,Desk,3,136.65,0.2,327.96,24.1,CUST-0458
ORD-05483,2023-11-27,South,Home Office,Technology,Accessories,Mouse,2,183.46,0.0,366.92,88.7,CUST-0721
ORD-03430,2023-11-27,East,Consumer,Furniture,Bookcases,Shelf Unit,6,245.58,0.2,1178.78,105.95,CUST-1125
ORD-02776,2023-11-27,East,Consumer,Technology,Accessories,Headset,4,190.33,0.1,685.19,141.39,CUST-0202
ORD-01476,2023-11-28,Central,Consumer,Office Supplies,Paper,Copy Paper,4,47.01,0.05,178.64,36.02,CUST-0952
ORD-05221,2023-11-28,West,Consumer,Technology,Accessories,Headset,6,201.5,0.0,1209.0,276.97,CUST-1181
ORD-02021,2023-11-28,South,Consumer,Furniture,Tables,Desk,6,205.47,0.0,1232.82,204.63,CUST-0832
ORD-00307,2023-11-28,East,Home Office,Furniture,Chairs,Office Chair,5,167.76,0.1,754.92,87.96,CUST-0734
ORD-02052,2023-11-28,West,Consumer,Technology,Phones,Phone B,5,274.54,0.0,1372.7,307.17,CUST-0509
ORD-04375,2023-11-29,West,Home Office,Furniture,Tables,Meeting Table,7,177.44,0.15,1055.77,111.16,CUST-1088
ORD-04177,2023-11-29,East,Consumer,Office Supplies,Binders,Presentation Binder,1,61.8,0.0,61.8,8.13,CUST-0037
ORD-02708,2023-11-29,South,Consumer,Technology,Computers,Monitor,6,156.17,0.05,890.17,192.85,CUST-0295
ORD-03106,2023-11-29,South,Corporate,Furniture,Tables,Meeting Table,6,123.91,0.1,669.11,94.97,CUST-0068
ORD-03742,2023-11-29,West,Consumer,Technology,Computers,Desktop,6,167.45,0.2,803.76,143.14,CUST-0833
ORD-03899,2023-11-29,Central,Corporate,Office Supplies,Paper,Copy Paper,2,68.09,0.1,122.56,28.51,CUST-0851
ORD-00952,2023-11-30,South,Home Office,Technology,Phones,Phone B,6,281.85,0.25,1268.32,201.0,CUST-0513
ORD-01838,2023-11-30,East,Corporate,Furniture,Chairs,Conference Chair,5,215.57,0.05,1023.96,155.31,CUST-0928
ORD-00136,2023-11-30,Central,Corporate,Furniture,Chairs,Office Chair,6,226.54,0.0,1359.24,221.99,CUST-0937
ORD-01155,2023-12-01,Central,Consumer,Furniture,Chairs,Task Chair,6,179.58,0.15,915.86,108.55,CUST-0963
ORD-02089,2023-12-01,South,Home Office,Furniture,Tables,Meeting Table,2,175.61,0.0,351.22,58.29,CUST-1079
ORD-04746,2023-12-01,Central,Home Office,Furniture,Tables,Side Table,4,163.14,0.15,554.68,70.95,CUST-0086
ORD-02187,2023-12-01,East,Home Office,Technology,Accessories,Keyboard,4,259.45,0.05,985.91,218.05,CUST-0668
ORD-04789,2023-12-02,West,Consumer,Office Supplies,Binders,Presentation Binder,3,42.52,0.2,102.05,18.34,CUST-0311
ORD-01105,2023-12-02,South,Corporate,Furniture,Chairs,Conference Chair,6,152.73,0.15,778.92,93.83,CUST-0127
ORD-04039,2023-12-02,South,Consumer,Furniture,Chairs,Conference Chair,5,147.41,0.1,663.34,80.09,CUST-0034
ORD-02595,2023-12-02,Central,Consumer,Office Supplies,Storage,Storage Box,7,61.27,0.05,407.45,63.96,CUST-0248
ORD-00226,2023-12-02,South,Corporate,Technology,Accessories,Headset,3,230.29,0.15,587.24,110.12,CUST-0681
ORD-01391,2023-12-02,East,Corporate,Office Supplies,Binders,Presentation Binder,1,56.28,0.15,47.84,19.46,CUST-0292
ORD-03342,2023-12-02,South,Home Office,Office Supplies,Paper,Copy Paper,1,46.84,0.25,35.13,11.2,CUST-0490
ORD-04667,2023-12-03,Central,Corporate,Office Supplies,Binders,Presentation Binder,2,54.17,0.1,97.51,7.05,CUST-0621
ORD-05805,2023-12-03,South,Corporate,Technology,Phones,Phone C,4,217.41,0.0,869.64,192.88,CUST-0952
ORD-04495,2023-12-03,South,Corporate,Office Supplies,Paper,Labels,3,70.41,0.2,168.98,23.68,CUST-0133
ORD-04447,2023-12-04,Central,Home Office,Technology,Accessories,Mouse,6,264.53,0.1,1428.46,286.27,CUST-0242
ORD-03584,2023-12-04,East,Corporate,Office Supplies,Storage,Organizer,6,59.91,0.0,359.46,68.98,CUST-0487
ORD-04588,2023-12-04,South,Corporate,Technology,Accessories,Keyboard,1,204.46,0.0,204.46,50.38,CUST-0931
ORD-01779,2023-12-04,East,Corporate,Furniture,Bookcases,Storage Cabinet,4,151.35,0.1,544.86,70.71,CUST-0152
ORD-03062,2023-12-04,West,Corporate,Technology,Computers,Laptop,7,253.83,0.15,1510.29,271.42,CUST-0629
ORD-01186,2023-12-04,South,Consumer,Technology,Phones,Phone B,2,193.84,0.1,348.91,65.2,CUST-0053
ORD-02127,2023-12-04,West,Consumer,Technology,Accessories,Keyboard,1,221.4,0.2,177.12,32.55,CUST-0152
ORD-05455,2023-12-04,East,Corporate,Technology,Computers,Monitor,7,172.6,0.0,1208.2,280.12,CUST-0817
ORD-03697,2023-12-04,West,Corporate,Technology,Accessories,Headset,3,278.2,0.0,834.6,193.51,CUST-0420
ORD-03549,2023-12-04,Central,Consumer,Technology,Computers,Monitor,2,222.32,0.0,444.64,109.65,CUST-0907
ORD-02309,2023-12-04,East,Consumer,Office Supplies,Binders,Presentation Binder,2,47.61,0.1,85.7,18.92,CUST-0922
ORD-05349,2023-12-05,East,Home Office,Technology,Phones,Phone A,2,250.32,0.05,475.61,103.38,CUST-0351
ORD-00239,2023-12-05,West,Corporate,Office Supplies,Storage,Storage Box,7,71.32,0.2,399.39,59.39,CUST-0218
ORD-02355,2023-12-05,South,Consumer,Furniture,Chairs,Conference Chair,4,219.26,0.25,657.78,55.71,CUST-1083
ORD-04290,2023-12-05,East,Home Office,Technology,Computers,Laptop,5,267.1,0.2,1068.4,191.37,CUST-0984
ORD-03373,2023-12-05,South,Consumer,Office Supplies,Binders,Binder,1,46.35,0.05,44.03,16.06,CUST-0603
ORD-05767,2023-12-05,South,Consumer,Office Supplies,Storage,Organizer,7,67.28,0.05,447.41,64.38,CUST-1040
ORD-05986,2023-12-06,Central,Corporate,Furniture,Bookcases,Shelf Unit,4,222.15,0.05,844.17,118.17,CUST-0329
ORD-04569,2023-12-06,South,Consumer,Office Supplies,Paper,Labels,7,56.31,0.05,374.46,66.05,CUST-0546
ORD-03987,2023-12-06,Central,Home Office,Technology,Computers,Laptop,5,238.1,0.15,1011.92,198.31,CUST-0366
ORD-00333,2023-12-06,East,Consumer,Technology,Accessories,Headset,3,159.74,0.1,431.3,92.28,CUST-0218
ORD-02781,2023-12-07,South,Consumer,Technology,Accessories,Mouse,3,185.97,0.1,502.12,102.36,CUST-0727
ORD-05415,2023-12-07,East,Consumer,Technology,Computers,Monitor,6,239.83,0.25,1079.24,176.61,CUST-0805
ORD-00526,2023-12-07,West,Corporate,Office Supplies,Paper,Notebooks,4,68.01,0.1,244.84,43.32,CUST-0617
ORD-02808,2023-12-07,South,Consumer,Office Supplies,Binders,Presentation Binder,3,36.66,0.0,109.98,28.75,CUST-0195
ORD-03503,2023-12-07,Central,Consumer,Office Supplies,Paper,Notebooks,5,31.81,0.05,151.1,27.52,CUST-0107
ORD-01060,2023-12-07,South,Home Office,Furniture,Tables,Side Table,7,191.92,0.05,1276.27,181.08,CUST-0883
ORD-00400,2023-12-07,Central,Corporate,Technology,Accessories,Keyboard,2,281.19,0.1,506.14,108.58,CUST-1172
ORD-05705,2023-12-08,West,Consumer,Furniture,Tables,Side Table,2,153.98,0.0,307.96,51.05,CUST-0087
ORD-05227,2023-12-08,Central,Consumer,Office Supplies,Storage,Drawer Unit,6,60.88,0.05,347.02,55.76,CUST-0631
ORD-04665,2023-12-09,East,Corporate,Technology,Accessories,Mouse,4,257.57,0.05,978.77,209.65,CUST-1091
ORD-03942,2023-12-09,West,Consumer,Technology,Phones,Phone A,6,224.53,0.05,1279.82,285.94,CUST-0855
ORD-01462,2023-12-09,West,Corporate,Office Supplies,Binders,Presentation Binder,6,42.47,0.15,216.6,26.08,CUST-0371
ORD-00088,2023-12-09,West,Corporate,Office Supplies,Paper,Copy Paper,4,68.16,0.2,218.11,24.99,CUST-0603
ORD-01821,2023-12-09,Central,Home Office,Technology,Phones,Phone C,1,201.76,0.25,151.32,34.87,CUST-0732
ORD-03098,2023-12-10,West,Consumer,Furniture,Bookcases,Bookcase,5,163.86,0.2,655.44,60.61,CUST-0542
ORD-04603,2023-12-10,West,Consumer,Office Supplies,Binders,File Folder,3,83.72,0.15,213.49,42.3,CUST-0947
ORD-00749,2023-12-10,West,Home Office,Furniture,Bookcases,Storage Cabinet,6,156.72,0.1,846.29,127.26,CUST-0703
ORD-00447,2023-12-10,Central,Consumer,Furniture,Chairs,Task Chair,3,142.42,0.2,341.81,39.55,CUST-0570
ORD-02434,2023-12-11,West,Home Office,Technology,Computers,Monitor,7,239.28,0.15,1423.72,268.95,CUST-0665
ORD-04425,2023-12-11,Central,Consumer,Furniture,Bookcases,Storage Cabinet,2,190.13,0.15,323.22,36.4,CUST-0240
ORD-04440,2023-12-11,South,Consumer,Technology,Phones,Phone C,7,241.82,0.1,1523.47,300.88,CUST-0823
ORD-03164,2023-12-11,Central,Corporate,Office Supplies,Storage,Storage Box,3,48.18,0.15,122.86,12.09,CUST-0549
ORD-00748,2023-12-11,South,Home Office,Office Supplies,Paper,Copy Paper,6,78.26,0.05,446.08,82.64,CUST-0161
ORD-05765,2023-12-11,West,Consumer,Technology,Phones,Phone A,2,114.64,0.0,229.28,60.83,CUST-1161
ORD-04274,2023-12-11,East,Consumer,Technology,Computers,Laptop,3,277.25,0.1,748.58,160.57,CUST-0874
ORD-05569,2023-12-11,Central,Consumer,Furniture,Chairs,Conference Chair,3,177.96,0.05,507.19,62.24,CUST-0655
ORD-01014,2023-12-11,East,Consumer,Technology,Accessories,Headset,6,185.33,0.25,833.98,124.65,CUST-0386
ORD-01034,2023-12-11,West,Consumer,Technology,Computers,Desktop,3,186.48,0.1,503.5,108.02,CUST-0003
ORD-02867,2023-12-12,South,Consumer,Technology,Accessories,Keyboard,7,227.57,0.05,1513.34,332.78,CUST-1188
ORD-00799,2023-12-12,West,Consumer,Technology,Accessories,Keyboard,6,219.11,0.1,1183.19,236.81,CUST-0102
ORD-00309,2023-12-12,Central,Consumer,Furniture,Tables,Meeting Table,5,138.83,0.1,624.74,92.52,CUST-0539
ORD-05321,2023-12-12,East,Corporate,Technology,Accessories,Keyboard,4,266.85,0.2,853.92,146.71,CUST-1031
ORD-05528,2023-12-13,Central,Home Office,Technology,Phones,Phone B,1,186.85,0.15,158.82,32.68,CUST-0185
ORD-00988,2023-12-13,West,Corporate,Furniture,Bookcases,Shelf Unit,3,204.26,0.0,612.78,114.79,CUST-0742
ORD-05081,2023-12-13,East,Consumer,Office Supplies,Binders,File Folder,2,79.61,0.0,159.22,35.15,CUST-0606
ORD-03790,2023-12-13,South,Consumer,Office Supplies,Binders,Presentation Binder,5,54.93,0.2,219.72,24.42,CUST-0168
ORD-01177,2023-12-13,Central,Consumer,Office Supplies,Binders,File Folder,2,74.62,0.15,126.85,15.21,CUST-0877
ORD-04377,2023-12-13,East,Consumer,Furniture,Tables,Meeting Table,4,156.93,0.0,627.72,99.18,CUST-0573
ORD-00368,2023-12-13,Central,Corporate,Furniture,Chairs,Task Chair,7,195.71,0.0,1369.97,225.42,CUST-0617
ORD-02167,2023-12-13,West,Consumer,Technology,Computers,Laptop,1,262.32,0.1,236.09,52.92,CUST-1079
ORD-04001,2023-12-14,Central,Consumer,Technology,Computers,Laptop,4,170.27,0.1,612.97,128.55,CUST-0695
ORD-05031,2023-12-14,Central,Consumer,Technology,Accessories,Mouse,7,341.86,0.0,2393.02,558.61,CUST-0212
ORD-00338,2023-12-14,South,Consumer,Technology,Computers,Laptop,5,241.87,0.0,1209.35,283.2,CUST-0630
ORD-00968,2023-12-14,East,Corporate,Technology,Phones,Phone A,1,280.67,0.15,238.57,43.89,CUST-1135
ORD-01604,2023-12-14,Central,Corporate,Technology,Computers,Monitor,5,141.13,0.15,599.8,116.48,CUST-1118
ORD-02272,2023-12-15,South,Consumer,Furniture,Chairs,Conference Chair,6,200.27,0.15,1021.38,115.59,CUST-0601
ORD-05726,2023-12-15,South,Corporate,Furniture,Bookcases,Shelf Unit,5,222.87,0.15,947.2,107.52,CUST-1128
ORD-01576,2023-12-15,East,Corporate,Technology,Accessories,Keyboard,2,273.14,0.0,546.28,118.97,CUST-0231
ORD-00554,2023-12-15,West,Consumer,Furniture,Chairs,Task Chair,2,187.05,0.0,374.1,68.23,CUST-0705
ORD-01586,2023-12-15,Central,Corporate,Technology,Computers,Desktop,2,159.39,0.2,255.02,39.45,CUST-0133
ORD-01527,2023-12-16,Central,Home Office,Technology,Phones,Phone B,4,195.25,0.1,702.9,134.71,CUST-0383
ORD-02016,2023-12-16,West,Corporate,Technology,Computers,Desktop,3,232.19,0.0,696.57,167.83,CUST-1129
ORD-00525,2023-12-16,West,Consumer,Furniture,Tables,Meeting Table,7,178.08,0.2,997.25,112.0,CUST-0730
ORD-01756,2023-12-16,West,Consumer,Furniture,Chairs,Conference Chair,7,195.14,0.0,1365.98,232.81,CUST-1045
ORD-01439,2023-12-16,West,Home Office,Furniture,Tables,Meeting Table,6,200.8,0.05,1144.56,174.51,CUST-0238
ORD-03447,2023-12-17,Central,Corporate,Furniture,Chairs,Conference Chair,7,191.08,0.1,1203.8,161.38,CUST-0730
ORD-01435,2023-12-17,Central,Consumer,Technology,Phones,Phone B,6,237.05,0.0,1422.3,331.74,CUST-0756
ORD-05098,2023-12-17,West,Consumer,Technology,Accessories,Mouse,1,315.45,0.1,283.9,45.47,CUST-0025
ORD-04476,2023-12-17,West,Corporate,Office Supplies,Storage,Drawer Unit,6,53.12,0.25,239.04,24.93,CUST-0329
ORD-02484,2023-12-18,West,Corporate,Furniture,Tables,Meeting Table,1,138.41,0.0,138.41,22.88,CUST-0510
ORD-02588,2023-12-18,West,Consumer,Technology,Accessories,Mouse,4,201.85,0.25,605.55,109.57,CUST-0520
ORD-02271,2023-12-18,South,Consumer,Technology,Accessories,Keyboard,7,200.28,0.05,1331.86,291.57,CUST-0825
ORD-02928,2023-12-18,South,Corporate,Office Supplies,Storage,Organizer,5,33.92,0.05,161.12,38.42,CUST-0066
ORD-00403,2023-12-18,West,Consumer,Technology,Phones,Phone A,4,246.58,0.25,739.74,116.08,CUST-0577
ORD-00595,2023-12-18,East,Consumer,Furniture,Bookcases,Shelf Unit,7,150.31,0.05,999.56,143.95,CUST-0681
ORD-03756,2023-12-18,East,Corporate,Furniture,Chairs,Office Chair,4,191.83,0.15,652.22,81.36,CUST-0554
ORD-00321,2023-12-18,East,Corporate,Office Supplies,Paper,Labels,5,59.72,0.05,283.67,48.02,CUST-0890
ORD-05708,2023-12-18,East,Consumer,Technology,Accessories,Headset,7,160.04,0.05,1064.27,240.12,CUST-0304
ORD-02552,2023-12-18,East,Home Office,Technology,Computers,Desktop,4,263.77,0.05,1002.33,215.48,CUST-0051
ORD-05934,2023-12-18,South,Consumer,Office Supplies,Binders,File Folder,4,74.7,0.1,268.92,47.66,CUST-0827
ORD-02130,2023-12-18,South,Corporate,Technology,Computers,Desktop,7,247.38,0.0,1731.66,397.06,CUST-0090
ORD-05874,2023-12-19,Central,Corporate,Technology,Computers,Monitor,4,152.77,0.15,519.42,103.78,CUST-1108
ORD-00167,2023-12-19,East,Corporate,Technology,Accessories,Keyboard,6,180.04,0.0,1080.24,234.47,CUST-1065
ORD-01950,2023-12-19,Central,Consumer,Technology,Computers,Monitor,5,306.98,0.25,1151.18,177.36,CUST-0366
ORD-02292,2023-12-19,West,Consumer,Technology,Phones,Phone B,6,196.93,0.1,1063.42,221.95,CUST-0707
ORD-01404,2023-12-20,East,Corporate,Furniture,Bookcases,Shelf Unit,2,255.28,0.0,510.56,77.66,CUST-1080
ORD-02152,2023-12-20,East,Consumer,Technology,Accessories,Mouse,3,264.07,0.25,594.16,102.38,CUST-0823
ORD-03735,2023-12-20,East,Corporate,Office Supplies,Binders,Presentation Binder,4,61.77,0.1,222.37,47.12,CUST-0729
ORD-04868,2023-12-20,East,Corporate,Technology,Accessories,Headset,3,251.88,0.05,717.86,156.36,CUST-0324
ORD-01504,2023-12-20,West,Corporate,Office Supplies,Binders,Binder,4,52.02,0.25,156.06,22.16,CUST-0689
ORD-04410,2023-12-21,East,Consumer,Office Supplies,Storage,Organizer,6,59.73,0.15,304.62,46.11,CUST-1033
ORD-00607,2023-12-21,East,Consumer,Technology,Accessories,Mouse,2,229.37,0.05,435.8,102.85,CUST-0869
ORD-02283,2023-12-21,South,Consumer,Office Supplies,Storage,Drawer Unit,6,39.9,0.05,227.43,36.83,CUST-0967
ORD-04051,2023-12-21,South,Consumer,Furniture,Tables,Meeting Table,5,113.84,0.05,540.74,88.76,CUST-1175
ORD-05131,2023-12-21,Central,Home Office,Furniture,Tables,Side Table,1,124.09,0.25,93.07,1.56,CUST-0484
ORD-04110,2023-12-21,East,Consumer,Technology,Accessories,Mouse,6,253.41,0.05,1444.44,323.31,CUST-0081
ORD-04075,2023-12-22,South,Consumer,Technology,Phones,Phone C,6,288.47,0.0,1730.82,398.45,CUST-0467
ORD-02526,2023-12-22,South,Corporate,Furniture,Bookcases,Shelf Unit,2,153.49,0.25,230.24,23.45,CUST-0915
ORD-05894,2023-12-22,East,Home Office,Office Supplies,Paper,Notebooks,6,80.81,0.0,484.86,73.38,CUST-0506
ORD-04612,2023-12-22,Central,Consumer,Office Supplies,Storage,Drawer Unit,7,37.05,0.2,207.48,24.75,CUST-0211
ORD-03859,2023-12-23,East,Corporate,Technology,Computers,Desktop,1,233.13,0.1,209.82,57.64,CUST-0723
ORD-02921,2023-12-23,West,Corporate,Technology,Computers,Desktop,5,228.22,0.15,969.94,185.3,CUST-0646
ORD-01388,2023-12-23,East,Corporate,Furniture,Bookcases,Bookcase,7,153.67,0.0,1075.69,167.38,CUST-0570
ORD-04681,2023-12-23,South,Consumer,Technology,Computers,Monitor,3,231.24,0.1,624.35,130.98,CUST-0305
ORD-01249,2023-12-23,East,Consumer,Furniture,Tables,Side Table,4,143.53,0.0,574.12,73.33,CUST-0077
ORD-05917,2023-12-23,West,Corporate,Office Supplies,Binders,File Folder,5,61.97,0.1,278.86,43.29,CUST-1131
ORD-02083,2023-12-23,West,Consumer,Furniture,Chairs,Conference Chair,7,181.95,0.0,1273.65,217.31,CUST-0654
ORD-00066,2023-12-24,West,Corporate,Furniture,Chairs,Task Chair,4,163.78,0.1,589.61,73.69,CUST-0847
ORD-02537,2023-12-24,West,Consumer,Office Supplies,Storage,Organizer,4,74.23,0.0,296.92,63.34,CUST-0333
ORD-02307,2023-12-24,South,Consumer,Technology,Phones,Phone A,6,128.42,0.0,770.52,178.9,CUST-1198
ORD-04441,2023-12-24,South,Corporate,Technology,Accessories,Mouse,2,176.96,0.05,336.22,97.7,CUST-0414
ORD-05109,2023-12-24,Central,Consumer,Office Supplies,Paper,Labels,2,51.03,0.2,81.65,12.55,CUST-0475
ORD-02092,2023-12-24,Central,Consumer,Office Supplies,Paper,Labels,5,68.99,0.0,344.95,77.43,CUST-0516
ORD-03694,2023-12-24,South,Consumer,Furniture,Bookcases,Bookcase,3,168.65,0.0,505.95,81.07,CUST-0722
ORD-04257,2023-12-25,West,Consumer,Technology,Computers,Desktop,1,232.3,0.1,209.07,47.85,CUST-0187
ORD-02347,2023-12-25,Central,Corporate,Furniture,Tables,Side Table,6,126.94,0.1,685.48,99.26,CUST-0804
ORD-03607,2023-12-25,South,Corporate,Office Supplies,Storage,Storage Box,4,36.28,0.2,116.1,36.7,CUST-0420
ORD-04744,2023-12-25,South,Corporate,Technology,Accessories,Keyboard,4,282.31,0.2,903.39,149.47,CUST-0702
ORD-00632,2023-12-25,South,Home Office,Furniture,Bookcases,Storage Cabinet,2,172.68,0.0,345.36,53.06,CUST-0850
ORD-00646,2023-12-26,Central,Consumer,Technology,Accessories,Headset,6,253.0,0.1,1366.2,281.63,CUST-0451
ORD-01915,2023-12-26,West,Home Office,Office Supplies,Binders,Binder,5,38.19,0.0,190.95,27.78,CUST-0343
ORD-04256,2023-12-26,East,Consumer,Technology,Accessories,Keyboard,7,249.24,0.0,1744.68,402.23,CUST-0511
ORD-04338,2023-12-26,West,Home Office,Office Supplies,Paper,Labels,5,67.79,0.1,305.06,52.98,CUST-0554
ORD-02151,2023-12-26,Central,Consumer,Office Supplies,Storage,Organizer,2,58.86,0.25,88.29,15.6,CUST-0960
ORD-03043,2023-12-26,Central,Home Office,Furniture,Bookcases,Bookcase,6,177.18,0.05,1009.93,143.89,CUST-1165
ORD-04151,2023-12-27,Central,Corporate,Furniture,Chairs,Office Chair,4,127.68,0.0,510.72,96.37,CUST-1095
ORD-04041,2023-12-27,Central,Home Office,Furniture,Tables,Side Table,2,181.08,0.1,325.94,50.33,CUST-0644
ORD-01095,2023-12-27,East,Home Office,Office Supplies,Binders,File Folder,5,66.92,0.0,334.6,58.68,CUST-0609
ORD-05768,2023-12-27,South,Consumer,Technology,Accessories,Headset,2,170.65,0.0,341.3,74.76,CUST-0175
ORD-02576,2023-12-27,East,Consumer,Furniture,Chairs,Task Chair,4,46.24,0.05,175.71,24.14,CUST-0284
ORD-05614,2023-12-27,East,Consumer,Technology,Computers,Monitor,2,246.67,0.25,370.0,47.04,CUST-1124
ORD-05077,2023-12-28,East,Consumer,Technology,Computers,Laptop,2,153.64,0.15,261.19,50.42,CUST-1059
ORD-03574,2023-12-28,Central,Consumer,Office Supplies,Binders,Presentation Binder,1,53.25,0.2,42.6,-7.64,CUST-0641
ORD-04818,2023-12-28,Central,Home Office,Furniture,Tables,Side Table,4,185.14,0.05,703.53,91.42,CUST-0219
ORD-00077,2023-12-28,West,Corporate,Furniture,Tables,Desk,7,216.62,0.25,1137.26,109.67,CUST-1135
ORD-05831,2023-12-28,East,Consumer,Furniture,Bookcases,Shelf Unit,4,191.74,0.2,613.57,68.12,CUST-0213
ORD-00254,2023-12-28,West,Corporate,Technology,Computers,Laptop,6,286.69,0.25,1290.1,219.05,CUST-0696
ORD-04497,2023-12-28,West,Consumer,Technology,Phones,Phone C,4,217.84,0.1,784.22,154.03,CUST-0748
ORD-04951,2023-12-29,Central,Home Office,Office Supplies,Storage,Drawer Unit,2,62.26,0.15,105.84,13.14,CUST-1047
ORD-01514,2023-12-29,East,Consumer,Office Supplies,Storage,Organizer,3,73.52,0.0,220.56,43.05,CUST-0820
ORD-02069,2023-12-29,East,Consumer,Technology,Computers,Laptop,3,202.46,0.0,607.38,135.49,CUST-1167
ORD-01145,2023-12-29,West,Consumer,Office Supplies,Paper,Labels,6,69.17,0.2,332.02,53.49,CUST-0358
ORD-03772,2023-12-29,Central,Consumer,Furniture,Tables,Desk,5,218.3,0.15,927.78,105.52,CUST-0483
ORD-05771,2023-12-29,East,Consumer,Technology,Computers,Monitor,4,245.2,0.0,980.8,222.27,CUST-0741
ORD-03623,2023-12-29,East,Corporate,Technology,Accessories,Mouse,3,226.86,0.15,578.49,119.58,CUST-0201
ORD-04925,2023-12-29,South,Corporate,Technology,Computers,Desktop,4,225.59,0.1,812.12,171.49,CUST-0450
ORD-05757,2023-12-29,East,Consumer,Office Supplies,Storage,Organizer,1,49.16,0.25,36.87,-4.02,CUST-1110
ORD-02650,2023-12-29,East,Home Office,Office Supplies,Binders,Presentation Binder,5,59.47,0.1,267.62,40.33,CUST-0424
ORD-00294,2023-12-30,West,Consumer,Furniture,Chairs,Office Chair,7,124.78,0.15,742.44,82.76,CUST-1133
ORD-04653,2023-12-30,West,Consumer,Furniture,Tables,Side Table,6,116.19,0.0,697.14,101.81,CUST-0012
ORD-01777,2023-12-31,West,Home Office,Office Supplies,Binders,Presentation Binder,1,64.72,0.0,64.72,9.18,CUST-1104
ORD-03522,2023-12-31,West,Corporate,Technology,Computers,Monitor,5,242.23,0.25,908.36,133.97,CUST-0556
ORD-05433,2023-12-31,South,Corporate,Furniture,Tables,Desk,1,160.8,0.2,128.64,17.54,CUST-0787
ORD-01511,2024-01-01,Central,Consumer,Technology,Computers,Monitor,2,235.18,0.05,446.84,96.28,CUST-0088
ORD-00738,2024-01-01,Central,Consumer,Office Supplies,Binders,Presentation Binder,4,55.4,0.1,199.44,18.54,CUST-0573
ORD-01905,2024-01-01,Central,Consumer,Technology,Computers,Monitor,7,131.8,0.1,830.34,160.65,CUST-0599
ORD-04413,2024-01-01,East,Corporate,Furniture,Tables,Desk,2,161.64,0.15,274.79,43.56,CUST-0861
ORD-01069,2024-01-01,South,Consumer,Technology,Computers,Laptop,4,208.65,0.0,834.6,192.57,CUST-0357
ORD-01494,2024-01-01,East,Consumer,Office Supplies,Binders,Binder,3,44.75,0.15,114.11,4.36,CUST-0964
ORD-03770,2024-01-01,West,Consumer,Office Supplies,Paper,Labels,2,28.69,0.25,43.04,6.06,CUST-0233
ORD-01030,2024-01-02,South,Corporate,Furniture,Tables,Side Table,4,130.96,0.05,497.65,60.97,CUST-0648
ORD-05468,2024-01-02,West,Consumer,Technology,Accessories,Headset,7,185.3,0.05,1232.25,269.71,CUST-1176
ORD-05174,2024-01-02,West,Corporate,Furniture,Chairs,Conference Chair,4,177.47,0.2,567.9,60.53,CUST-0961
ORD-00487,2024-01-02,Central,Corporate,Technology,Accessories,Mouse,1,204.37,0.1,183.93,43.93,CUST-0072
ORD-02160,2024-01-02,West,Consumer,Furniture,Bookcases,Shelf Unit,7,256.63,0.0,1796.41,300.75,CUST-0124
ORD-00169,2024-01-02,East,Consumer,Technology,Phones,Phone C,3,214.84,0.25,483.39,76.19,CUST-0614
ORD-02637,2024-01-03,East,Corporate,Technology,Computers,Monitor,5,247.73,0.1,1114.78,220.39,CUST-0881
ORD-04241,2024-01-03,Central,Consumer,Office Supplies,Paper,Labels,2,41.66,0.0,83.32,11.06,CUST-1162
ORD-04777,2024-01-03,East,Consumer,Technology,Computers,Laptop,5,237.17,0.2,948.68,173.47,CUST-0971
ORD-00371,2024-01-03,South,Home Office,Office Supplies,Paper,Labels,5,43.2,0.1,194.4,26.8,CUST-1137
ORD-03996,2024-01-03,South,Consumer,Office Supplies,Storage,Storage Box,7,51.19,0.05,340.41,59.88,CUST-0563
ORD-03659,2024-01-03,South,Home Office,Furniture,Bookcases,Shelf Unit,3,163.05,0.2,391.32,47.17,CUST-0613
ORD-05912,2024-01-04,West,Consumer,Office Supplies,Paper,Notebooks,4,67.99,0.1,244.76,46.52,CUST-0729
ORD-02204,2024-01-04,West,Consumer,Technology,Phones,Phone B,5,291.7,0.0,1458.5,336.17,CUST-0971
ORD-04049,2024-01-04,West,Home Office,Technology,Computers,Desktop,3,194.95,0.05,555.61,130.02,CUST-0063
ORD-04100,2024-01-04,East,Consumer,Technology,Accessories,Mouse,5,198.25,0.05,941.69,204.04,CUST-0297
ORD-03434,2024-01-05,South,Home Office,Furniture,Tables,Desk,2,144.0,0.1,259.2,38.88,CUST-0497
ORD-03827,2024-01-05,East,Home Office,Furniture,Chairs,Task Chair,6,185.19,0.1,1000.03,129.85,CUST-0235
ORD-02367,2024-01-05,West,Consumer,Office Supplies,Paper,Labels,3,59.66,0.0,178.98,43.71,CUST-0693
ORD-03395,2024-01-05,Central,Consumer,Furniture,Bookcases,Bookcase,5,150.97,0.05,717.11,105.09,CUST-0423
ORD-04389,2024-01-05,East,Consumer,Technology,Computers,Laptop,2,136.99,0.0,273.98,59.26,CUST-1091
ORD-05601,2024-01-05,West,Corporate,Furniture,Chairs,Office Chair,4,187.14,0.05,711.13,103.88,CUST-0492
ORD-00627,2024-01-06,South,Consumer,Furniture,Chairs,Conference Chair,2,202.74,0.1,364.93,50.18,CUST-0527
ORD-04968,2024-01-06,South,Corporate,Technology,Phones,Phone A,6,240.05,0.1,1296.27,266.77,CUST-0340
ORD-03251,2024-01-06,South,Consumer,Technology,Computers,Laptop,7,212.72,0.0,1489.04,342.52,CUST-1060
ORD-02323,2024-01-06,South,Consumer,Office Supplies,Paper,Labels,2,61.79,0.1,111.22,18.85,CUST-1065
ORD-04889,2024-01-06,Central,Corporate,Technology,Accessories,Mouse,1,272.38,0.2,217.9,38.34,CUST-0727
ORD-01142,2024-01-06,West,Corporate,Furniture,Tables,Meeting Table,6,123.07,0.15,627.66,65.06,CUST-0303
ORD-01771,2024-01-06,Central,Consumer,Office Supplies,Storage,Organizer,5,50.15,0.15,213.14,41.49,CUST-0719
ORD-05933,2024-01-06,East,Home Office,Office Supplies,Binders,Binder,3,66.28,0.25,149.13,22.53,CUST-0140
ORD-01900,2024-01-07,South,Consumer,Furniture,Bookcases,Bookcase,2,246.53,0.0,493.06,71.73,CUST-1188
ORD-04462,2024-01-07,Central,Consumer,Office Supplies,Paper,Copy Paper,5,75.1,0.15,319.18,36.73,CUST-0239
ORD-04254,2024-01-07,Central,Consumer,Furniture,Chairs,Conference Chair,4,202.54,0.1,729.14,109.0,CUST-0091
ORD-00199,2024-01-07,East,Consumer,Technology,Computers,Laptop,4,335.21,0.0,1340.84,302.16,CUST-0144
ORD-05293,2024-01-07,West,Corporate,Furniture,Chairs,Office Chair,4,153.25,0.1,551.7,88.8,CUST-0533
ORD-04566,2024-01-07,South,Corporate,Furniture,Tables,Side Table,3,232.39,0.1,627.45,90.23,CUST-0001
ORD-04940,2024-01-07,Central,Home Office,Furniture,Tables,Side Table,2,159.3,0.0,318.6,42.46,CUST-0399
ORD-03597,2024-01-07,East,Home Office,Technology,Phones,Phone A,2,287.7,0.1,517.86,116.53,CUST-0948
ORD-01176,2024-01-07,Central,Corporate,Office Supplies,Paper,Copy Paper,4,62.5,0.0,250.0,42.09,CUST-0927
ORD-05086,2024-01-08,South,Consumer,Furniture,Bookcases,Shelf Unit,6,162.86,0.05,928.3,136.87,CUST-0742
ORD-02461,2024-01-08,Central,Consumer,Office Supplies,Storage,Drawer Unit,6,80.07,0.2,384.34,41.73,CUST-0290
ORD-03085,2024-01-08,East,Home Office,Office Supplies,Binders,Presentation Binder,6,43.16,0.15,220.12,30.48,CUST-0881
ORD-03986,2024-01-08,Central,Corporate,Furniture,Bookcases,Shelf Unit,4,168.3,0.1,605.88,83.54,CUST-0149
ORD-01782,2024-01-08,South,Corporate,Office Supplies,Paper,Copy Paper,4,47.99,0.05,182.36,37.12,CUST-1089
ORD-03729,2024-01-09,Central,Consumer,Furniture,Tables,Meeting Table,5,211.92,0.05,1006.62,148.51,CUST-0920
ORD-03487,2024-01-09,East,Consumer,Office Supplies,Paper,Labels,4,54.19,0.25,162.57,27.38,CUST-0144
ORD-01160,2024-01-09,East,Corporate,Office Supplies,Paper,Labels,6,65.51,0.25,294.8,39.94,CUST-0458
ORD-04218,2024-01-10,Central,Corporate,Office Supplies,Paper,Notebooks,1,53.86,0.05,51.17,24.68,CUST-0203
ORD-01330,2024-01-10,South,Home Office,Technology,Phones,Phone C,3,176.79,0.1,477.33,92.3,CUST-0411
ORD-05360,2024-01-10,East,Consumer,Office Supplies,Paper,Labels,4,26.65,0.05,101.27,28.74,CUST-0213
ORD-04255,2024-01-10,West,Corporate,Technology,Computers,Laptop,4,294.06,0.05,1117.43,242.04,CUST-0711
ORD-01974,2024-01-10,South,Consumer,Technology,Phones,Phone B,5,187.72,0.2,750.88,131.32,CUST-0202
ORD-02491,2024-01-11,West,Consumer,Office Supplies,Storage,Organizer,7,52.03,0.2,291.37,25.44,CUST-0811
ORD-00991,2024-01-11,South,Consumer,Technology,Computers,Laptop,3,169.18,0.15,431.41,79.96,CUST-0490
ORD-02030,2024-01-11,East,Home Office,Office Supplies,Paper,Copy Paper,7,49.32,0.2,276.19,39.72,CUST-0539
ORD-05859,2024-01-11,East,Consumer,Technology,Accessories,Keyboard,7,184.0,0.1,1159.2,223.71,CUST-0545
ORD-01978,2024-01-11,East,Consumer,Office Supplies,Binders,Binder,6,52.32,0.05,298.22,43.48,CUST-0182
ORD-05256,2024-01-11,East,Home Office,Technology,Phones,Phone A,1,261.36,0.05,248.29,62.28,CUST-0574
ORD-02074,2024-01-11,West,Consumer,Technology,Accessories,Mouse,4,213.73,0.1,769.43,144.24,CUST-0952
ORD-03213,2024-01-11,West,Corporate,Technology,Accessories,Keyboard,1,158.78,0.1,142.9,29.3,CUST-1110
ORD-04192,2024-01-11,East,Home Office,Furniture,Bookcases,Shelf Unit,2,178.03,0.1,320.45,32.65,CUST-0364
ORD-00197,2024-01-11,Central,Corporate,Office Supplies,Paper,Labels,3,38.9,0.05,110.86,21.17,CUST-0748
ORD-01711,2024-01-11,South,Home Office,Technology,Phones,Phone C,4,268.65,0.0,1074.6,238.44,CUST-0834
ORD-02327,2024-01-11,Central,Corporate,Office Supplies,Binders,File Folder,4,66.78,0.05,253.76,41.68,CUST-1042
ORD-01793,2024-01-12,East,Consumer,Furniture,Chairs,Conference Chair,4,158.81,0.25,476.43,58.32,CUST-0505
ORD-01372,2024-01-12,East,Consumer,Furniture,Bookcases,Shelf Unit,6,197.48,0.2,947.9,89.85,CUST-0350
ORD-04783,2024-01-12,West,Corporate,Technology,Computers,Monitor,6,165.45,0.2,794.16,140.8,CUST-0053
ORD-03091,2024-01-12,East,Consumer,Office Supplies,Storage,Drawer Unit,1,58.37,0.2,46.7,-1.26,CUST-0709
ORD-02485,2024-01-12,South,Consumer,Office Supplies,Binders,File Folder,6,56.29,0.05,320.85,59.78,CUST-0663
ORD-01647,2024-01-12,South,Consumer,Office Supplies,Paper,Notebooks,1,60.4,0.25,45.3,0.49,CUST-0038
ORD-04066,2024-01-13,South,Consumer,Office Supplies,Paper,Labels,6,48.34,0.15,246.53,42.82,CUST-1123
ORD-01357,2024-01-13,South,Consumer,Office Supplies,Binders,File Folder,1,82.26,0.05,78.15,14.43,CUST-0157
ORD-04439,2024-01-13,East,Consumer,Technology,Accessories,Keyboard,6,205.57,0.0,1233.42,288.26,CUST-0129
ORD-04203,2024-01-13,East,Consumer,Technology,Phones,Phone C,3,205.73,0.1,555.47,102.6,CUST-0902
ORD-02740,2024-01-13,West,Corporate,Furniture,Bookcases,Storage Cabinet,2,151.31,0.0,302.62,53.75,CUST-0580
ORD-03174,2024-01-13,West,Corporate,Office Supplies,Storage,Storage Box,6,45.97,0.25,206.86,16.56,CUST-0105
ORD-02590,2024-01-14,Central,Consumer,Technology,Phones,Phone C,4,212.52,0.2,680.06,124.79,CUST-0175
ORD-05255,2024-01-14,Central,Home Office,Technology,Computers,Monitor,2,186.86,0.0,373.72,96.85,CUST-0575
ORD-04901,2024-01-14,West,Consumer,Technology,Computers,Monitor,2,233.14,0.15,396.34,69.93,CUST-0326
ORD-04500,2024-01-14,East,Corporate,Office Supplies,Storage,Storage Box,1,73.04,0.0,73.04,16.57,CUST-0057
ORD-01383,2024-01-15,East,Consumer,Office Supplies,Storage,Organizer,6,46.44,0.05,264.71,41.72,CUST-0183
ORD-01592,2024-01-15,West,Corporate,Office Supplies,Paper,Notebooks,7,59.45,0.0,416.15,79.64,CUST-0781
ORD-01236,2024-01-15,East,Consumer,Technology,Accessories,Mouse,1,132.63,0.1,119.37,26.62,CUST-0229
ORD-03558,2024-01-15,East,Consumer,Technology,Phones,Phone C,1,203.91,0.05,193.71,46.8,CUST-0034
ORD-00268,2024-01-16,Central,Home Office,Technology,Accessories,Keyboard,4,205.68,0.1,740.45,163.94,CUST-0787
ORD-00139,2024-01-16,Central,Consumer,Office Supplies,Storage,Organizer,4,64.63,0.1,232.67,36.72,CUST-1039
ORD-01407,2024-01-16,South,Corporate,Technology,Accessories,Keyboard,7,149.37,0.0,1045.59,244.28,CUST-0399
ORD-04831,2024-01-17,South,Consumer,Furniture,Chairs,Task Chair,2,186.38,0.1,335.48,45.59,CUST-0942
ORD-02425,2024-01-17,South,Consumer,Office Supplies,Paper,Copy Paper,6,49.1,0.1,265.14,41.39,CUST-0328
ORD-04229,2024-01-17,East,Consumer,Office Supplies,Binders,Presentation Binder,5,65.58,0.1,295.11,47.77,CUST-0319
ORD-01757,2024-01-17,West,Home Office,Technology,Computers,Laptop,2,187.86,0.05,356.93,78.23,CUST-0947
ORD-03454,2024-01-17,East,Corporate,Office Supplies,Paper,Copy Paper,1,55.75,0.0,55.75,11.45,CUST-1133
ORD-04313,2024-01-17,West,Consumer,Office Supplies,Storage,Storage Box,3,61.86,0.1,167.02,32.5,CUST-0808
ORD-02910,2024-01-17,East,Corporate,Office Supplies,Paper,Copy Paper,1,51.08,0.1,45.97,1.75,CUST-0790
ORD-02998,2024-01-17,South,Consumer,Furniture,Tables,Meeting Table,1,175.84,0.2,140.67,27.39,CUST-0624
ORD-01312,2024-01-17,South,Consumer,Office Supplies,Paper,Notebooks,3,48.42,0.1,130.73,16.17,CUST-0981
ORD-04176,2024-01-18,East,Consumer,Technology,Computers,Laptop,1,175.14,0.05,166.38,26.94,CUST-0319
ORD-03510,2024-01-19,Central,Corporate,Office Supplies,Paper,Labels,6,50.89,0.1,274.81,30.46,CUST-0402
ORD-04739,2024-01-19,East,Home Office,Technology,Phones,Phone B,6,202.14,0.2,970.27,159.22,CUST-0604
ORD-03717,2024-01-19,Central,Consumer,Furniture,Chairs,Conference Chair,6,178.14,0.1,961.96,129.34,CUST-1143
ORD-03021,2024-01-19,South,Consumer,Office Supplies,Storage,Organizer,2,53.79,0.05,102.2,22.03,CUST-0089
ORD-05241,2024-01-20,East,Consumer,Office Supplies,Paper,Labels,1,60.02,0.05,57.02,10.54,CUST-0447
ORD-02585,2024-01-20,Central,Home Office,Technology,Accessories,Keyboard,5,233.69,0.1,1051.6,215.74,CUST-0483
ORD-05220,2024-01-20,South,Consumer,Office Supplies,Storage,Storage Box,2,68.64,0.2,109.82,16.37,CUST-1142
ORD-01363,2024-01-20,Central,Consumer,Office Supplies,Paper,Copy Paper,3,47.29,0.15,120.59,9.75,CUST-0855
ORD-05245,2024-01-20,South,Consumer,Office Supplies,Binders,Presentation Binder,7,62.67,0.2,350.95,37.41,CUST-0691
ORD-00979,2024-01-20,West,Consumer,Technology,Accessories,Mouse,4,149.94,0.15,509.8,96.64,CUST-0112
ORD-04267,2024-01-20,West,Corporate,Office Supplies,Binders,Presentation Binder,7,43.84,0.05,291.54,53.81,CUST-1177
ORD-04350,2024-01-21,East,Corporate,Office Supplies,Binders,Presentation Binder,7,56.71,0.0,396.97,74.07,CUST-1071
ORD-05041,2024-01-21,East,Corporate,Office Supplies,Paper,Notebooks,2,59.06,0.0,118.12,43.85,CUST-0811
ORD-05568,2024-01-21,West,Consumer,Furniture,Bookcases,Storage Cabinet,1,180.77,0.15,153.65,22.53,CUST-0679
ORD-03406,2024-01-21,Central,Corporate,Office Supplies,Paper,Labels,3,55.37,0.0,166.11,37.29,CUST-0308
ORD-04517,2024-01-21,South,Consumer,Technology,Accessories,Headset,5,205.84,0.25,771.9,118.01,CUST-0231
ORD-04630,2024-01-21,South,Consumer,Office Supplies,Storage,Drawer Unit,7,44.69,0.15,265.91,33.52,CUST-0274
ORD-03854,2024-01-22,West,Consumer,Office Supplies,Paper,Notebooks,4,61.26,0.05,232.79,45.98,CUST-1196
ORD-05169,2024-01-22,East,Consumer,Furniture,Chairs,Task Chair,1,149.6,0.0,149.6,20.73,CUST-0317
ORD-04245,2024-01-22,West,Consumer,Furniture,Bookcases,Bookcase,4,138.58,0.1,498.89,66.06,CUST-0059
ORD-04011,2024-01-22,East,Consumer,Technology,Phones,Phone B,2,237.61,0.1,427.7,94.07,CUST-1199
ORD-05417,2024-01-22,South,Home Office,Office Supplies,Binders,File Folder,1,51.7,0.0,51.7,16.53,CUST-0097
ORD-05671,2024-01-23,East,Consumer,Office Supplies,Paper,Labels,7,58.57,0.1,368.99,61.54,CUST-0936
ORD-05596,2024-01-23,Central,Corporate,Furniture,Tables,Desk,4,182.78,0.1,658.01,74.6,CUST-0009
ORD-04383,2024-01-23,South,Consumer,Furniture,Bookcases,Storage Cabinet,5,133.01,0.0,665.05,105.54,CUST-0589
ORD-02282,2024-01-23,West,Corporate,Office Supplies,Binders,File Folder,1,62.74,0.2,50.19,2.67,CUST-0072
ORD-00044,2024-01-24,West,Corporate,Furniture,Bookcases,Bookcase,7,178.71,0.05,1188.42,174.5,CUST-0967
ORD-01831,2024-01-24,Central,Corporate,Technology,Computers,Desktop,5,236.59,0.2,946.36,165.26,CUST-0939
ORD-05552,2024-01-24,Central,Consumer,Furniture,Chairs,Office Chair,4,185.49,0.0,741.96,136.42,CUST-0287
ORD-02885,2024-01-25,West,Consumer,Furniture,Chairs,Conference Chair,5,226.48,0.1,1019.16,137.12,CUST-0646
ORD-05446,2024-01-25,East,Consumer,Furniture,Chairs,Conference Chair,1,189.56,0.15,161.13,26.35,CUST-0536
ORD-03407,2024-01-25,South,Consumer,Furniture,Chairs,Conference Chair,3,190.53,0.15,485.85,61.21,CUST-0967
ORD-04442,2024-01-25,South,Consumer,Technology,Phones,Phone C,1,216.35,0.0,216.35,38.7,CUST-0115
ORD-04174,2024-01-25,Central,Consumer,Technology,Computers,Laptop,5,243.06,0.0,1215.3,266.29,CUST-0309
ORD-05165,2024-01-25,West,Consumer,Furniture,Tables,Side Table,2,180.88,0.2,289.41,22.7,CUST-1193
ORD-02490,2024-01-27,Central,Corporate,Office Supplies,Storage,Storage Box,3,53.56,0.05,152.65,24.46,CUST-0559
ORD-00521,2024-01-28,West,Home Office,Technology,Phones,Phone B,5,157.2,0.15,668.1,118.48,CUST-0701
ORD-01685,2024-01-28,South,Corporate,Furniture,Chairs,Office Chair,7,245.92,0.15,1463.22,169.82,CUST-0759
ORD-03054,2024-01-28,East,Consumer,Technology,Computers,Desktop,1,155.97,0.1,140.37,22.14,CUST-0321
ORD-03131,2024-01-29,West,Consumer,Furniture,Bookcases,Bookcase,2,127.04,0.0,254.08,43.24,CUST-0697
ORD-03857,2024-01-29,East,Consumer,Furniture,Tables,Desk,5,232.57,0.1,1046.56,136.74,CUST-1187
ORD-02562,2024-01-29,West,Consumer,Office Supplies,Storage,Drawer Unit,4,49.84,0.05,189.39,35.97,CUST-1195
ORD-04786,2024-01-29,South,Corporate,Furniture,Bookcases,Storage Cabinet,7,230.43,0.2,1290.41,125.9,CUST-0131
ORD-03848,2024-01-30,West,Corporate,Office Supplies,Binders,Presentation Binder,2,58.3,0.25,87.45,19.25,CUST-0372
ORD-03465,2024-01-30,Central,Home Office,Office Supplies,Paper,Copy Paper,1,45.66,0.1,41.09,14.9,CUST-0983
ORD-02759,2024-01-30,East,Consumer,Technology,Computers,Laptop,1,195.38,0.0,195.38,53.59,CUST-0719
ORD-05033,2024-01-30,Central,Consumer,Office Supplies,Storage,Organizer,6,38.75,0.15,197.62,26.68,CUST-1111
ORD-05373,2024-01-30,East,Home Office,Technology,Accessories,Headset,7,245.87,0.2,1376.87,237.09,CUST-0278
ORD-03711,2024-01-30,East,Corporate,Furniture,Chairs,Office Chair,3,156.6,0.2,375.84,17.3,CUST-1078
ORD-01927,2024-01-30,East,Corporate,Office Supplies,Binders,File Folder,5,75.88,0.1,341.46,52.73,CUST-1110
ORD-01699,2024-01-30,West,Home Office,Office Supplies,Binders,File Folder,3,42.15,0.1,113.8,18.36,CUST-0815
ORD-05490,2024-01-31,Central,Consumer,Furniture,Tables,Meeting Table,3,144.4,0.1,389.88,48.99,CUST-0056
ORD-02486,2024-01-31,South,Consumer,Technology,Phones,Phone A,2,227.66,0.1,409.79,76.42,CUST-1101
ORD-03086,2024-01-31,South,Corporate,Technology,Accessories,Keyboard,7,234.45,0.2,1312.92,239.86,CUST-0173
ORD-00998,2024-01-31,West,Consumer,Furniture,Bookcases,Shelf Unit,5,199.55,0.1,897.98,113.99,CUST-0744
ORD-04182,2024-01-31,West,Home Office,Furniture,Bookcases,Bookcase,7,149.43,0.0,1046.01,185.03,CUST-0450
ORD-02053,2024-01-31,Central,Home Office,Office Supplies,Paper,Notebooks,6,48.39,0.15,246.79,28.81,CUST-0591
ORD-00765,2024-01-31,East,Consumer,Furniture,Bookcases,Storage Cabinet,3,164.5,0.1,444.15,49.88,CUST-0029
ORD-02850,2024-02-01,South,Consumer,Furniture,Bookcases,Bookcase,4,140.21,0.05,532.8,72.37,CUST-0457
ORD-01572,2024-02-01,South,Consumer,Office Supplies,Storage,Organizer,6,60.67,0.05,345.82,55.48,CUST-0164
ORD-02827,2024-02-01,Central,Consumer,Technology,Phones,Phone A,2,196.71,0.1,354.08,88.19,CUST-0190
ORD-00194,2024-02-01,Central,Consumer,Technology,Computers,Desktop,5,202.87,0.05,963.63,211.77,CUST-1086
ORD-01925,2024-02-01,West,Consumer,Office Supplies,Binders,Presentation Binder,7,60.3,0.0,422.1,79.93,CUST-1062
ORD-02191,2024-02-02,Central,Consumer,Furniture,Chairs,Conference Chair,3,202.81,0.15,517.17,58.64,CUST-1090
ORD-02441,2024-02-02,East,Consumer,Technology,Accessories,Keyboard,1,140.39,0.05,133.37,20.95,CUST-0294
ORD-02145,2024-02-02,West,Consumer,Office Supplies,Storage,Drawer Unit,2,59.12,0.1,106.42,19.6,CUST-0068
ORD-01773,2024-02-02,East,Consumer,Office Supplies,Binders,Binder,6,45.36,0.2,217.73,16.23,CUST-1117
ORD-00053,2024-02-03,Central,Home Office,Furniture,Tables,Desk,3,191.79,0.0,575.37,81.28,CUST-0163
ORD-00301,2024-02-03,South,Corporate,Technology,Accessories,Mouse,1,223.64,0.05,212.46,44.79,CUST-0831
ORD-03237,2024-02-03,West,Corporate,Furniture,Tables,Meeting Table,6,155.15,0.0,930.9,147.35,CUST-1052
ORD-02893,2024-02-04,West,Corporate,Office Supplies,Storage,Organizer,3,25.68,0.1,69.34,7.14,CUST-0292
ORD-03115,2024-02-04,West,Corporate,Technology,Accessories,Keyboard,3,236.74,0.0,710.22,161.56,CUST-0687
ORD-01052,2024-02-04,Central,Consumer,Furniture,Tables,Meeting Table,6,165.97,0.05,946.03,136.27,CUST-1132
ORD-00746,2024-02-04,Central,Corporate,Technology,Computers,Monitor,4,229.6,0.2,734.72,121.75,CUST-0947
ORD-02763,2024-02-04,Central,Consumer,Office Supplies,Binders,Binder,1,53.91,0.1,48.52,8.36,CUST-0719
ORD-03101,2024-02-05,Central,Consumer,Furniture,Chairs,Conference Chair,4,172.98,0.05,657.32,106.7,CUST-0781
ORD-01360,2024-02-05,Central,Corporate,Office Supplies,Binders,Presentation Binder,2,42.15,0.1,75.87,13.8,CUST-0908
ORD-04750,2024-02-05,South,Corporate,Office Supplies,Binders,Presentation Binder,2,55.4,0.15,94.18,13.34,CUST-0208
ORD-05858,2024-02-05,South,Consumer,Technology,Computers,Desktop,4,250.41,0.25,751.23,106.51,CUST-0860
ORD-04093,2024-02-06,South,Consumer,Technology,Phones,Phone C,4,181.69,0.25,545.07,82.11,CUST-0828
ORD-01138,2024-02-06,South,Corporate,Technology,Accessories,Keyboard,3,228.12,0.1,615.92,120.02,CUST-1200
ORD-04738,2024-02-06,West,Consumer,Office Supplies,Storage,Storage Box,4,55.57,0.1,200.05,30.22,CUST-0126
ORD-00630,2024-02-06,East,Corporate,Technology,Computers,Monitor,7,269.19,0.1,1695.9,346.74,CUST-0431
ORD-02056,2024-02-06,East,Corporate,Technology,Phones,Phone C,1,218.02,0.0,218.02,43.41,CUST-0894
ORD-00063,2024-02-06,East,Consumer,Furniture,Bookcases,Shelf Unit,1,179.55,0.2,143.64,12.89,CUST-1036
ORD-03677,2024-02-06,West,Consumer,Furniture,Chairs,Task Chair,4,182.05,0.1,655.38,76.41,CUST-0895
ORD-02201,2024-02-06,East,Corporate,Office Supplies,Paper,Notebooks,4,46.07,0.05,175.07,8.9,CUST-0785
ORD-00201,2024-02-06,Central,Consumer,Technology,Computers,Monitor,5,250.26,0.0,1251.3,277.72,CUST-0596
ORD-00628,2024-02-07,Central,Consumer,Furniture,Chairs,Conference Chair,7,211.13,0.1,1330.12,179.17,CUST-1036
ORD-00393,2024-02-07,South,Corporate,Office Supplies,Storage,Drawer Unit,6,61.84,0.1,333.94,49.97,CUST-0421
ORD-02356,2024-02-08,South,Consumer,Office Supplies,Paper,Copy Paper,5,28.46,0.25,106.72,10.87,CUST-0789
ORD-05046,2024-02-08,East,Consumer,Furniture,Chairs,Task Chair,7,130.44,0.0,913.08,137.49,CUST-1183
ORD-04950,2024-02-08,South,Consumer,Office Supplies,Paper,Notebooks,4,34.61,0.15,117.67,25.15,CUST-0615
ORD-04478,2024-02-08,East,Corporate,Furniture,Bookcases,Bookcase,3,199.07,0.0,597.21,92.67,CUST-0210
ORD-02767,2024-02-09,West,Corporate,Furniture,Tables,Meeting Table,4,197.38,0.05,750.04,107.54,CUST-0730
ORD-04486,2024-02-09,South,Home Office,Office Supplies,Storage,Organizer,1,51.93,0.05,49.33,-0.96,CUST-0498
ORD-03011,2024-02-09,Central,Home Office,Office Supplies,Binders,Presentation Binder,4,41.5,0.2,132.8,13.04,CUST-1116
ORD-01271,2024-02-09,South,Corporate,Office Supplies,Paper,Notebooks,7,69.16,0.05,459.91,87.54,CUST-0541
ORD-02279,2024-02-09,East,Consumer,Technology,Phones,Phone C,3,237.87,0.0,713.61,154.96,CUST-0293
ORD-03948,2024-02-09,Central,Consumer,Technology,Phones,Phone B,2,163.37,0.1,294.07,76.07,CUST-1017
ORD-03108,2024-02-09,East,Consumer,Furniture,Bookcases,Bookcase,5,217.84,0.2,871.36,93.58,CUST-0451
ORD-04676,2024-02-10,West,Home Office,Technology,Phones,Phone B,4,188.67,0.0,754.68,164.11,CUST-1122
ORD-02587,2024-02-10,Central,Corporate,Office Supplies,Storage,Organizer,2,46.22,0.1,83.2,16.25,CUST-0596
ORD-01151,2024-02-10,East,Consumer,Technology,Computers,Monitor,1,218.47,0.0,218.47,54.96,CUST-0756
ORD-05149,2024-02-10,South,Corporate,Technology,Computers,Monitor,2,242.68,0.0,485.36,96.12,CUST-0804
ORD-04947,2024-02-10,South,Corporate,Office Supplies,Paper,Copy Paper,6,65.99,0.1,356.35,50.84,CUST-0289
ORD-02696,2024-02-10,West,Home Office,Office Supplies,Storage,Organizer,3,83.02,0.05,236.61,35.35,CUST-0847
ORD-05195,2024-02-10,South,Home Office,Furniture,Chairs,Office Chair,7,235.94,0.2,1321.26,152.14,CUST-1087
ORD-03006,2024-02-11,West,Consumer,Office Supplies,Paper,Notebooks,6,45.71,0.0,274.26,49.08,CUST-0363
ORD-00068,2024-02-11,East,Corporate,Office Supplies,Storage,Drawer Unit,7,55.1,0.1,347.13,57.12,CUST-0692
ORD-00909,2024-02-11,West,Consumer,Furniture,Bookcases,Storage Cabinet,1,225.51,0.05,214.23,13.0,CUST-0622
ORD-02407,2024-02-11,West,Corporate,Technology,Accessories,Mouse,2,243.64,0.0,487.28,117.5,CUST-0537
ORD-00332,2024-02-11,East,Consumer,Office Supplies,Binders,Binder,1,52.13,0.1,46.92,7.97,CUST-0788
ORD-00022,2024-02-11,Central,Home Office,Office Supplies,Binders,Presentation Binder,5,68.38,0.1,307.71,43.55,CUST-0662
ORD-01967,2024-02-11,West,Consumer,Furniture,Tables,Meeting Table,1,177.05,0.0,177.05,26.2,CUST-0598
ORD-05691,2024-02-11,West,Home Office,Office Supplies,Binders,Presentation Binder,3,63.95,0.0,191.85,35.25,CUST-0063
ORD-01864,2024-02-11,Central,Consumer,Technology,Accessories,Mouse,2,231.43,0.1,416.57,80.16,CUST-0645
ORD-02415,2024-02-12,Central,Home Office,Furniture,Chairs,Conference Chair,7,185.71,0.15,1104.97,140.44,CUST-0143
ORD-03254,2024-02-12,West,Consumer,Technology,Accessories,Mouse,4,112.04,0.2,358.53,53.91,CUST-1187
ORD-01044,2024-02-12,South,Corporate,Technology,Computers,Monitor,4,206.1,0.2,659.52,106.16,CUST-1013
ORD-03493,2024-02-12,South,Consumer,Technology,Accessories,Headset,1,149.43,0.15,127.02,35.65,CUST-0114
ORD-05678,2024-02-12,Central,Corporate,Furniture,Tables,Meeting Table,7,166.81,0.2,934.14,100.2,CUST-1150
ORD-04171,2024-02-13,West,Home Office,Office Supplies,Storage,Drawer Unit,7,47.02,0.05,312.68,54.3,CUST-0361
ORD-01268,2024-02-13,South,Consumer,Technology,Accessories,Headset,7,215.0,0.1,1354.5,264.67,CUST-1040
ORD-01937,2024-02-13,West,Corporate,Office Supplies,Paper,Copy Paper,5,64.17,0.2,256.68,10.03,CUST-1072
ORD-02654,2024-02-13,West,Corporate,Office Supplies,Storage,Storage Box,7,63.3,0.25,332.32,47.19,CUST-1074
ORD-00374,2024-02-14,East,Home Office,Technology,Computers,Desktop,5,225.62,0.2,902.48,160.29,CUST-1003
ORD-03025,2024-02-14,South,Corporate,Office Supplies,Paper,Labels,3,38.96,0.0,116.88,13.69,CUST-0797
ORD-04040,2024-02-14,South,Home Office,Office Supplies,Paper,Copy Paper,3,54.61,0.1,147.45,30.14,CUST-0440
ORD-00576,2024-02-14,West,Corporate,Technology,Accessories,Mouse,4,219.79,0.15,747.29,139.11,CUST-0294
ORD-04958,2024-02-14,East,Consumer,Technology,Phones,Phone C,2,230.79,0.2,369.26,76.31,CUST-0634
ORD-02680,2024-02-15,West,Consumer,Furniture,Tables,Meeting Table,4,123.84,0.2,396.29,36.85,CUST-0436
ORD-01857,2024-02-15,West,Corporate,Technology,Computers,Laptop,2,268.91,0.1,484.04,103.97,CUST-0535
ORD-04345,2024-02-15,West,Consumer,Furniture,Tables,Side Table,4,188.57,0.0,754.28,119.41,CUST-0977
ORD-00498,2024-02-15,Central,Consumer,Technology,Phones,Phone B,1,188.01,0.1,169.21,38.52,CUST-1031
ORD-05092,2024-02-16,East,Corporate,Office Supplies,Storage,Drawer Unit,5,56.34,0.1,253.53,40.14,CUST-0522
ORD-04955,2024-02-16,South,Home Office,Office Supplies,Paper,Notebooks,3,48.38,0.05,137.88,20.5,CUST-0234
ORD-00770,2024-02-17,Central,Consumer,Office Supplies,Binders,Presentation Binder,6,45.8,0.05,261.06,39.9,CUST-1133
ORD-04664,2024-02-17,South,Consumer,Furniture,Bookcases,Storage Cabinet,5,212.97,0.0,1064.85,155.22,CUST-0411
ORD-05235,2024-02-17,South,Consumer,Technology,Computers,Desktop,7,144.31,0.15,858.64,159.5,CUST-0087
ORD-05700,2024-02-17,East,Consumer,Office Supplies,Paper,Notebooks,2,54.32,0.2,86.91,6.3,CUST-0169
ORD-00913,2024-02-17,South,Home Office,Technology,Accessories,Keyboard,1,197.74,0.0,197.74,30.54,CUST-0704
ORD-02724,2024-02-17,South,Consumer,Technology,Computers,Monitor,3,249.4,0.05,710.79,159.85,CUST-0378
ORD-01772,2024-02-18,West,Consumer,Office Supplies,Paper,Copy Paper,4,46.82,0.0,187.28,37.08,CUST-0887
ORD-05279,2024-02-18,South,Corporate,Technology,Phones,Phone A,1,151.34,0.2,121.07,36.66,CUST-0625
ORD-05076,2024-02-18,West,Consumer,Office Supplies,Paper,Labels,1,74.16,0.0,74.16,0.9,CUST-1116
ORD-03951,2024-02-18,Central,Consumer,Office Supplies,Paper,Notebooks,1,41.39,0.0,41.39,11.54,CUST-1095
ORD-05141,2024-02-18,West,Consumer,Technology,Accessories,Keyboard,3,219.14,0.25,493.06,78.23,CUST-1094
ORD-01748,2024-02-18,Central,Home Office,Office Supplies,Storage,Drawer Unit,4,67.95,0.15,231.03,24.81,CUST-0011
ORD-03228,2024-02-19,West,Consumer,Furniture,Bookcases,Shelf Unit,3,165.34,0.0,496.02,84.12,CUST-0384
ORD-02592,2024-02-19,South,Consumer,Furniture,Tables,Meeting Table,6,185.37,0.1,1001.0,132.89,CUST-0284
ORD-03964,2024-02-19,West,Corporate,Technology,Computers,Monitor,6,235.4,0.15,1200.54,228.78,CUST-1034
ORD-02920,2024-02-19,West,Consumer,Furniture,Bookcases,Storage Cabinet,2,190.0,0.0,380.0,67.1,CUST-1147
ORD-04056,2024-02-19,West,Consumer,Furniture,Bookcases,Bookcase,3,143.23,0.15,365.24,49.17,CUST-0494
ORD-04250,2024-02-19,Central,Consumer,Technology,Computers,Desktop,3,218.55,0.2,524.52,89.84,CUST-0927
ORD-05810,2024-02-20,South,Consumer,Technology,Computers,Laptop,4,301.22,0.1,1084.39,214.24,CUST-0098
ORD-04506,2024-02-20,Central,Corporate,Furniture,Chairs,Office Chair,5,120.8,0.1,543.6,61.42,CUST-0494
ORD-00634,2024-02-20,West,Consumer,Office Supplies,Binders,Presentation Binder,4,55.32,0.1,199.15,35.35,CUST-0300
ORD-01718,2024-02-20,Central,Corporate,Technology,Accessories,Mouse,1,217.42,0.0,217.42,56.97,CUST-1115
ORD-02569,2024-02-20,East,Consumer,Technology,Computers,Laptop,6,214.82,0.05,1224.47,251.97,CUST-0154
ORD-04401,2024-02-20,West,Consumer,Furniture,Tables,Meeting Table,3,197.85,0.2,474.84,45.8,CUST-0062
ORD-03737,2024-02-20,East,Consumer,Technology,Computers,Desktop,3,206.02,0.05,587.16,133.26,CUST-0803
ORD-04935,2024-02-21,Central,Corporate,Office Supplies,Paper,Notebooks,2,55.75,0.05,105.92,13.03,CUST-0206
ORD-00379,2024-02-21,West,Consumer,Furniture,Tables,Side Table,6,187.3,0.0,1123.8,180.66,CUST-1039
ORD-01945,2024-02-21,West,Home Office,Office Supplies,Storage,Organizer,7,58.22,0.0,407.54,87.75,CUST-0739
ORD-04881,2024-02-21,East,Corporate,Technology,Computers,Desktop,5,273.56,0.0,1367.8,312.94,CUST-0025
ORD-05702,2024-02-21,West,Corporate,Office Supplies,Paper,Notebooks,2,61.72,0.0,123.44,23.16,CUST-1166
ORD-03531,2024-02-21,East,Consumer,Office Supplies,Binders,Presentation Binder,7,63.19,0.1,398.1,74.92,CUST-0855
ORD-05161,2024-02-22,West,Consumer,Furniture,Chairs,Conference Chair,3,172.82,0.2,414.77,38.96,CUST-0841
ORD-02544,2024-02-22,Central,Home Office,Furniture,Chairs,Office Chair,5,97.28,0.2,389.12,32.64,CUST-0484
ORD-05384,2024-02-22,West,Consumer,Office Supplies,Storage,Storage Box,2,43.09,0.0,86.18,21.31,CUST-1186
ORD-05683,2024-02-22,Central,Home Office,Furniture,Chairs,Office Chair,1,174.07,0.0,174.07,25.93,CUST-0629
ORD-00188,2024-02-22,South,Corporate,Office Supplies,Storage,Drawer Unit,2,38.45,0.2,61.52,2.29,CUST-0002
ORD-01285,2024-02-23,South,Consumer,Office Supplies,Binders,File Folder,6,56.96,0.0,341.76,60.64,CUST-0354
ORD-04961,2024-02-23,East,Home Office,Office Supplies,Paper,Notebooks,5,44.15,0.15,187.64,13.24,CUST-0374
ORD-03815,2024-02-24,West,Consumer,Furniture,Tables,Side Table,6,187.49,0.0,1124.94,175.32,CUST-0689
ORD-03063,2024-02-24,East,Corporate,Office Supplies,Paper,Notebooks,7,44.64,0.05,296.86,57.36,CUST-0318
ORD-03424,2024-02-24,South,Consumer,Furniture,Bookcases,Bookcase,2,184.33,0.0,368.66,39.85,CUST-0557
ORD-01017,2024-02-25,East,Corporate,Technology,Phones,Phone A,7,173.35,0.0,1213.45,270.47,CUST-1018
ORD-05802,2024-02-25,West,Corporate,Office Supplies,Paper,Notebooks,5,53.73,0.15,228.35,33.82,CUST-0883
ORD-04385,2024-02-25,East,Corporate,Technology,Phones,Phone C,1,167.23,0.0,167.23,26.16,CUST-1016
ORD-00758,2024-02-25,East,Consumer,Technology,Accessories,Keyboard,7,170.13,0.25,893.18,138.91,CUST-0731
ORD-01593,2024-02-25,Central,Corporate,Technology,Accessories,Mouse,3,256.51,0.05,731.05,157.59,CUST-0047
ORD-02581,2024-02-25,Central,Consumer,Technology,Phones,Phone C,5,222.37,0.2,889.48,164.91,CUST-0134
ORD-02875,2024-02-25,East,Consumer,Technology,Computers,Laptop,5,198.3,0.1,892.35,184.35,CUST-0488
ORD-04972,2024-02-25,East,Consumer,Office Supplies,Binders,Binder,6,72.25,0.1,390.15,62.81,CUST-0316
ORD-02405,2024-02-25,Central,Corporate,Technology,Phones,Phone C,4,230.98,0.05,877.72,161.98,CUST-0649
ORD-01159,2024-02-26,West,Consumer,Office Supplies,Paper,Copy Paper,5,63.65,0.1,286.42,53.21,CUST-0996
ORD-01468,2024-02-26,Central,Consumer,Office Supplies,Paper,Notebooks,3,77.37,0.0,232.11,49.47,CUST-0786
ORD-04626,2024-02-26,East,Corporate,Technology,Phones,Phone A,3,216.48,0.2,519.55,94.69,CUST-0191
ORD-01761,2024-02-26,West,Consumer,Office Supplies,Binders,File Folder,4,63.38,0.15,215.49,36.28,CUST-0042
ORD-01881,2024-02-26,East,Consumer,Technology,Computers,Monitor,6,197.68,0.1,1067.47,212.22,CUST-0177
ORD-00614,2024-02-27,South,Consumer,Technology,Computers,Laptop,4,219.83,0.0,879.32,210.39,CUST-0973
ORD-05580,2024-02-27,East,Consumer,Furniture,Chairs,Conference Chair,3,254.18,0.05,724.41,95.7,CUST-0234
ORD-04252,2024-02-27,West,Consumer,Technology,Phones,Phone A,3,181.69,0.05,517.82,113.82,CUST-1098
ORD-04490,2024-02-27,East,Home Office,Office Supplies,Paper,Notebooks,6,51.07,0.05,291.1,59.7,CUST-0057
ORD-02428,2024-02-27,South,Consumer,Technology,Computers,Laptop,3,147.95,0.05,421.66,85.13,CUST-0885
ORD-01385,2024-02-28,South,Corporate,Furniture,Chairs,Task Chair,2,218.72,0.0,437.44,86.05,CUST-1196
ORD-02848,2024-02-28,East,Consumer,Technology,Accessories,Mouse,4,171.17,0.25,513.51,84.02,CUST-0753
ORD-03023,2024-02-28,East,Consumer,Technology,Phones,Phone B,2,275.56,0.0,551.12,133.82,CUST-0013
ORD-00094,2024-02-29,South,Consumer,Office Supplies,Binders,Presentation Binder,3,46.74,0.1,126.2,29.1,CUST-0656
ORD-01629,2024-03-01,East,Home Office,Technology,Accessories,Keyboard,6,215.16,0.05,1226.41,254.6,CUST-0776
ORD-02835,2024-03-01,West,Consumer,Furniture,Bookcases,Storage Cabinet,5,261.74,0.15,1112.4,123.23,CUST-0860
ORD-04498,2024-03-01,West,Consumer,Office Supplies,Binders,Binder,6,52.82,0.15,269.38,45.43,CUST-0072
ORD-01066,2024-03-01,South,Home Office,Office Supplies,Binders,File Folder,5,57.03,0.15,242.38,41.36,CUST-0941
ORD-05383,2024-03-01,East,Corporate,Technology,Accessories,Headset,2,149.11,0.15,253.49,50.42,CUST-0599
ORD-05406,2024-03-01,South,Home Office,Office Supplies,Binders,Presentation Binder,3,65.62,0.05,187.02,36.53,CUST-1180
ORD-05339,2024-03-02,West,Consumer,Furniture,Tables,Desk,2,188.77,0.05,358.66,59.66,CUST-0689
ORD-02600,2024-03-02,West,Consumer,Furniture,Tables,Meeting Table,4,249.44,0.2,798.21,95.16,CUST-0977
ORD-02779,2024-03-02,Central,Consumer,Technology,Accessories,Keyboard,5,315.8,0.05,1500.05,305.25,CUST-0338
ORD-03059,2024-03-02,South,Consumer,Office Supplies,Binders,Presentation Binder,4,54.73,0.15,186.08,32.73,CUST-1156
ORD-04809,2024-03-03,South,Corporate,Technology,Computers,Laptop,6,210.43,0.2,1010.06,170.74,CUST-0787
ORD-02683,2024-03-03,East,Home Office,Furniture,Chairs,Task Chair,4,136.79,0.05,519.8,77.09,CUST-0599
ORD-04833,2024-03-03,East,Consumer,Furniture,Bookcases,Storage Cabinet,1,190.08,0.05,180.58,38.19,CUST-1054
ORD-04150,2024-03-03,Central,Consumer,Technology,Phones,Phone C,6,185.22,0.15,944.62,178.76,CUST-0916
ORD-02216,2024-03-03,West,Consumer,Furniture,Chairs,Task Chair,3,211.68,0.05,603.29,89.47,CUST-0483
ORD-00809,2024-03-04,South,Consumer,Technology,Computers,Monitor,3,118.64,0.2,284.74,47.07,CUST-0566
ORD-05333,2024-03-04,East,Consumer,Furniture,Chairs,Conference Chair,3,91.26,0.25,205.34,20.97,CUST-1079
ORD-04799,2024-03-04,West,Consumer,Furniture,Tables,Side Table,5,203.15,0.15,863.39,98.93,CUST-0659
ORD-02852,2024-03-05,South,Consumer,Furniture,Bookcases,Bookcase,2,288.34,0.15,490.18,48.97,CUST-0004
ORD-01173,2024-03-05,South,Home Office,Furniture,Tables,Desk,5,241.55,0.1,1086.98,140.59,CUST-0698
ORD-03092,2024-03-05,East,Consumer,Furniture,Bookcases,Storage Cabinet,5,238.68,0.1,1074.06,139.77,CUST-0491
ORD-04625,2024-03-05,West,Consumer,Technology,Phones,Phone B,4,241.33,0.1,868.79,177.21,CUST-0020
ORD-03405,2024-03-05,East,Home Office,Technology,Phones,Phone B,5,246.26,0.05,1169.73,248.29,CUST-0378
ORD-05793,2024-03-05,West,Home Office,Office Supplies,Paper,Copy Paper,1,70.02,0.05,66.52,13.98,CUST-0735
ORD-02574,2024-03-05,South,Home Office,Office Supplies,Storage,Organizer,5,55.63,0.0,278.15,45.51,CUST-0937
ORD-04162,2024-03-05,West,Consumer,Office Supplies,Binders,Binder,5,78.63,0.15,334.18,47.59,CUST-0744
ORD-01094,2024-03-06,East,Corporate,Technology,Computers,Laptop,4,205.83,0.25,617.49,100.95,CUST-0593
ORD-02012,2024-03-06,West,Home Office,Technology,Accessories,Mouse,7,192.8,0.05,1282.12,265.47,CUST-0073
ORD-02622,2024-03-06,West,Consumer,Technology,Computers,Desktop,3,245.05,0.15,624.88,124.87,CUST-0780
ORD-01352,2024-03-06,East,Consumer,Furniture,Bookcases,Bookcase,3,142.89,0.05,407.24,64.36,CUST-0781
ORD-02384,2024-03-06,East,Consumer,Office Supplies,Paper,Copy Paper,5,51.87,0.05,246.38,35.87,CUST-0898
ORD-03329,2024-03-06,West,Consumer,Technology,Computers,Laptop,7,274.17,0.2,1535.35,263.31,CUST-0494
ORD-04326,2024-03-06,West,Corporate,Technology,Accessories,Keyboard,5,196.33,0.2,785.32,127.59,CUST-0236
ORD-01921,2024-03-07,West,Consumer,Technology,Computers,Desktop,4,268.21,0.0,1072.84,242.56,CUST-0152
ORD-05398,2024-03-07,Central,Consumer,Office Supplies,Binders,Binder,4,58.11,0.25,174.33,36.95,CUST-1107
ORD-00552,2024-03-07,Central,Consumer,Furniture,Bookcases,Storage Cabinet,2,197.85,0.15,336.34,29.47,CUST-0101
ORD-05819,2024-03-07,Central,Consumer,Office Supplies,Binders,Presentation Binder,6,57.27,0.2,274.9,34.94,CUST-0390
ORD-01774,2024-03-07,West,Corporate,Technology,Computers,Desktop,4,215.77,0.05,819.93,166.47,CUST-1000
ORD-01478,2024-03-07,East,Consumer,Furniture,Chairs,Conference Chair,7,209.19,0.0,1464.33,240.19,CUST-0708
ORD-04052,2024-03-07,East,Home Office,Technology,Phones,Phone B,4,323.94,0.1,1166.18,243.69,CUST-1193
ORD-05326,2024-03-07,East,Corporate,Office Supplies,Storage,Storage Box,1,62.71,0.05,59.57,4.72,CUST-0503
ORD-01283,2024-03-07,Central,Consumer,Technology,Phones,Phone B,1,226.74,0.0,226.74,49.02,CUST-0582
ORD-05458,2024-03-07,South,Consumer,Office Supplies,Paper,Labels,5,60.52,0.2,242.08,28.55,CUST-0768
ORD-05307,2024-03-07,Central,Consumer,Technology,Accessories,Mouse,5,214.04,0.1,963.18,193.53,CUST-0573
ORD-01694,2024-03-08,South,Consumer,Technology,Phones,Phone C,5,198.11,0.0,990.55,234.78,CUST-0834
ORD-05314,2024-03-08,West,Consumer,Furniture,Bookcases,Storage Cabinet,6,228.72,0.15,1166.47,126.21,CUST-0103
ORD-01754,2024-03-08,West,Consumer,Office Supplies,Storage,Storage Box,3,46.04,0.05,131.21,18.53,CUST-0914
ORD-02059,2024-03-08,Central,Home Office,Furniture,Tables,Desk,3,151.76,0.05,432.52,60.07,CUST-0402
ORD-02291,2024-03-08,West,Home Office,Furniture,Tables,Side Table,3,195.34,0.0,586.02,87.45,CUST-0112
ORD-02342,2024-03-08,East,Consumer,Furniture,Bookcases,Bookcase,3,223.8,0.0,671.4,120.1,CUST-0661
ORD-03695,2024-03-09,West,Consumer,Furniture,Bookcases,Bookcase,3,240.91,0.15,614.32,83.07,CUST-0539
ORD-03041,2024-03-09,West,Consumer,Technology,Computers,Monitor,2,242.88,0.1,437.18,83.93,CUST-1162
ORD-03380,2024-03-09,West,Consumer,Office Supplies,Storage,Organizer,5,57.86,0.0,289.3,60.81,CUST-0114
ORD-03250,2024-03-09,West,Consumer,Technology,Phones,Phone B,4,227.1,0.1,817.56,175.87,CUST-0740
ORD-05132,2024-03-10,South,Home Office,Office Supplies,Paper,Copy Paper,7,60.55,0.2,339.08,39.33,CUST-0415
ORD-05324,2024-03-10,South,Consumer,Furniture,Bookcases,Bookcase,4,194.4,0.1,699.84,99.71,CUST-0205
ORD-04795,2024-03-10,Central,Consumer,Office Supplies,Paper,Copy Paper,4,45.21,0.0,180.84,35.74,CUST-0742
ORD-01666,2024-03-10,West,Corporate,Technology,Accessories,Headset,7,288.16,0.0,2017.12,474.13,CUST-0117
ORD-03460,2024-03-10,Central,Consumer,Furniture,Bookcases,Storage Cabinet,4,241.93,0.15,822.56,101.07,CUST-0702
ORD-02546,2024-03-11,West,Corporate,Technology,Phones,Phone C,3,252.12,0.15,642.91,132.41,CUST-0200
ORD-02003,2024-03-11,Central,Home Office,Technology,Phones,Phone B,5,307.21,0.25,1152.04,188.6,CUST-0076
ORD-02800,2024-03-11,West,Consumer,Office Supplies,Paper,Notebooks,4,66.84,0.1,240.62,44.59,CUST-0159
ORD-01320,2024-03-11,West,Consumer,Technology,Computers,Laptop,5,231.83,0.0,1159.15,263.23,CUST-0636
ORD-00440,2024-03-11,Central,Consumer,Furniture,Tables,Meeting Table,5,114.02,0.0,570.1,87.63,CUST-0596
ORD-04651,2024-03-11,South,Corporate,Furniture,Bookcases,Bookcase,5,249.43,0.0,1247.15,196.02,CUST-0617
ORD-01168,2024-03-12,West,Corporate,Office Supplies,Binders,Presentation Binder,1,46.14,0.15,39.22,10.12,CUST-0726
ORD-05777,2024-03-12,West,Corporate,Furniture,Chairs,Office Chair,6,89.64,0.25,403.38,34.03,CUST-0649
ORD-05346,2024-03-12,West,Consumer,Office Supplies,Storage,Organizer,7,56.69,0.15,337.31,53.93,CUST-0973
ORD-05043,2024-03-12,South,Corporate,Office Supplies,Paper,Notebooks,5,40.81,0.15,173.44,26.3,CUST-0781
ORD-02374,2024-03-12,Central,Home Office,Furniture,Chairs,Office Chair,4,94.57,0.15,321.54,35.9,CUST-1040
ORD-04927,2024-03-13,East,Consumer,Furniture,Bookcases,Storage Cabinet,3,130.06,0.15,331.65,49.56,CUST-0936
ORD-03318,2024-03-13,Central,Consumer,Office Supplies,Binders,Binder,7,48.16,0.1,303.41,49.6,CUST-0808
ORD-02140,2024-03-14,South,Consumer,Technology,Phones,Phone A,7,265.15,0.0,1856.05,419.15,CUST-0595
ORD-05951,2024-03-14,West,Corporate,Office Supplies,Binders,Presentation Binder,7,53.99,0.1,340.14,53.33,CUST-0342
ORD-02134,2024-03-14,West,Home Office,Technology,Computers,Monitor,3,243.07,0.1,656.29,146.27,CUST-0238
ORD-04175,2024-03-14,West,Consumer,Office Supplies,Storage,Drawer Unit,3,38.68,0.0,116.04,23.4,CUST-0042
ORD-01956,2024-03-14,East,Home Office,Technology,Phones,Phone A,5,243.48,0.15,1034.79,196.46,CUST-0310
ORD-04403,2024-03-14,West,Consumer,Office Supplies,Storage,Drawer Unit,3,60.53,0.15,154.35,19.21,CUST-0047
ORD-04719,2024-03-15,Central,Corporate,Office Supplies,Paper,Copy Paper,4,44.15,0.0,176.6,24.94,CUST-0490
ORD-02225,2024-03-15,West,Consumer,Office Supplies,Paper,Labels,1,73.78,0.15,62.71,-4.47,CUST-1033
ORD-01302,2024-03-15,Central,Corporate,Office Supplies,Storage,Organizer,3,56.9,0.0,170.7,23.83,CUST-0554
ORD-00957,2024-03-15,South,Corporate,Office Supplies,Binders,Presentation Binder,1,58.7,0.1,52.83,6.95,CUST-0805
ORD-02524,2024-03-15,Central,Consumer,Furniture,Bookcases,Bookcase,7,131.91,0.05,877.2,124.77,CUST-0034
ORD-05756,2024-03-15,East,Corporate,Technology,Computers,Laptop,5,256.16,0.2,1024.64,172.95,CUST-1139
ORD-03166,2024-03-16,Central,Consumer,Technology,Computers,Monitor,2,280.97,0.2,449.55,79.1,CUST-1187
ORD-03312,2024-03-16,South,Consumer,Technology,Computers,Desktop,1,265.48,0.1,238.93,61.32,CUST-0948
ORD-03733,2024-03-16,South,Consumer,Office Supplies,Paper,Copy Paper,1,43.19,0.15,36.71,24.17,CUST-0042
ORD-03691,2024-03-16,West,Consumer,Technology,Computers,Laptop,1,205.07,0.1,184.56,27.28,CUST-0635
ORD-04471,2024-03-16,East,Corporate,Furniture,Chairs,Task Chair,6,189.76,0.0,1138.56,173.33,CUST-0044
ORD-04984,2024-03-16,South,Corporate,Furniture,Chairs,Conference Chair,1,251.19,0.0,251.19,45.35,CUST-0282
ORD-05180,2024-03-16,West,Consumer,Office Supplies,Binders,Presentation Binder,3,56.01,0.2,134.42,9.14,CUST-0833
ORD-04161,2024-03-17,Central,Consumer,Furniture,Bookcases,Bookcase,1,198.63,0.0,198.63,24.71,CUST-0573
ORD-00027,2024-03-17,East,Corporate,Technology,Computers,Desktop,5,87.99,0.0,439.95,121.69,CUST-0739
ORD-02163,2024-03-17,East,Consumer,Furniture,Chairs,Task Chair,7,150.31,0.0,1052.17,177.47,CUST-0910
ORD-04646,2024-03-17,East,Corporate,Office Supplies,Paper,Notebooks,2,59.87,0.0,119.74,30.52,CUST-0161
ORD-03315,2024-03-17,Central,Corporate,Technology,Accessories,Mouse,1,170.62,0.05,162.09,40.51,CUST-0444
ORD-01847,2024-03-17,East,Corporate,Technology,Accessories,Headset,7,155.11,0.25,814.33,133.68,CUST-1045
ORD-02060,2024-03-17,East,Consumer,Furniture,Tables,Desk,7,175.79,0.0,1230.53,211.84,CUST-0536
ORD-02073,2024-03-17,West,Home Office,Technology,Computers,Desktop,6,244.1,0.1,1318.14,264.47,CUST-0395
ORD-03188,2024-03-17,East,Consumer,Furniture,Tables,Meeting Table,6,240.96,0.0,1445.76,241.87,CUST-1098
ORD-05437,2024-03-18,West,Consumer,Office Supplies,Storage,Storage Box,1,25.7,0.15,21.84,21.18,CUST-0867
ORD-03291,2024-03-18,Central,Corporate,Furniture,Tables,Meeting Table,3,163.06,0.15,415.8,57.92,CUST-0064
ORD-03274,2024-03-18,East,Consumer,Furniture,Tables,Meeting Table,7,152.07,0.2,851.59,91.14,CUST-0379
ORD-05795,2024-03-18,Central,Consumer,Technology,Phones,Phone B,1,202.25,0.2,161.8,31.29,CUST-0816
ORD-00942,2024-03-18,East,Consumer,Furniture,Tables,Desk,2,174.57,0.25,261.86,26.12,CUST-1158
ORD-00585,2024-03-18,South,Corporate,Office Supplies,Paper,Notebooks,2,51.22,0.2,81.95,12.24,CUST-0185
ORD-02746,2024-03-19,East,Home Office,Furniture,Tables,Desk,3,164.2,0.0,492.6,93.77,CUST-0655
ORD-04896,2024-03-19,Central,Corporate,Office Supplies,Binders,Presentation Binder,6,69.94,0.05,398.66,67.69,CUST-0501
ORD-01866,2024-03-19,East,Consumer,Furniture,Bookcases,Bookcase,2,163.35,0.2,261.36,33.9,CUST-0468
ORD-05511,2024-03-20,West,Home Office,Technology,Computers,Desktop,7,288.71,0.0,2020.97,458.29,CUST-0087
ORD-00164,2024-03-21,Central,Corporate,Furniture,Bookcases,Storage Cabinet,3,171.0,0.15,436.05,49.55,CUST-0350
ORD-00687,2024-03-21,West,Home Office,Office Supplies,Paper,Copy Paper,4,51.11,0.1,184.0,31.28,CUST-0256
ORD-05196,2024-03-21,West,Corporate,Office Supplies,Binders,File Folder,7,57.66,0.0,403.62,92.98,CUST-0831
ORD-01131,2024-03-21,Central,Home Office,Technology,Computers,Monitor,5,230.63,0.15,980.18,193.18,CUST-0407
ORD-03142,2024-03-22,East,Corporate,Furniture,Tables,Side Table,5,256.31,0.15,1089.32,132.84,CUST-0040
ORD-03485,2024-03-22,South,Corporate,Office Supplies,Paper,Copy Paper,7,55.68,0.05,370.27,58.06,CUST-0697
ORD-05817,2024-03-22,South,Corporate,Office Supplies,Storage,Organizer,3,59.54,0.25,133.96,18.36,CUST-0741
ORD-02509,2024-03-22,South,Home Office,Office Supplies,Storage,Storage Box,5,60.09,0.1,270.41,46.41,CUST-0317
ORD-02915,2024-03-22,East,Home Office,Furniture,Bookcases,Storage Cabinet,4,185.3,0.05,704.14,92.78,CUST-0964
ORD-01875,2024-03-23,West,Home Office,Office Supplies,Storage,Organizer,7,40.63,0.15,241.75,46.45,CUST-0400
ORD-03766,2024-03-23,Central,Consumer,Furniture,Tables,Desk,3,162.59,0.0,487.77,82.74,CUST-0019
ORD-01688,2024-03-23,West,Home Office,Technology,Computers,Monitor,7,289.64,0.1,1824.73,362.75,CUST-0535
ORD-02076,2024-03-23,East,Consumer,Furniture,Bookcases,Storage Cabinet,3,151.48,0.2,363.55,32.46,CUST-0556
ORD-02564,2024-03-23,East,Consumer,Furniture,Bookcases,Storage Cabinet,1,231.91,0.05,220.31,34.06,CUST-0558
ORD-01340,2024-03-23,South,Corporate,Technology,Accessories,Keyboard,2,176.91,0.2,283.06,48.83,CUST-0279
ORD-00144,2024-03-23,East,Corporate,Furniture,Chairs,Conference Chair,7,187.1,0.05,1244.21,179.41,CUST-0021
ORD-05315,2024-03-24,East,Home Office,Office Supplies,Binders,Binder,5,76.15,0.0,380.75,58.32,CUST-0239
ORD-05773,2024-03-24,Central,Consumer,Office Supplies,Paper,Copy Paper,7,70.64,0.0,494.48,97.32,CUST-0843
ORD-00163,2024-03-24,East,Corporate,Office Supplies,Storage,Organizer,6,68.93,0.1,372.22,64.07,CUST-0170
ORD-03479,2024-03-24,East,Home Office,Office Supplies,Binders,Presentation Binder,1,54.95,0.25,41.21,8.78,CUST-0840
ORD-01762,2024-03-24,West,Corporate,Office Supplies,Storage,Drawer Unit,7,60.47,0.05,402.13,64.67,CUST-0148
ORD-03547,2024-03-24,East,Home Office,Technology,Accessories,Keyboard,6,128.18,0.1,692.17,143.99,CUST-0401
ORD-03618,2024-03-24,South,Consumer,Furniture,Chairs,Conference Chair,3,147.4,0.0,442.2,69.64,CUST-0662
ORD-00962,2024-03-24,East,Consumer,Furniture,Bookcases,Storage Cabinet,7,214.95,0.05,1429.42,204.85,CUST-0136
ORD-01495,2024-03-25,East,Home Office,Technology,Computers,Desktop,5,167.43,0.15,711.58,125.48,CUST-0722
ORD-05734,2024-03-25,West,Corporate,Office Supplies,Storage,Organizer,3,33.13,0.1,89.45,4.4,CUST-0891
ORD-05448,2024-03-25,Central,Corporate,Technology,Accessories,Keyboard,4,231.79,0.1,834.44,170.16,CUST-0141
ORD-02192,2024-03-25,Central,Consumer,Furniture,Tables,Side Table,4,196.28,0.1,706.61,98.35,CUST-0267
ORD-00373,2024-03-25,South,Corporate,Office Supplies,Binders,Binder,1,73.27,0.15,62.28,12.31,CUST-0267
ORD-01835,2024-03-25,West,Consumer,Office Supplies,Binders,Presentation Binder,5,51.87,0.1,233.41,24.04,CUST-0824
ORD-03653,2024-03-25,Central,Consumer,Office Supplies,Binders,File Folder,1,37.69,0.2,30.15,-2.39,CUST-0139
ORD-03260,2024-03-25,East,Corporate,Office Supplies,Paper,Notebooks,5,66.01,0.05,313.55,50.78,CUST-0633
ORD-00065,2024-03-26,West,Consumer,Furniture,Tables,Meeting Table,2,211.32,0.2,338.11,51.57,CUST-0044
ORD-05202,2024-03-26,South,Home Office,Technology,Computers,Monitor,4,165.34,0.0,661.36,131.14,CUST-0907
ORD-02357,2024-03-27,Central,Consumer,Furniture,Bookcases,Storage Cabinet,7,201.1,0.15,1196.54,132.22,CUST-0962
ORD-03272,2024-03-27,East,Consumer,Office Supplies,Paper,Labels,7,53.96,0.2,302.18,41.86,CUST-0551
ORD-05707,2024-03-27,East,Consumer,Furniture,Tables,Meeting Table,7,135.36,0.0,947.52,158.88,CUST-1026
ORD-00907,2024-03-27,South,Consumer,Furniture,Bookcases,Storage Cabinet,4,215.51,0.0,862.04,135.49,CUST-0717
ORD-03698,2024-03-27,East,Corporate,Office Supplies,Storage,Organizer,7,56.22,0.1,354.19,59.95,CUST-0820
ORD-01252,2024-03-27,East,Home Office,Office Supplies,Binders,Binder,6,66.17,0.05,377.17,74.91,CUST-0377
ORD-03416,2024-03-27,East,Home Office,Furniture,Chairs,Office Chair,3,161.99,0.15,413.07,44.56,CUST-0861
ORD-05855,2024-03-27,West,Home Office,Office Supplies,Paper,Labels,4,37.39,0.0,149.56,34.39,CUST-0770
ORD-00960,2024-03-27,West,Consumer,Technology,Phones,Phone A,3,272.73,0.1,736.37,143.11,CUST-0656
ORD-04877,2024-03-28,Central,Consumer,Office Supplies,Storage,Storage Box,7,42.89,0.15,255.2,40.04,CUST-0098
ORD-01719,2024-03-28,West,Consumer,Furniture,Chairs,Task Chair,7,169.44,0.15,1008.17,124.28,CUST-0689
ORD-00496,2024-03-28,South,Consumer,Office Supplies,Binders,Presentation Binder,3,77.0,0.25,173.25,23.07,CUST-0743
ORD-03765,2024-03-28,West,Consumer,Furniture,Bookcases,Bookcase,7,259.02,0.2,1450.51,163.24,CUST-0692
ORD-04045,2024-03-28,South,Home Office,Technology,Phones,Phone B,3,214.68,0.25,483.03,74.63,CUST-0366
ORD-03886,2024-03-29,South,Home Office,Office Supplies,Paper,Copy Paper,1,65.92,0.0,65.92,6.56,CUST-0800
ORD-02017,2024-03-29,West,Consumer,Office Supplies,Paper,Copy Paper,7,46.82,0.05,311.35,56.57,CUST-0052
ORD-01888,2024-03-29,Central,Home Office,Office Supplies,Binders,Binder,2,35.38,0.0,70.76,12.0,CUST-0884
ORD-03285,2024-03-29,South,Corporate,Office Supplies,Paper,Notebooks,3,77.21,0.1,208.47,33.89,CUST-0552
ORD-04147,2024-03-29,West,Home Office,Office Supplies,Storage,Organizer,5,52.6,0.0,263.0,51.18,CUST-0520
ORD-04318,2024-03-29,South,Consumer,Technology,Phones,Phone A,7,307.43,0.05,2044.41,436.32,CUST-0423
ORD-01584,2024-03-29,South,Consumer,Office Supplies,Binders,Presentation Binder,4,40.22,0.05,152.84,16.65,CUST-0578
ORD-04354,2024-03-29,Central,Corporate,Technology,Phones,Phone C,2,170.12,0.1,306.22,49.05,CUST-0314
ORD-01635,2024-03-30,Central,Corporate,Furniture,Tables,Meeting Table,7,159.2,0.05,1058.68,151.08,CUST-0627
ORD-02749,2024-03-30,South,Consumer,Furniture,Bookcases,Bookcase,6,80.35,0.1,433.89,59.78,CUST-0185
ORD-01309,2024-03-30,South,Corporate,Office Supplies,Paper,Notebooks,5,66.52,0.0,332.6,42.09,CUST-0986
ORD-01485,2024-03-30,South,Consumer,Office Supplies,Storage,Drawer Unit,5,47.75,0.0,238.75,57.72,CUST-0312
ORD-05722,2024-03-30,West,Consumer,Furniture,Chairs,Task Chair,1,174.05,0.25,130.54,5.52,CUST-0178
ORD-05730,2024-03-30,West,Consumer,Furniture,Bookcases,Shelf Unit,7,241.81,0.2,1354.14,138.84,CUST-0932
ORD-05729,2024-03-30,East,Home Office,Office Supplies,Binders,Binder,3,47.89,0.05,136.49,24.18,CUST-0667
ORD-03555,2024-03-30,East,Home Office,Office Supplies,Paper,Notebooks,1,63.54,0.1,57.19,5.01,CUST-0378
ORD-02473,2024-03-30,South,Consumer,Furniture,Chairs,Conference Chair,3,169.65,0.1,458.06,51.64,CUST-0479
ORD-04030,2024-03-30,South,Consumer,Office Supplies,Paper,Notebooks,5,52.92,0.1,238.14,37.57,CUST-0195
ORD-01043,2024-03-31,East,Corporate,Technology,Computers,Desktop,2,196.26,0.1,353.27,63.04,CUST-0873
ORD-01191,2024-03-31,East,Home Office,Technology,Phones,Phone B,2,220.78,0.0,441.56,95.64,CUST-0132
ORD-04213,2024-03-31,Central,Consumer,Office Supplies,Binders,Binder,6,56.49,0.2,271.15,34.59,CUST-0736
ORD-03989,2024-03-31,East,Corporate,Furniture,Tables,Side Table,7,136.87,0.1,862.28,111.79,CUST-0530
ORD-00248,2024-03-31,South,Consumer,Technology,Accessories,Headset,3,193.9,0.2,465.36,93.2,CUST-0993
ORD-04826,2024-04-01,East,Corporate,Furniture,Bookcases,Storage Cabinet,5,146.01,0.2,584.04,61.2,CUST-1116
ORD-00624,2024-04-01,South,Corporate,Office Supplies,Storage,Organizer,1,56.75,0.0,56.75,22.68,CUST-0170
ORD-01480,2024-04-01,South,Home Office,Furniture,Bookcases,Bookcase,6,167.56,0.0,1005.36,144.79,CUST-0048
ORD-00572,2024-04-01,East,Corporate,Office Supplies,Paper,Notebooks,4,68.67,0.1,247.21,31.35,CUST-0620
ORD-03461,2024-04-01,East,Corporate,Technology,Computers,Desktop,5,281.28,0.05,1336.08,284.85,CUST-0297
ORD-01225,2024-04-01,East,Corporate,Furniture,Chairs,Conference Chair,1,194.04,0.1,174.64,19.74,CUST-1036
ORD-02290,2024-04-01,Central,Consumer,Furniture,Bookcases,Shelf Unit,1,166.16,0.15,141.24,14.18,CUST-0390
ORD-04446,2024-04-01,Central,Consumer,Furniture,Chairs,Conference Chair,1,207.98,0.0,207.98,29.03,CUST-0788
ORD-04342,2024-04-02,West,Consumer,Furniture,Tables,Meeting Table,4,211.07,0.15,717.64,100.8,CUST-0260
ORD-02698,2024-04-02,South,Consumer,Office Supplies,Storage,Drawer Unit,3,62.4,0.05,177.84,45.31,CUST-0603
ORD-03924,2024-04-02,West,Consumer,Technology,Phones,Phone C,3,259.43,0.05,739.38,159.71,CUST-0254
ORD-01079,2024-04-02,East,Corporate,Technology,Accessories,Keyboard,4,211.54,0.1,761.54,164.54,CUST-0699
ORD-00425,2024-04-02,East,Corporate,Furniture,Bookcases,Storage Cabinet,7,234.01,0.15,1392.36,175.79,CUST-0788
ORD-00165,2024-04-03,Central,Consumer,Furniture,Tables,Meeting Table,5,122.51,0.1,551.3,58.03,CUST-1017
ORD-02420,2024-04-03,West,Home Office,Furniture,Bookcases,Shelf Unit,6,246.37,0.15,1256.49,147.01,CUST-0842
ORD-04736,2024-04-03,West,Corporate,Furniture,Tables,Meeting Table,1,179.59,0.05,170.61,17.97,CUST-1136
ORD-05627,2024-04-03,West,Corporate,Technology,Accessories,Keyboard,1,236.6,0.05,224.77,49.77,CUST-0175
ORD-00972,2024-04-03,East,Consumer,Office Supplies,Binders,Binder,7,36.91,0.0,258.37,56.49,CUST-0780
ORD-00732,2024-04-03,South,Consumer,Furniture,Bookcases,Bookcase,5,203.67,0.1,916.52,117.18,CUST-0501
ORD-05892,2024-04-03,Central,Consumer,Technology,Phones,Phone C,6,210.9,0.15,1075.59,199.92,CUST-0309
ORD-00929,2024-04-03,East,Corporate,Furniture,Tables,Desk,2,206.89,0.1,372.4,49.81,CUST-1188
ORD-00275,2024-04-03,Central,Corporate,Furniture,Chairs,Office Chair,2,182.25,0.05,346.28,47.23,CUST-1141
ORD-02495,2024-04-03,South,Corporate,Furniture,Bookcases,Shelf Unit,6,142.68,0.0,856.08,146.42,CUST-0262
ORD-04251,2024-04-03,West,Corporate,Furniture,Tables,Meeting Table,6,183.59,0.1,991.39,124.65,CUST-0302
ORD-01678,2024-04-04,East,Corporate,Furniture,Tables,Meeting Table,3,121.22,0.0,363.66,57.86,CUST-0772
ORD-02070,2024-04-04,West,Consumer,Technology,Accessories,Keyboard,1,173.87,0.2,139.1,31.18,CUST-1087
ORD-00464,2024-04-04,West,Consumer,Technology,Phones,Phone B,2,191.74,0.0,383.48,88.3,CUST-1098
ORD-04659,2024-04-05,East,Corporate,Furniture,Bookcases,Storage Cabinet,2,172.52,0.0,345.04,58.78,CUST-0274
ORD-04562,2024-04-05,West,Consumer,Office Supplies,Binders,Presentation Binder,2,53.61,0.05,101.86,2.27,CUST-0890
ORD-01374,2024-04-05,East,Consumer,Furniture,Bookcases,Storage Cabinet,6,180.08,0.0,1080.48,165.68,CUST-0258
ORD-05024,2024-04-05,West,Consumer,Technology,Computers,Monitor,4,126.66,0.15,430.64,69.49,CUST-0349
ORD-05800,2024-04-05,West,Corporate,Technology,Phones,Phone C,6,172.75,0.0,1036.5,231.75,CUST-0895
ORD-01185,2024-04-05,South,Consumer,Technology,Computers,Monitor,6,245.15,0.1,1323.81,274.34,CUST-0130
ORD-03209,2024-04-05,East,Consumer,Technology,Accessories,Mouse,5,194.94,0.15,828.5,154.9,CUST-1104
ORD-05304,2024-04-05,West,Consumer,Office Supplies,Binders,Binder,7,46.46,0.05,308.96,49.85,CUST-0716
ORD-04068,2024-04-06,South,Corporate,Office Supplies,Paper,Notebooks,4,54.58,0.15,185.57,30.16,CUST-0391
ORD-03563,2024-04-06,East,Corporate,Technology,Computers,Monitor,6,268.28,0.15,1368.23,241.75,CUST-0226
ORD-02962,2024-04-07,East,Consumer,Office Supplies,Storage,Drawer Unit,3,72.18,0.2,173.23,15.99,CUST-0392
ORD-03567,2024-04-07,Central,Consumer,Furniture,Tables,Meeting Table,3,159.52,0.25,358.92,27.47,CUST-0873
ORD-05252,2024-04-08,East,Consumer,Office Supplies,Storage,Storage Box,1,50.95,0.0,50.95,-1.99,CUST-0453
ORD-02224,2024-04-08,East,Consumer,Technology,Computers,Laptop,3,173.37,0.1,468.1,108.91,CUST-0886
ORD-02925,2024-04-08,Central,Consumer,Office Supplies,Storage,Drawer Unit,7,70.96,0.2,397.38,45.05,CUST-0429
ORD-02476,2024-04-08,East,Consumer,Furniture,Chairs,Office Chair,7,209.24,0.15,1244.98,157.61,CUST-0351
ORD-03071,2024-04-08,South,Corporate,Office Supplies,Binders,Binder,1,52.95,0.05,50.3,0.93,CUST-0737
ORD-05439,2024-04-08,South,Consumer,Furniture,Bookcases,Storage Cabinet,5,162.81,0.15,691.94,70.65,CUST-0759
ORD-02250,2024-04-09,South,Consumer,Office Supplies,Binders,Presentation Binder,1,52.32,0.1,47.09,19.71,CUST-0980
ORD-03369,2024-04-09,Central,Consumer,Technology,Computers,Monitor,4,239.03,0.0,956.12,216.2,CUST-0904
ORD-04130,2024-04-09,West,Consumer,Office Supplies,Paper,Notebooks,3,80.51,0.2,193.22,9.62,CUST-0144
ORD-03771,2024-04-09,West,Corporate,Furniture,Bookcases,Bookcase,4,140.56,0.2,449.79,48.41,CUST-0892
ORD-00777,2024-04-09,Central,Consumer,Technology,Computers,Monitor,2,216.1,0.15,367.37,63.25,CUST-0041
ORD-02341,2024-04-09,West,Corporate,Furniture,Chairs,Task Chair,4,205.75,0.05,781.85,119.28,CUST-0704
ORD-02276,2024-04-10,Central,Consumer,Furniture,Chairs,Task Chair,2,148.2,0.05,281.58,43.45,CUST-1166
ORD-01841,2024-04-10,South,Corporate,Technology,Computers,Laptop,2,195.22,0.1,351.4,79.2,CUST-0566
ORD-01333,2024-04-10,East,Corporate,Office Supplies,Storage,Organizer,6,69.11,0.2,331.73,42.24,CUST-1067
ORD-04328,2024-04-10,West,Consumer,Technology,Accessories,Headset,4,275.88,0.05,1048.34,221.2,CUST-0171
ORD-02694,2024-04-10,South,Consumer,Furniture,Bookcases,Bookcase,2,101.95,0.0,203.9,37.42,CUST-0684
ORD-01059,2024-04-10,West,Corporate,Office Supplies,Paper,Notebooks,1,48.75,0.05,46.31,9.47,CUST-0774
ORD-03008,2024-04-10,South,Home Office,Furniture,Bookcases,Storage Cabinet,6,185.36,0.0,1112.16,174.7,CUST-0148
ORD-03669,2024-04-11,East,Consumer,Furniture,Tables,Desk,3,186.42,0.05,531.3,87.43,CUST-0200
ORD-00500,2024-04-11,South,Consumer,Technology,Computers,Laptop,5,188.63,0.25,707.36,121.52,CUST-0256
ORD-04035,2024-04-11,East,Consumer,Office Supplies,Storage,Drawer Unit,5,56.7,0.1,255.15,32.65,CUST-0223
ORD-04336,2024-04-11,South,Consumer,Technology,Computers,Monitor,7,210.23,0.15,1250.87,229.51,CUST-1090
ORD-04710,2024-04-12,Central,Consumer,Office Supplies,Storage,Drawer Unit,2,55.93,0.05,106.27,11.21,CUST-0132
ORD-01437,2024-04-13,South,Consumer,Furniture,Chairs,Task Chair,6,192.66,0.0,1155.96,189.35,CUST-0677
ORD-00954,2024-04-13,Central,Consumer,Technology,Computers,Monitor,1,213.88,0.0,213.88,56.8,CUST-1066
ORD-05807,2024-04-13,East,Consumer,Furniture,Chairs,Conference Chair,4,147.84,0.2,473.09,44.06,CUST-0564
ORD-04670,2024-04-14,West,Corporate,Technology,Phones,Phone C,4,206.28,0.2,660.1,108.24,CUST-0428
ORD-01687,2024-04-14,West,Corporate,Office Supplies,Binders,File Folder,4,48.55,0.05,184.49,39.59,CUST-0965
ORD-05272,2024-04-14,East,Corporate,Office Supplies,Storage,Storage Box,4,48.46,0.2,155.07,19.38,CUST-0777
ORD-02990,2024-04-14,West,Corporate,Office Supplies,Storage,Storage Box,1,64.54,0.05,61.31,23.03,CUST-1012
ORD-05449,2024-04-14,East,Corporate,Office Supplies,Storage,Storage Box,3,64.87,0.1,175.15,19.54,CUST-0295
ORD-04743,2024-04-14,South,Corporate,Technology,Phones,Phone A,4,282.54,0.1,1017.14,206.64,CUST-0539
ORD-04191,2024-04-15,West,Consumer,Office Supplies,Storage,Storage Box,7,48.35,0.2,270.76,36.75,CUST-0563
ORD-00547,2024-04-15,West,Corporate,Furniture,Tables,Meeting Table,4,211.48,0.1,761.33,109.85,CUST-0020
ORD-02760,2024-04-15,East,Corporate,Technology,Accessories,Keyboard,3,238.02,0.0,714.06,160.86,CUST-0524
ORD-04520,2024-04-15,East,Corporate,Furniture,Tables,Meeting Table,1,204.21,0.2,163.37,6.84,CUST-0205
ORD-03218,2024-04-16,Central,Consumer,Technology,Accessories,Headset,4,188.66,0.15,641.44,102.58,CUST-0533
ORD-03775,2024-04-16,West,Consumer,Furniture,Bookcases,Bookcase,1,131.82,0.0,131.82,25.83,CUST-1108
ORD-01741,2024-04-17,East,Home Office,Office Supplies,Paper,Notebooks,2,69.93,0.15,118.88,15.47,CUST-0658
ORD-05704,2024-04-17,West,Consumer,Furniture,Tables,Desk,2,150.18,0.05,285.34,32.26,CUST-0551
ORD-01153,2024-04-17,West,Consumer,Furniture,Chairs,Office Chair,3,229.26,0.15,584.61,90.64,CUST-0681
ORD-01496,2024-04-17,West,Home Office,Technology,Computers,Monitor,2,176.93,0.05,336.17,71.62,CUST-0582
ORD-04616,2024-04-17,South,Consumer,Technology,Accessories,Headset,1,219.06,0.1,197.15,33.12,CUST-0056
ORD-00994,2024-04-17,West,Consumer,Furniture,Tables,Desk,2,172.81,0.1,311.06,40.25,CUST-1159
ORD-00795,2024-04-17,Central,Consumer,Furniture,Bookcases,Shelf Unit,6,179.46,0.15,915.25,106.04,CUST-0676
ORD-02566,2024-04-17,East,Consumer,Furniture,Tables,Desk,2,106.51,0.05,202.37,27.47,CUST-1105
ORD-02762,2024-04-17,South,Consumer,Furniture,Tables,Side Table,5,101.79,0.2,407.16,42.08,CUST-0704
ORD-05716,2024-04-18,East,Consumer,Technology,Accessories,Keyboard,4,236.53,0.0,946.12,208.34,CUST-0623
ORD-00238,2024-04-18,West,Corporate,Furniture,Chairs,Conference Chair,5,191.09,0.25,716.59,64.48,CUST-0392
ORD-03676,2024-04-18,East,Consumer,Technology,Phones,Phone B,1,251.53,0.0,251.53,64.28,CUST-0455
ORD-03173,2024-04-18,West,Consumer,Office Supplies,Binders,File Folder,7,49.61,0.15,295.18,35.38,CUST-0862
ORD-00473,2024-04-18,Central,Consumer,Furniture,Bookcases,Storage Cabinet,5,147.49,0.0,737.45,117.39,CUST-0160
ORD-03220,2024-04-19,West,Corporate,Technology,Phones,Phone B,6,274.8,0.0,1648.8,367.46,CUST-0309
ORD-05747,2024-04-19,Central,Consumer,Technology,Computers,Laptop,7,273.92,0.05,1821.57,381.45,CUST-0508
ORD-00005,2024-04-19,East,Consumer,Furniture,Bookcases,Storage Cabinet,2,191.88,0.2,307.01,39.05,CUST-0743
ORD-05684,2024-04-19,South,Corporate,Office Supplies,Binders,File Folder,5,53.83,0.2,215.32,17.1,CUST-0900
ORD-01444,2024-04-19,South,Corporate,Office Supplies,Binders,Binder,5,58.97,0.2,235.88,42.54,CUST-1116
ORD-03325,2024-04-20,Central,Consumer,Furniture,Tables,Desk,4,150.37,0.1,541.33,67.79,CUST-0424
ORD-00407,2024-04-20,West,Consumer,Technology,Computers,Laptop,1,210.28,0.1,189.25,45.59,CUST-1015
ORD-02717,2024-04-20,South,Consumer,Furniture,Chairs,Task Chair,4,169.56,0.0,678.24,94.56,CUST-1033
ORD-00435,2024-04-20,East,Corporate,Technology,Accessories,Mouse,1,218.24,0.0,218.24,58.36,CUST-0425
ORD-02007,2024-04-20,Central,Corporate,Office Supplies,Binders,Binder,3,39.04,0.1,105.41,24.79,CUST-0652
ORD-05051,2024-04-20,West,Consumer,Technology,Accessories,Mouse,1,284.83,0.0,284.83,58.52,CUST-0611
ORD-00633,2024-04-20,Central,Consumer,Technology,Phones,Phone C,7,282.35,0.0,1976.45,453.31,CUST-0325
ORD-01100,2024-04-20,South,Consumer,Office Supplies,Binders,Presentation Binder,5,57.86,0.1,260.37,41.1,CUST-0137
ORD-00621,2024-04-20,Central,Consumer,Office Supplies,Storage,Organizer,3,63.94,0.05,182.23,23.82,CUST-0869
ORD-00091,2024-04-21,South,Corporate,Technology,Phones,Phone C,6,294.11,0.15,1499.96,282.91,CUST-0137
ORD-00155,2024-04-21,East,Consumer,Furniture,Tables,Meeting Table,1,205.77,0.15,174.9,36.44,CUST-0621
ORD-01924,2024-04-21,South,Consumer,Office Supplies,Storage,Drawer Unit,7,58.32,0.1,367.42,64.82,CUST-0803
ORD-03619,2024-04-21,East,Consumer,Furniture,Tables,Side Table,2,135.3,0.05,257.07,44.48,CUST-0214
ORD-00354,2024-04-21,West,Corporate,Office Supplies,Paper,Copy Paper,1,68.08,0.0,68.08,23.13,CUST-0569
ORD-04284,2024-04-21,East,Consumer,Technology,Accessories,Keyboard,7,168.68,0.2,944.61,162.81,CUST-0067
ORD-02661,2024-04-21,West,Corporate,Furniture,Chairs,Conference Chair,3,128.9,0.15,328.7,31.05,CUST-0774
ORD-05638,2024-04-21,West,Corporate,Technology,Accessories,Keyboard,2,144.58,0.05,274.7,45.73,CUST-0967
ORD-02999,2024-04-21,South,Corporate,Office Supplies,Storage,Drawer Unit,1,48.55,0.0,48.55,-0.29,CUST-0568
ORD-02934,2024-04-21,East,Corporate,Office Supplies,Storage,Organizer,3,25.06,0.0,75.18,11.25,CUST-0882
ORD-03261,2024-04-22,South,Consumer,Office Supplies,Storage,Organizer,7,71.77,0.05,477.27,97.21,CUST-0383
ORD-03893,2024-04-22,East,Consumer,Office Supplies,Paper,Notebooks,5,56.41,0.1,253.84,24.84,CUST-0571
ORD-04765,2024-04-23,Central,Corporate,Furniture,Tables,Side Table,1,192.42,0.25,144.32,24.17,CUST-1148
ORD-02954,2024-04-23,East,Home Office,Furniture,Tables,Desk,7,167.12,0.15,994.36,114.15,CUST-0354
ORD-05084,2024-04-23,Central,Consumer,Technology,Phones,Phone C,2,266.33,0.2,426.13,71.23,CUST-0670
ORD-00140,2024-04-23,West,Consumer,Furniture,Tables,Side Table,1,143.6,0.0,143.6,20.05,CUST-0483
ORD-05521,2024-04-23,Central,Consumer,Office Supplies,Binders,Presentation Binder,7,66.31,0.15,394.54,52.77,CUST-0730
ORD-04610,2024-04-23,South,Consumer,Technology,Phones,Phone A,1,153.03,0.2,122.42,14.06,CUST-0652
ORD-01039,2024-04-23,West,Consumer,Furniture,Chairs,Conference Chair,5,216.37,0.15,919.57,98.05,CUST-0329
ORD-02318,2024-04-23,South,Consumer,Technology,Phones,Phone A,3,281.21,0.1,759.27,143.76,CUST-0406
ORD-05201,2024-04-23,East,Consumer,Technology,Phones,Phone B,6,269.73,0.1,1456.54,299.87,CUST-0239
ORD-04878,2024-04-24,Central,Consumer,Furniture,Tables,Side Table,7,174.74,0.05,1162.02,173.29,CUST-0997
ORD-05803,2024-04-24,East,Consumer,Office Supplies,Binders,Binder,2,56.52,0.15,96.08,16.02,CUST-0104
ORD-02916,2024-04-24,Central,Corporate,Furniture,Chairs,Office Chair,3,200.88,0.1,542.38,72.69,CUST-1082
ORD-00082,2024-04-24,East,Consumer,Furniture,Tables,Meeting Table,7,210.75,0.0,1475.25,234.04,CUST-0555
ORD-02841,2024-04-24,West,Home Office,Technology,Computers,Laptop,7,73.45,0.1,462.74,91.21,CUST-0856
ORD-00756,2024-04-24,West,Consumer,Technology,Phones,Phone C,5,219.67,0.0,1098.35,256.95,CUST-0366
ORD-01992,2024-04-25,South,Corporate,Technology,Accessories,Keyboard,5,171.53,0.0,857.65,186.39,CUST-0232
ORD-03104,2024-04-25,South,Corporate,Furniture,Tables,Desk,1,163.86,0.05,155.67,13.1,CUST-0696
ORD-05686,2024-04-25,East,Home Office,Technology,Accessories,Headset,6,251.35,0.05,1432.7,317.66,CUST-0767
ORD-01418,2024-04-25,East,Consumer,Office Supplies,Paper,Notebooks,2,51.2,0.2,81.92,7.01,CUST-0653
ORD-03081,2024-04-26,East,Home Office,Office Supplies,Binders,Presentation Binder,6,71.73,0.05,408.86,70.53,CUST-0246
ORD-02565,2024-04-26,South,Consumer,Furniture,Tables,Meeting Table,3,148.55,0.0,445.65,66.3,CUST-0035
ORD-00121,2024-04-26,East,Corporate,Technology,Accessories,Keyboard,3,170.12,0.1,459.32,97.36,CUST-0602
ORD-00004,2024-04-26,Central,Consumer,Office Supplies,Storage,Drawer Unit,3,46.89,0.15,119.57,8.46,CUST-0107
ORD-03860,2024-04-26,East,Corporate,Office Supplies,Binders,File Folder,1,66.94,0.1,60.25,7.3,CUST-0745
ORD-00298,2024-04-26,West,Home Office,Technology,Accessories,Keyboard,7,198.56,0.2,1111.94,194.3,CUST-0822
ORD-02078,2024-04-27,East,Consumer,Office Supplies,Binders,Binder,7,55.73,0.2,312.09,39.91,CUST-1106
ORD-03744,2024-04-27,East,Corporate,Office Supplies,Binders,Binder,3,58.81,0.1,158.79,40.0,CUST-0208
ORD-03551,2024-04-27,South,Consumer,Office Supplies,Storage,Drawer Unit,6,51.0,0.2,244.8,23.2,CUST-0711
ORD-01220,2024-04-27,Central,Corporate,Furniture,Tables,Desk,1,206.86,0.05,196.52,30.92,CUST-0023
ORD-02135,2024-04-27,South,Corporate,Technology,Computers,Monitor,3,180.11,0.05,513.31,116.08,CUST-1123
ORD-04028,2024-04-28,East,Consumer,Technology,Computers,Desktop,6,277.3,0.15,1414.23,269.5,CUST-0095
ORD-03624,2024-04-28,West,Corporate,Furniture,Bookcases,Bookcase,1,200.89,0.2,160.71,20.96,CUST-0586
ORD-03356,2024-04-28,West,Consumer,Technology,Accessories,Headset,1,242.39,0.05,230.27,50.23,CUST-1078
ORD-00285,2024-04-28,East,Consumer,Technology,Accessories,Headset,6,259.65,0.2,1246.32,232.88,CUST-0610
ORD-03125,2024-04-28,East,Home Office,Furniture,Chairs,Conference Chair,1,182.1,0.25,136.57,12.3,CUST-0209
ORD-00800,2024-04-29,East,Consumer,Office Supplies,Paper,Labels,7,49.7,0.2,278.32,22.35,CUST-0577
ORD-00935,2024-04-30,West,Home Office,Technology,Accessories,Headset,4,165.16,0.1,594.58,131.8,CUST-0451
ORD-00030,2024-04-30,West,Consumer,Furniture,Bookcases,Shelf Unit,6,125.77,0.0,754.62,120.25,CUST-1112
ORD-02157,2024-04-30,West,Home Office,Furniture,Tables,Meeting Table,4,146.99,0.15,499.77,64.01,CUST-0947
ORD-03489,2024-04-30,East,Home Office,Furniture,Bookcases,Shelf Unit,3,213.14,0.15,543.51,57.26,CUST-0534
ORD-02521,2024-04-30,West,Consumer,Furniture,Chairs,Office Chair,1,177.94,0.0,177.94,33.29,CUST-1065
ORD-03814,2024-04-30,East,Consumer,Technology,Accessories,Keyboard,2,172.39,0.25,258.58,35.65,CUST-0423
ORD-04416,2024-04-30,South,Consumer,Office Supplies,Storage,Drawer Unit,3,46.66,0.15,118.98,23.45,CUST-0915
ORD-05629,2024-05-01,West,Corporate,Office Supplies,Binders,Binder,3,48.16,0.2,115.58,14.08,CUST-0595
ORD-01293,2024-05-01,East,Home Office,Technology,Accessories,Keyboard,2,265.06,0.05,503.61,104.4,CUST-0669
ORD-05095,2024-05-01,East,Consumer,Technology,Computers,Monitor,3,285.29,0.0,855.87,193.84,CUST-0647
ORD-02146,2024-05-01,South,Corporate,Office Supplies,Storage,Storage Box,4,82.43,0.1,296.75,40.89,CUST-0072
ORD-04529,2024-05-01,West,Corporate,Furniture,Bookcases,Bookcase,6,197.01,0.1,1063.85,135.4,CUST-0963
ORD-01263,2024-05-02,West,Consumer,Office Supplies,Binders,Presentation Binder,1,46.24,0.2,36.99,12.95,CUST-0795
ORD-03812,2024-05-02,West,Corporate,Office Supplies,Binders,File Folder,6,43.25,0.0,259.5,39.91,CUST-1073
ORD-00689,2024-05-02,Central,Consumer,Technology,Accessories,Headset,5,316.26,0.2,1265.04,214.95,CUST-0608
ORD-04094,2024-05-02,Central,Corporate,Office Supplies,Paper,Copy Paper,3,79.84,0.0,239.52,37.0,CUST-0944
ORD-02802,2024-05-02,Central,Consumer,Office Supplies,Binders,File Folder,5,58.53,0.15,248.75,37.59,CUST-0849
ORD-01729,2024-05-02,Central,Corporate,Office Supplies,Binders,File Folder,5,39.79,0.1,179.06,30.55,CUST-0149
ORD-03601,2024-05-03,East,Corporate,Office Supplies,Paper,Labels,1,61.44,0.15,52.22,-3.2,CUST-0763
ORD-05534,2024-05-03,South,Consumer,Technology,Accessories,Mouse,3,242.19,0.0,726.57,174.52,CUST-1029
ORD-04297,2024-05-03,Central,Consumer,Technology,Accessories,Keyboard,3,157.69,0.05,449.42,102.88,CUST-0793
ORD-00186,2024-05-03,East,Home Office,Furniture,Tables,Side Table,7,253.36,0.05,1684.84,249.36,CUST-0555
ORD-04465,2024-05-03,South,Corporate,Technology,Computers,Desktop,3,232.65,0.05,663.05,142.82,CUST-0422
ORD-02860,2024-05-03,East,Consumer,Office Supplies,Storage,Storage Box,2,41.87,0.25,62.8,-4.1,CUST-1013
ORD-05172,2024-05-03,Central,Consumer,Office Supplies,Binders,Presentation Binder,3,55.3,0.0,165.9,39.56,CUST-1037
ORD-00047,2024-05-03,West,Consumer,Technology,Phones,Phone B,3,106.54,0.0,319.62,73.04,CUST-0508
ORD-04004,2024-05-04,West,Consumer,Technology,Phones,Phone C,6,296.96,0.2,1425.41,251.02,CUST-0185
ORD-00219,2024-05-04,West,Corporate,Technology,Computers,Desktop,7,191.32,0.1,1205.32,237.07,CUST-0098
ORD-04942,2024-05-04,West,Consumer,Office Supplies,Paper,Copy Paper,7,53.93,0.2,302.01,40.49,CUST-0285
ORD-00923,2024-05-04,West,Corporate,Technology,Accessories,Keyboard,5,283.07,0.15,1203.05,228.19,CUST-1024
ORD-00869,2024-05-04,Central,Consumer,Furniture,Tables,Side Table,3,182.82,0.05,521.04,77.26,CUST-1048
ORD-00267,2024-05-04,East,Consumer,Furniture,Tables,Meeting Table,4,84.09,0.0,336.36,60.5,CUST-0348
ORD-04545,2024-05-04,Central,Consumer,Technology,Computers,Desktop,4,232.97,0.05,885.29,198.6,CUST-0309
ORD-03616,2024-05-04,East,Corporate,Technology,Computers,Monitor,6,173.9,0.15,886.89,162.36,CUST-1122
ORD-03780,2024-05-04,Central,Corporate,Technology,Phones,Phone C,3,282.66,0.15,720.78,145.73,CUST-0052
ORD-03556,2024-05-05,West,Consumer,Office Supplies,Binders,Binder,3,54.99,0.2,131.98,3.74,CUST-0041
ORD-01643,2024-05-05,West,Corporate,Furniture,Tables,Meeting Table,6,223.48,0.15,1139.75,141.03,CUST-0331
ORD-02735,2024-05-05,East,Home Office,Office Supplies,Binders,File Folder,3,54.76,0.15,139.64,23.38,CUST-0648
ORD-05344,2024-05-05,West,Consumer,Technology,Phones,Phone B,5,129.4,0.15,549.95,101.61,CUST-0987
ORD-04144,2024-05-06,East,Corporate,Office Supplies,Storage,Drawer Unit,6,86.08,0.0,516.48,84.76,CUST-0783
ORD-03080,2024-05-06,South,Consumer,Office Supplies,Storage,Organizer,2,65.81,0.0,131.62,15.73,CUST-0123
ORD-02382,2024-05-06,Central,Consumer,Furniture,Bookcases,Bookcase,6,195.97,0.15,999.45,105.52,CUST-1178
ORD-01092,2024-05-06,Central,Consumer,Office Supplies,Paper,Labels,7,58.1,0.1,366.03,52.85,CUST-1162
ORD-00883,2024-05-06,Central,Corporate,Technology,Phones,Phone C,3,203.66,0.15,519.33,94.55,CUST-0291
ORD-01184,2024-05-06,West,Consumer,Technology,Accessories,Keyboard,5,331.93,0.15,1410.7,272.73,CUST-0518
ORD-04322,2024-05-06,East,Consumer,Furniture,Chairs,Conference Chair,3,206.44,0.0,619.32,105.13,CUST-0478
ORD-01473,2024-05-07,Central,Corporate,Technology,Computers,Laptop,6,206.95,0.25,931.27,154.63,CUST-0727
ORD-04227,2024-05-07,East,Corporate,Technology,Computers,Laptop,5,285.75,0.15,1214.44,234.68,CUST-0617
ORD-01057,2024-05-07,West,Consumer,Office Supplies,Paper,Copy Paper,1,66.7,0.05,63.36,6.35,CUST-0922
ORD-01319,2024-05-07,South,Home Office,Furniture,Tables,Side Table,1,184.54,0.0,184.54,28.79,CUST-0441
ORD-01373,2024-05-07,West,Consumer,Office Supplies,Storage,Storage Box,4,23.87,0.05,90.71,4.43,CUST-0104
ORD-02040,2024-05-07,Central,Home Office,Office Supplies,Binders,Presentation Binder,5,53.32,0.2,213.28,30.48,CUST-0592
ORD-00214,2024-05-07,Central,Consumer,Office Supplies,Storage,Storage Box,5,68.79,0.2,275.16,41.25,CUST-1139
ORD-03500,2024-05-07,Central,Consumer,Furniture,Chairs,Conference Chair,2,141.32,0.25,211.98,28.75,CUST-1147
ORD-03747,2024-05-07,Central,Home Office,Furniture,Tables,Desk,1,237.92,0.0,237.92,43.69,CUST-0209
ORD-01331,2024-05-08,East,Consumer,Technology,Computers,Monitor,6,229.82,0.15,1172.08,224.57,CUST-0445
ORD-02435,2024-05-08,Central,Consumer,Technology,Phones,Phone A,3,227.11,0.0,681.33,160.26,CUST-0494
ORD-01890,2024-05-08,South,Consumer,Office Supplies,Paper,Notebooks,1,56.73,0.1,51.06,-3.49,CUST-1148
ORD-00020,2024-05-08,East,Corporate,Furniture,Bookcases,Storage Cabinet,6,197.55,0.15,1007.51,114.96,CUST-1173
ORD-02217,2024-05-08,West,Home Office,Technology,Computers,Desktop,5,244.28,0.1,1099.26,225.99,CUST-0949
ORD-03666,2024-05-08,Central,Consumer,Furniture,Chairs,Office Chair,1,81.85,0.1,73.66,10.94,CUST-0432
ORD-00031,2024-05-08,South,Consumer,Office Supplies,Binders,Binder,7,66.93,0.1,421.66,61.17,CUST-0323
ORD-05664,2024-05-09,South,Consumer,Technology,Accessories,Headset,7,225.21,0.1,1418.82,279.07,CUST-0407
ORD-01919,2024-05-09,South,Corporate,Technology,Accessories,Headset,4,188.39,0.0,753.56,163.78,CUST-0790
ORD-02578,2024-05-09,Central,Consumer,Technology,Phones,Phone A,5,229.15,0.15,973.89,178.63,CUST-0897
ORD-03143,2024-05-09,East,Home Office,Office Supplies,Storage,Storage Box,3,64.14,0.05,182.8,43.24,CUST-1165
ORD-05178,2024-05-09,Central,Corporate,Office Supplies,Paper,Copy Paper,4,54.43,0.1,195.95,38.27,CUST-1003
ORD-05607,2024-05-09,East,Consumer,Furniture,Bookcases,Storage Cabinet,3,158.2,0.0,474.6,81.59,CUST-0807
ORD-03981,2024-05-09,South,Consumer,Furniture,Bookcases,Storage Cabinet,1,179.95,0.0,179.95,34.73,CUST-0305
ORD-02645,2024-05-10,Central,Corporate,Technology,Phones,Phone C,6,168.07,0.2,806.74,141.83,CUST-1046
ORD-04444,2024-05-10,East,Home Office,Furniture,Bookcases,Bookcase,7,250.4,0.25,1314.6,111.94,CUST-0919
ORD-03817,2024-05-10,Central,Home Office,Office Supplies,Binders,Binder,3,46.46,0.0,139.38,17.03,CUST-0747
ORD-03587,2024-05-10,East,Consumer,Technology,Phones,Phone A,7,248.81,0.05,1654.59,350.23,CUST-0732
ORD-04759,2024-05-10,West,Consumer,Office Supplies,Storage,Drawer Unit,5,64.73,0.0,323.65,55.03,CUST-0288
ORD-03453,2024-05-10,West,Corporate,Furniture,Tables,Meeting Table,3,194.59,0.0,583.77,100.88,CUST-0123
ORD-04106,2024-05-10,East,Corporate,Technology,Computers,Desktop,1,162.61,0.15,138.22,33.83,CUST-1025
ORD-04047,2024-05-10,West,Corporate,Furniture,Bookcases,Bookcase,5,148.22,0.05,704.04,88.99,CUST-0737
ORD-01368,2024-05-11,Central,Consumer,Furniture,Bookcases,Storage Cabinet,4,191.24,0.1,688.46,89.67,CUST-0919
ORD-02047,2024-05-11,East,Home Office,Technology,Phones,Phone B,4,213.48,0.15,725.83,137.11,CUST-1114
ORD-02243,2024-05-11,West,Consumer,Technology,Computers,Monitor,3,197.44,0.2,473.86,69.27,CUST-0939
ORD-05310,2024-05-11,South,Consumer,Technology,Accessories,Headset,7,244.51,0.05,1625.99,357.78,CUST-0590
ORD-00833,2024-05-11,West,Corporate,Office Supplies,Paper,Copy Paper,7,55.94,0.0,391.58,71.68,CUST-1193
ORD-05579,2024-05-12,Central,Consumer,Technology,Phones,Phone A,7,192.68,0.15,1146.45,213.35,CUST-0123
ORD-00792,2024-05-12,West,Consumer,Office Supplies,Paper,Notebooks,1,51.36,0.05,48.79,3.0,CUST-0016
ORD-01853,2024-05-12,South,Corporate,Technology,Accessories,Keyboard,5,211.89,0.1,953.5,197.31,CUST-0816
ORD-00506,2024-05-12,Central,Corporate,Office Supplies,Storage,Drawer Unit,4,41.81,0.25,125.43,23.54,CUST-0652
ORD-03397,2024-05-12,South,Consumer,Furniture,Chairs,Task Chair,4,164.47,0.1,592.09,70.2,CUST-0092
ORD-01458,2024-05-13,Central,Consumer,Office Supplies,Storage,Drawer Unit,6,42.51,0.1,229.55,28.61,CUST-0714
ORD-02391,2024-05-13,Central,Consumer,Furniture,Chairs,Task Chair,5,145.14,0.05,689.41,100.54,CUST-0784
ORD-01566,2024-05-13,Central,Consumer,Office Supplies,Binders,File Folder,1,35.59,0.2,28.47,5.97,CUST-0089
ORD-03884,2024-05-13,South,Home Office,Furniture,Chairs,Conference Chair,1,165.17,0.1,148.65,24.41,CUST-0316
ORD-02205,2024-05-13,East,Consumer,Technology,Phones,Phone A,5,222.12,0.0,1110.6,248.93,CUST-1179
ORD-04025,2024-05-13,East,Consumer,Office Supplies,Storage,Storage Box,5,51.83,0.05,246.19,49.56,CUST-0321
ORD-02337,2024-05-13,Central,Consumer,Office Supplies,Paper,Labels,4,8.0,0.1,28.8,9.01,CUST-0815
ORD-01803,2024-05-13,East,Corporate,Technology,Computers,Laptop,4,223.05,0.05,847.59,195.74,CUST-0054
ORD-00537,2024-05-14,East,Home Office,Furniture,Chairs,Conference Chair,1,209.75,0.0,209.75,31.24,CUST-0760
ORD-03443,2024-05-14,South,Consumer,Technology,Accessories,Mouse,4,185.37,0.15,630.26,121.61,CUST-0178
ORD-02991,2024-05-14,East,Home Office,Technology,Computers,Desktop,2,216.43,0.15,367.93,65.0,CUST-0544
ORD-00222,2024-05-14,South,Consumer,Furniture,Chairs,Conference Chair,7,139.87,0.0,979.09,158.91,CUST-1160
ORD-01743,2024-05-14,Central,Consumer,Office Supplies,Paper,Notebooks,4,69.39,0.1,249.8,38.1,CUST-1030
ORD-04424,2024-05-14,West,Consumer,Office Supplies,Binders,Binder,6,58.3,0.0,349.8,66.68,CUST-0362
ORD-00871,2024-05-14,West,Consumer,Technology,Phones,Phone B,2,233.18,0.0,466.36,118.02,CUST-0795
ORD-02180,2024-05-15,West,Corporate,Technology,Computers,Laptop,2,215.89,0.0,431.78,103.42,CUST-0690
ORD-05830,2024-05-15,South,Home Office,Office Supplies,Paper,Labels,6,55.46,0.1,299.48,44.92,CUST-0403
ORD-02845,2024-05-15,West,Consumer,Office Supplies,Paper,Notebooks,1,86.11,0.05,81.8,10.7,CUST-0195
ORD-05206,2024-05-15,West,Consumer,Office Supplies,Binders,Presentation Binder,2,51.89,0.0,103.78,22.55,CUST-0228
ORD-02846,2024-05-15,South,Consumer,Furniture,Chairs,Conference Chair,2,243.09,0.1,437.56,60.51,CUST-0745
ORD-04050,2024-05-15,West,Consumer,Furniture,Tables,Desk,1,304.55,0.1,274.1,37.84,CUST-1044
ORD-05720,2024-05-16,East,Consumer,Technology,Computers,Desktop,3,209.75,0.15,534.86,105.46,CUST-0925
ORD-05744,2024-05-16,Central,Consumer,Technology,Computers,Monitor,6,200.57,0.0,1203.42,283.88,CUST-0387
ORD-01555,2024-05-16,East,Corporate,Office Supplies,Binders,Binder,6,38.6,0.05,220.02,42.94,CUST-0249
ORD-00205,2024-05-16,South,Consumer,Technology,Accessories,Keyboard,1,265.55,0.15,225.72,56.77,CUST-0900
ORD-05137,2024-05-17,Central,Corporate,Technology,Computers,Laptop,7,190.81,0.0,1335.67,300.55,CUST-0461
ORD-00798,2024-05-17,Central,Consumer,Office Supplies,Storage,Organizer,5,68.76,0.2,275.04,39.57,CUST-0886
ORD-00916,2024-05-17,West,Consumer,Technology,Computers,Monitor,6,176.77,0.2,848.5,143.18,CUST-0998
ORD-04526,2024-05-17,East,Consumer,Office Supplies,Binders,File Folder,7,61.06,0.05,406.05,59.34,CUST-0415
ORD-02004,2024-05-17,East,Home Office,Office Supplies,Binders,Presentation Binder,7,65.19,0.1,410.7,69.51,CUST-1170
ORD-00905,2024-05-17,West,Corporate,Office Supplies,Storage,Drawer Unit,5,64.4,0.15,273.7,40.09,CUST-0359
ORD-00114,2024-05-17,Central,Consumer,Office Supplies,Storage,Storage Box,1,40.39,0.1,36.35,8.13,CUST-0852
ORD-03016,2024-05-18,East,Consumer,Furniture,Bookcases,Storage Cabinet,4,193.55,0.15,658.07,69.65,CUST-0029
ORD-05585,2024-05-18,South,Corporate,Office Supplies,Binders,Binder,7,38.05,0.0,266.35,46.07,CUST-1076
ORD-02507,2024-05-18,East,Consumer,Furniture,Bookcases,Shelf Unit,4,206.42,0.0,825.68,142.35,CUST-0571
ORD-01213,2024-05-19,West,Consumer,Technology,Accessories,Mouse,5,222.9,0.05,1058.77,218.96,CUST-0455
ORD-05472,2024-05-19,South,Consumer,Office Supplies,Storage,Organizer,2,48.81,0.05,92.74,21.37,CUST-0657
ORD-00647,2024-05-19,West,Consumer,Furniture,Chairs,Office Chair,7,172.88,0.1,1089.14,137.06,CUST-0400
ORD-00335,2024-05-19,West,Corporate,Technology,Phones,Phone C,3,276.13,0.0,828.39,181.16,CUST-0123
ORD-04179,2024-05-19,South,Consumer,Office Supplies,Paper,Notebooks,6,59.48,0.15,303.35,51.73,CUST-1042
ORD-01520,2024-05-20,East,Home Office,Office Supplies,Storage,Organizer,6,52.15,0.0,312.9,69.08,CUST-0440
ORD-02274,2024-05-20,South,Consumer,Furniture,Bookcases,Storage Cabinet,2,253.66,0.1,456.59,53.61,CUST-0313
ORD-02020,2024-05-20,West,Corporate,Furniture,Bookcases,Shelf Unit,3,88.45,0.1,238.82,25.4,CUST-0238
ORD-03132,2024-05-20,Central,Consumer,Technology,Phones,Phone B,4,250.59,0.0,1002.36,223.55,CUST-1079
ORD-00939,2024-05-20,West,Corporate,Office Supplies,Paper,Labels,7,67.73,0.2,379.29,52.36,CUST-0785
ORD-05213,2024-05-21,Central,Consumer,Technology,Phones,Phone B,1,261.25,0.1,235.12,52.21,CUST-1068
ORD-02730,2024-05-21,West,Consumer,Furniture,Bookcases,Shelf Unit,7,236.79,0.0,1657.53,268.76,CUST-0161
ORD-04742,2024-05-21,West,Corporate,Office Supplies,Paper,Notebooks,5,58.96,0.0,294.8,50.88,CUST-0237
ORD-02582,2024-05-21,West,Corporate,Office Supplies,Paper,Notebooks,1,57.09,0.0,57.09,4.54,CUST-0941
ORD-00176,2024-05-21,East,Home Office,Office Supplies,Paper,Labels,1,61.49,0.15,52.27,5.0,CUST-0625
ORD-04167,2024-05-21,Central,Consumer,Office Supplies,Paper,Labels,2,65.9,0.05,125.21,13.77,CUST-1191
ORD-02189,2024-05-21,South,Consumer,Technology,Computers,Desktop,2,195.19,0.15,331.82,66.28,CUST-0126
ORD-00485,2024-05-22,Central,Corporate,Technology,Phones,Phone C,1,285.58,0.25,214.18,27.18,CUST-1176
ORD-00073,2024-05-22,South,Corporate,Technology,Accessories,Keyboard,1,230.97,0.25,173.23,27.72,CUST-0675
ORD-05666,2024-05-22,Central,Consumer,Office Supplies,Paper,Copy Paper,2,56.79,0.0,113.58,18.78,CUST-0312
ORD-05022,2024-05-22,East,Consumer,Office Supplies,Storage,Organizer,2,61.75,0.15,104.98,8.55,CUST-1013
ORD-04323,2024-05-22,West,Corporate,Furniture,Tables,Desk,4,245.95,0.2,787.04,70.44,CUST-0606
ORD-00231,2024-05-22,West,Consumer,Furniture,Chairs,Task Chair,3,151.51,0.0,454.53,81.27,CUST-1143
ORD-00612,2024-05-22,West,Corporate,Furniture,Chairs,Office Chair,5,206.14,0.1,927.63,127.49,CUST-1146
ORD-02465,2024-05-23,East,Home Office,Furniture,Chairs,Conference Chair,2,186.69,0.1,336.04,34.55,CUST-0830
ORD-05274,2024-05-23,Central,Home Office,Technology,Phones,Phone C,3,234.56,0.15,598.13,119.69,CUST-0586
ORD-03292,2024-05-23,South,Corporate,Furniture,Bookcases,Shelf Unit,2,190.66,0.0,381.32,70.77,CUST-0509
ORD-05713,2024-05-23,South,Home Office,Furniture,Bookcases,Shelf Unit,5,192.25,0.15,817.06,103.75,CUST-0302
ORD-05118,2024-05-23,West,Consumer,Technology,Phones,Phone C,4,162.94,0.25,488.82,73.61,CUST-0566
ORD-02409,2024-05-23,East,Consumer,Office Supplies,Storage,Storage Box,1,46.14,0.15,39.22,9.92,CUST-0622
ORD-02716,2024-05-23,East,Home Office,Office Supplies,Binders,File Folder,1,59.84,0.2,47.87,16.89,CUST-0325
ORD-03954,2024-05-23,Central,Consumer,Technology,Phones,Phone C,7,205.59,0.1,1295.22,260.22,CUST-1165
ORD-02077,2024-05-23,West,Consumer,Technology,Accessories,Mouse,7,244.35,0.1,1539.4,304.73,CUST-0420
ORD-03631,2024-05-23,Central,Consumer,Technology,Phones,Phone B,5,138.25,0.15,587.56,113.52,CUST-0103
ORD-01248,2024-05-24,East,Consumer,Technology,Computers,Monitor,3,205.81,0.1,555.69,103.05,CUST-1072
ORD-05654,2024-05-24,East,Corporate,Furniture,Tables,Side Table,3,165.58,0.15,422.23,70.57,CUST-0115
ORD-01954,2024-05-24,South,Corporate,Office Supplies,Paper,Notebooks,5,53.65,0.05,254.84,28.32,CUST-0249
ORD-02354,2024-05-24,Central,Consumer,Technology,Computers,Monitor,5,224.52,0.0,1122.6,257.15,CUST-0261
ORD-02644,2024-05-25,West,Corporate,Office Supplies,Paper,Labels,3,43.79,0.15,111.66,17.93,CUST-1126
ORD-00710,2024-05-25,Central,Corporate,Technology,Phones,Phone C,6,305.89,0.0,1835.34,416.16,CUST-0435
ORD-00054,2024-05-26,South,Corporate,Furniture,Bookcases,Shelf Unit,6,158.04,0.15,806.0,103.81,CUST-0267
ORD-04180,2024-05-26,West,Home Office,Technology,Phones,Phone B,7,180.59,0.0,1264.13,291.42,CUST-0321
ORD-01075,2024-05-26,East,Consumer,Office Supplies,Paper,Copy Paper,1,39.14,0.2,31.31,-7.55,CUST-0872
ORD-00277,2024-05-26,West,Home Office,Technology,Accessories,Headset,4,232.78,0.1,838.01,174.29,CUST-1163
ORD-00474,2024-05-27,West,Consumer,Office Supplies,Binders,File Folder,4,43.83,0.25,131.49,9.1,CUST-1143
ORD-04343,2024-05-27,South,Consumer,Furniture,Bookcases,Storage Cabinet,6,196.96,0.0,1181.76,189.14,CUST-0419
ORD-04807,2024-05-27,South,Consumer,Technology,Computers,Laptop,6,205.1,0.0,1230.6,279.1,CUST-0350
ORD-01768,2024-05-27,Central,Consumer,Office Supplies,Storage,Organizer,2,41.98,0.05,79.76,9.82,CUST-0034
ORD-01499,2024-05-27,South,Corporate,Office Supplies,Paper,Labels,3,77.57,0.1,209.44,31.81,CUST-1063
ORD-04481,2024-05-27,West,Consumer,Office Supplies,Paper,Notebooks,6,58.75,0.1,317.25,54.47,CUST-0939
ORD-03560,2024-05-27,East,Consumer,Office Supplies,Storage,Organizer,6,51.25,0.15,261.38,49.39,CUST-0597
ORD-03090,2024-05-27,Central,Corporate,Furniture,Chairs,Office Chair,4,244.84,0.25,734.52,64.37,CUST-0516
ORD-05340,2024-05-27,Central,Consumer,Technology,Phones,Phone B,7,222.52,0.2,1246.11,212.76,CUST-0028
ORD-05907,2024-05-28,West,Corporate,Office Supplies,Paper,Notebooks,1,49.47,0.0,49.47,-0.01,CUST-0222
ORD-04867,2024-05-28,East,Corporate,Office Supplies,Paper,Labels,3,54.74,0.15,139.59,38.17,CUST-1194
ORD-03662,2024-05-28,South,Consumer,Technology,Computers,Desktop,7,252.93,0.1,1593.46,316.38,CUST-1096
ORD-05412,2024-05-28,West,Consumer,Technology,Computers,Desktop,4,221.62,0.0,886.48,202.82,CUST-0093
ORD-01697,2024-05-28,West,Consumer,Technology,Accessories,Mouse,3,222.02,0.2,532.85,91.75,CUST-0424
ORD-02527,2024-05-28,West,Consumer,Office Supplies,Binders,Binder,3,66.89,0.0,200.67,15.67,CUST-0020
ORD-01802,2024-05-28,East,Consumer,Furniture,Chairs,Office Chair,5,203.19,0.05,965.15,128.58,CUST-1150
ORD-01968,2024-05-28,West,Home Office,Furniture,Bookcases,Shelf Unit,7,187.75,0.1,1182.82,148.88,CUST-0801
ORD-04485,2024-05-28,West,Consumer,Technology,Accessories,Headset,2,185.67,0.15,315.64,59.68,CUST-0153
ORD-03286,2024-05-28,Central,Consumer,Furniture,Tables,Desk,6,182.51,0.15,930.8,119.76,CUST-0392
ORD-03139,2024-05-28,East,Corporate,Furniture,Chairs,Conference Chair,3,178.86,0.2,429.26,31.85,CUST-0685
ORD-01102,2024-05-29,Central,Corporate,Furniture,Chairs,Office Chair,1,74.87,0.0,74.87,11.75,CUST-0784
ORD-05942,2024-05-29,East,Home Office,Furniture,Bookcases,Storage Cabinet,4,169.8,0.2,543.36,55.13,CUST-0300
ORD-00367,2024-05-29,Central,Corporate,Office Supplies,Storage,Organizer,4,43.02,0.1,154.87,18.02,CUST-1074
ORD-01712,2024-05-29,East,Consumer,Furniture,Bookcases,Storage Cabinet,4,227.65,0.2,728.48,85.05,CUST-0434
ORD-02976,2024-05-29,East,Consumer,Office Supplies,Binders,Binder,6,46.42,0.1,250.67,45.56,CUST-0154
ORD-00070,2024-05-29,West,Consumer,Furniture,Tables,Meeting Table,4,190.04,0.15,646.14,86.13,CUST-0051
ORD-05769,2024-05-29,Central,Consumer,Technology,Accessories,Headset,5,138.09,0.1,621.41,118.73,CUST-0016
ORD-02549,2024-05-30,Central,Consumer,Furniture,Bookcases,Storage Cabinet,7,161.5,0.2,904.4,106.35,CUST-0602
ORD-02454,2024-05-30,East,Consumer,Technology,Phones,Phone B,7,163.52,0.0,1144.64,263.31,CUST-0537
ORD-01431,2024-05-30,West,Consumer,Office Supplies,Binders,Binder,4,64.37,0.1,231.73,43.09,CUST-0629
ORD-04707,2024-05-30,East,Consumer,Office Supplies,Paper,Labels,6,41.87,0.25,188.41,15.85,CUST-0189
ORD-00124,2024-05-31,West,Consumer,Office Supplies,Binders,Presentation Binder,6,56.26,0.0,337.56,61.46,CUST-0175
ORD-04606,2024-05-31,South,Corporate,Furniture,Chairs,Office Chair,5,195.7,0.15,831.72,107.45,CUST-0036
ORD-04417,2024-05-31,East,Home Office,Furniture,Chairs,Task Chair,2,154.98,0.1,278.96,23.71,CUST-1083
ORD-00109,2024-05-31,East,Corporate,Furniture,Tables,Desk,7,229.52,0.2,1285.31,142.3,CUST-0946
ORD-03123,2024-05-31,Central,Consumer,Furniture,Tables,Side Table,5,247.39,0.0,1236.95,201.89,CUST-0824
ORD-02913,2024-06-01,West,Home Office,Technology,Phones,Phone C,2,174.4,0.1,313.92,62.87,CUST-0671
ORD-03938,2024-06-01,Central,Consumer,Office Supplies,Paper,Copy Paper,7,56.66,0.2,317.3,31.58,CUST-0636
ORD-05348,2024-06-01,East,Home Office,Office Supplies,Storage,Drawer Unit,6,48.53,0.1,262.06,42.41,CUST-0426
ORD-03636,2024-06-01,East,Corporate,Office Supplies,Binders,Presentation Binder,5,64.82,0.0,324.1,58.45,CUST-0434
ORD-05872,2024-06-01,South,Home Office,Technology,Accessories,Headset,5,197.89,0.2,791.56,143.58,CUST-0006
ORD-05354,2024-06-01,East,Consumer,Technology,Computers,Laptop,4,153.21,0.0,612.84,135.27,CUST-0509
ORD-00290,2024-06-02,West,Consumer,Furniture,Bookcases,Shelf Unit,7,181.02,0.05,1203.78,171.35,CUST-0175
ORD-02026,2024-06-02,Central,Corporate,Technology,Accessories,Headset,5,276.48,0.1,1244.16,266.24,CUST-0627
ORD-05992,2024-06-02,East,Consumer,Office Supplies,Paper,Labels,6,38.51,0.0,231.06,43.64,CUST-0618
ORD-02395,2024-06-02,West,Home Office,Furniture,Chairs,Task Chair,4,183.84,0.2,588.29,68.31,CUST-0144
ORD-01789,2024-06-02,East,Consumer,Office Supplies,Binders,Presentation Binder,7,47.81,0.0,334.67,63.78,CUST-1076
ORD-00944,2024-06-03,Central,Corporate,Office Supplies,Binders,Presentation Binder,1,49.49,0.15,42.07,17.82,CUST-1131
ORD-05491,2024-06-03,East,Corporate,Technology,Phones,Phone A,4,267.73,0.2,856.74,141.22,CUST-1014
ORD-03451,2024-06-03,West,Consumer,Technology,Accessories,Keyboard,2,246.2,0.1,443.16,97.16,CUST-0681
ORD-03410,2024-06-03,East,Corporate,Furniture,Bookcases,Bookcase,2,193.45,0.25,290.17,38.57,CUST-0316
ORD-00974,2024-06-03,East,Consumer,Furniture,Bookcases,Storage Cabinet,6,227.36,0.1,1227.74,163.44,CUST-0001
ORD-02463,2024-06-03,East,Corporate,Office Supplies,Paper,Copy Paper,4,45.06,0.1,162.22,28.95,CUST-0223
ORD-03990,2024-06-04,East,Consumer,Technology,Computers,Monitor,1,258.24,0.15,219.5,42.34,CUST-1136
ORD-04116,2024-06-04,South,Home Office,Technology,Accessories,Keyboard,2,238.08,0.05,452.35,108.25,CUST-0838
ORD-02459,2024-06-04,East,Home Office,Office Supplies,Binders,File Folder,7,45.91,0.0,321.37,66.05,CUST-0546
ORD-05857,2024-06-04,South,Corporate,Technology,Computers,Monitor,1,264.87,0.05,251.63,51.76,CUST-0344
ORD-03874,2024-06-04,West,Corporate,Furniture,Tables,Meeting Table,1,137.34,0.15,116.74,20.14,CUST-0638
ORD-02239,2024-06-05,West,Corporate,Technology,Accessories,Headset,3,299.19,0.15,762.93,150.58,CUST-0393
ORD-00076,2024-06-05,South,Consumer,Furniture,Bookcases,Storage Cabinet,3,147.45,0.15,376.0,46.53,CUST-0957
ORD-01420,2024-06-05,West,Corporate,Technology,Computers,Laptop,6,215.13,0.15,1097.16,210.95,CUST-0681
ORD-05147,2024-06-05,East,Consumer,Furniture,Bookcases,Shelf Unit,1,207.46,0.15,176.34,19.09,CUST-0953
ORD-00709,2024-06-05,West,Corporate,Technology,Phones,Phone A,6,236.62,0.2,1135.78,197.18,CUST-0960
ORD-00519,2024-06-05,West,Consumer,Technology,Computers,Desktop,7,136.97,0.05,910.85,191.89,CUST-0990
ORD-02980,2024-06-05,Central,Home Office,Technology,Computers,Monitor,6,184.81,0.15,942.53,164.33,CUST-0797
ORD-03498,2024-06-05,West,Consumer,Furniture,Tables,Desk,6,182.7,0.25,822.15,73.31,CUST-0598
ORD-05561,2024-06-05,West,Consumer,Office Supplies,Storage,Organizer,7,54.98,0.15,327.13,57.11,CUST-0148
ORD-02456,2024-06-05,West,Consumer,Office Supplies,Storage,Organizer,2,57.8,0.15,98.26,8.23,CUST-0595
ORD-05631,2024-06-05,West,Consumer,Technology,Phones,Phone A,7,326.21,0.15,1940.95,353.29,CUST-1041
ORD-01541,2024-06-05,East,Home Office,Office Supplies,Binders,File Folder,7,49.47,0.0,346.29,66.47,CUST-0423
ORD-05133,2024-06-06,South,Home Office,Office Supplies,Binders,Presentation Binder,7,62.96,0.1,396.65,75.98,CUST-0746
ORD-00973,2024-06-07,West,Home Office,Office Supplies,Binders,Presentation Binder,2,51.64,0.0,103.28,28.59,CUST-0041
ORD-04453,2024-06-07,West,Consumer,Office Supplies,Storage,Organizer,5,50.14,0.05,238.16,37.5,CUST-0471
ORD-00622,2024-06-07,East,Corporate,Furniture,Bookcases,Storage Cabinet,4,194.84,0.0,779.36,121.75,CUST-1111
ORD-04726,2024-06-07,West,Home Office,Furniture,Bookcases,Bookcase,3,175.3,0.15,447.02,60.39,CUST-0724
ORD-03846,2024-06-07,East,Consumer,Furniture,Bookcases,Storage Cabinet,4,204.65,0.1,736.74,111.13,CUST-0825
ORD-01202,2024-06-07,South,Corporate,Furniture,Tables,Desk,2,184.38,0.05,350.32,48.96,CUST-0597
ORD-03971,2024-06-07,Central,Consumer,Furniture,Chairs,Conference Chair,2,162.24,0.2,259.58,32.85,CUST-0813
ORD-02960,2024-06-07,West,Consumer,Furniture,Tables,Meeting Table,6,186.7,0.05,1064.19,156.55,CUST-0336
ORD-03138,2024-06-07,East,Corporate,Office Supplies,Storage,Storage Box,1,51.48,0.0,51.48,12.24,CUST-0885
ORD-01795,2024-06-07,West,Consumer,Office Supplies,Binders,Presentation Binder,4,64.75,0.25,194.25,34.47,CUST-0544
ORD-02769,2024-06-08,West,Consumer,Technology,Accessories,Keyboard,6,133.6,0.2,641.28,111.25,CUST-1154
ORD-01799,2024-06-08,South,Home Office,Furniture,Bookcases,Bookcase,5,101.86,0.15,432.9,52.12,CUST-0790
ORD-04281,2024-06-08,Central,Consumer,Furniture,Tables,Side Table,5,195.12,0.05,926.82,131.66,CUST-1098
ORD-00785,2024-06-08,West,Consumer,Furniture,Tables,Desk,4,230.65,0.05,876.47,114.37,CUST-1132
ORD-03056,2024-06-08,East,Corporate,Technology,Accessories,Mouse,4,206.2,0.1,742.32,124.62,CUST-0104
ORD-03262,2024-06-09,East,Consumer,Office Supplies,Binders,Binder,2,57.25,0.2,91.6,8.77,CUST-0811
ORD-01508,2024-06-09,East,Consumer,Technology,Phones,Phone C,1,330.25,0.15,280.71,65.12,CUST-0871
ORD-04112,2024-06-09,Central,Consumer,Furniture,Tables,Desk,3,166.8,0.25,375.3,21.69,CUST-1132
ORD-01101,2024-06-09,West,Home Office,Office Supplies,Binders,File Folder,2,71.35,0.2,114.16,31.14,CUST-0225
ORD-00768,2024-06-09,West,Corporate,Office Supplies,Paper,Notebooks,7,59.87,0.0,419.09,85.55,CUST-0653
ORD-02178,2024-06-10,East,Corporate,Office Supplies,Paper,Copy Paper,4,42.91,0.05,163.06,27.78,CUST-1095
ORD-03427,2024-06-10,East,Corporate,Office Supplies,Binders,Presentation Binder,1,51.96,0.15,44.17,7.92,CUST-0021
ORD-03656,2024-06-11,West,Consumer,Furniture,Chairs,Task Chair,7,171.58,0.1,1080.95,134.14,CUST-0918
ORD-03072,2024-06-11,East,Consumer,Office Supplies,Binders,File Folder,4,37.58,0.0,150.32,35.02,CUST-0206
ORD-01808,2024-06-11,Central,Consumer,Technology,Computers,Desktop,7,214.78,0.25,1127.6,189.72,CUST-0482
ORD-04890,2024-06-11,Central,Consumer,Technology,Phones,Phone B,2,223.26,0.1,401.87,79.79,CUST-0746
ORD-03923,2024-06-11,West,Consumer,Office Supplies,Paper,Copy Paper,5,70.39,0.2,281.56,42.77,CUST-0897
ORD-00644,2024-06-11,East,Consumer,Technology,Accessories,Mouse,5,218.02,0.15,926.58,143.86,CUST-0711
ORD-00276,2024-06-12,South,Consumer,Office Supplies,Storage,Organizer,2,45.44,0.0,90.88,24.11,CUST-1177
ORD-01517,2024-06-12,West,Consumer,Furniture,Tables,Side Table,7,104.76,0.2,586.66,65.51,CUST-0771
ORD-02686,2024-06-12,East,Home Office,Furniture,Chairs,Office Chair,4,212.73,0.2,680.74,70.26,CUST-0711
ORD-05809,2024-06-12,South,Corporate,Technology,Computers,Laptop,2,127.96,0.0,255.92,61.79,CUST-0584
ORD-04428,2024-06-12,East,Consumer,Furniture,Chairs,Conference Chair,3,181.96,0.1,491.29,74.37,CUST-1124
ORD-03855,2024-06-12,East,Home Office,Office Supplies,Binders,Presentation Binder,3,38.19,0.15,97.38,-8.37,CUST-0099
ORD-01932,2024-06-12,Central,Corporate,Technology,Phones,Phone C,1,168.43,0.05,160.01,53.07,CUST-0075
ORD-01146,2024-06-12,East,Home Office,Technology,Computers,Desktop,3,145.27,0.05,414.02,79.54,CUST-0883
ORD-04895,2024-06-12,West,Consumer,Office Supplies,Storage,Organizer,2,47.25,0.1,85.05,18.99,CUST-1023
ORD-04355,2024-06-13,West,Corporate,Office Supplies,Binders,File Folder,1,51.05,0.0,51.05,15.32,CUST-1101
ORD-02844,2024-06-13,Central,Consumer,Furniture,Tables,Side Table,2,185.3,0.15,315.01,28.54,CUST-0604
ORD-02958,2024-06-16,East,Consumer,Office Supplies,Binders,Binder,6,58.1,0.0,348.6,63.62,CUST-0049
ORD-04608,2024-06-16,East,Home Office,Office Supplies,Paper,Notebooks,2,38.66,0.0,77.32,25.96,CUST-0870
ORD-05379,2024-06-16,West,Home Office,Furniture,Bookcases,Storage Cabinet,4,170.8,0.1,614.88,82.08,CUST-0543
ORD-02416,2024-06-16,West,Corporate,Furniture,Bookcases,Storage Cabinet,7,157.54,0.15,937.36,93.96,CUST-0028
ORD-00282,2024-06-17,East,Home Office,Technology,Accessories,Headset,6,229.67,0.0,1378.02,318.33,CUST-0048
ORD-04830,2024-06-17,East,Consumer,Office Supplies,Storage,Drawer Unit,5,51.98,0.2,207.92,15.03,CUST-0555
ORD-01031,2024-06-18,West,Corporate,Office Supplies,Binders,File Folder,1,51.0,0.15,43.35,2.23,CUST-0067
ORD-00444,2024-06-19,West,Consumer,Technology,Phones,Phone C,5,236.87,0.1,1065.92,215.83,CUST-0545
ORD-04714,2024-06-19,East,Consumer,Technology,Accessories,Headset,7,231.19,0.2,1294.66,223.54,CUST-1023
ORD-04217,2024-06-19,Central,Home Office,Office Supplies,Storage,Drawer Unit,6,73.7,0.2,353.76,51.6,CUST-0405
ORD-04561,2024-06-19,South,Consumer,Technology,Phones,Phone B,6,119.61,0.1,645.89,127.5,CUST-0835
ORD-04473,2024-06-19,West,Consumer,Furniture,Chairs,Task Chair,4,198.8,0.1,715.68,87.56,CUST-0968
ORD-00729,2024-06-19,Central,Corporate,Office Supplies,Paper,Notebooks,1,65.47,0.15,55.65,3.02,CUST-0922
ORD-01244,2024-06-20,West,Consumer,Technology,Phones,Phone A,4,259.47,0.05,985.99,211.28,CUST-0374
ORD-02156,2024-06-20,East,Consumer,Furniture,Tables,Desk,1,162.84,0.05,154.7,32.11,CUST-0799
ORD-04014,2024-06-20,Central,Consumer,Furniture,Bookcases,Storage Cabinet,7,185.12,0.1,1166.26,170.05,CUST-0386
ORD-01492,2024-06-20,South,Consumer,Technology,Computers,Desktop,3,207.54,0.0,622.62,151.57,CUST-0442
ORD-00651,2024-06-20,West,Home Office,Furniture,Bookcases,Bookcase,6,245.31,0.0,1471.86,230.77,CUST-0777
ORD-03015,2024-06-20,East,Consumer,Technology,Phones,Phone A,7,118.05,0.25,619.76,107.0,CUST-0701
ORD-01116,2024-06-21,East,Consumer,Furniture,Chairs,Office Chair,3,157.07,0.1,424.09,54.9,CUST-0997
ORD-00284,2024-06-21,East,Consumer,Office Supplies,Storage,Organizer,1,54.13,0.0,54.13,7.97,CUST-0387
ORD-01477,2024-06-21,West,Consumer,Office Supplies,Storage,Storage Box,7,62.57,0.1,394.19,64.62,CUST-0396
ORD-05209,2024-06-21,Central,Consumer,Technology,Accessories,Headset,4,283.91,0.05,1078.86,237.59,CUST-0511
ORD-01918,2024-06-21,Central,Corporate,Technology,Phones,Phone B,1,236.31,0.0,236.31,55.48,CUST-0048
ORD-05330,2024-06-22,West,Consumer,Office Supplies,Paper,Notebooks,6,78.0,0.1,421.2,70.04,CUST-0190
ORD-02298,2024-06-22,East,Home Office,Furniture,Tables,Side Table,2,147.41,0.0,294.82,48.93,CUST-0060
ORD-04415,2024-06-22,Central,Consumer,Technology,Phones,Phone A,5,226.0,0.05,1073.5,237.43,CUST-0894
ORD-03141,2024-06-23,East,Consumer,Furniture,Chairs,Task Chair,4,168.12,0.1,605.23,79.39,CUST-1035
ORD-00718,2024-06-23,South,Consumer,Office Supplies,Paper,Labels,2,49.21,0.15,83.66,6.58,CUST-0186
ORD-03644,2024-06-23,West,Consumer,Technology,Accessories,Mouse,3,259.89,0.1,701.7,133.73,CUST-1075
ORD-05604,2024-06-23,South,Home Office,Office Supplies,Paper,Copy Paper,2,68.76,0.1,123.77,25.65,CUST-0055
ORD-03709,2024-06-23,Central,Consumer,Office Supplies,Storage,Organizer,2,38.9,0.15,66.13,0.18,CUST-0926
ORD-05775,2024-06-23,Central,Home Office,Office Supplies,Storage,Drawer Unit,1,31.71,0.0,31.71,5.53,CUST-0050
ORD-02739,2024-06-23,South,Consumer,Furniture,Tables,Desk,2,170.77,0.15,290.31,29.23,CUST-0111
ORD-00563,2024-06-24,South,Consumer,Furniture,Chairs,Office Chair,7,170.62,0.05,1134.62,167.72,CUST-0896
ORD-03660,2024-06-24,West,Consumer,Furniture,Chairs,Task Chair,2,122.26,0.0,244.52,37.55,CUST-0307
ORD-05226,2024-06-24,East,Home Office,Office Supplies,Storage,Storage Box,3,63.13,0.15,160.98,6.99,CUST-0495
ORD-00235,2024-06-24,East,Consumer,Technology,Accessories,Headset,2,212.35,0.15,361.0,57.64,CUST-0230
ORD-04293,2024-06-24,South,Corporate,Furniture,Tables,Desk,6,262.66,0.05,1497.16,214.02,CUST-0448
ORD-01120,2024-06-24,West,Consumer,Office Supplies,Binders,Binder,3,24.98,0.1,67.45,18.84,CUST-0354
ORD-05675,2024-06-25,East,Home Office,Furniture,Chairs,Conference Chair,2,140.82,0.05,267.56,20.3,CUST-0444
ORD-05232,2024-06-25,East,Consumer,Office Supplies,Storage,Storage Box,5,51.56,0.1,232.02,35.55,CUST-0579
ORD-02540,2024-06-25,East,Corporate,Office Supplies,Binders,File Folder,7,61.17,0.1,385.37,62.84,CUST-0274
ORD-02977,2024-06-25,Central,Consumer,Furniture,Tables,Desk,3,175.08,0.2,420.19,44.93,CUST-0007
ORD-03140,2024-06-25,West,Corporate,Technology,Accessories,Keyboard,6,166.22,0.2,797.86,141.39,CUST-0373
ORD-01549,2024-06-25,Central,Corporate,Technology,Phones,Phone A,2,219.83,0.1,395.69,75.68,CUST-0953
ORD-03842,2024-06-25,South,Consumer,Furniture,Bookcases,Shelf Unit,1,160.31,0.0,160.31,20.92,CUST-0495
ORD-00252,2024-06-25,Central,Consumer,Technology,Computers,Laptop,4,226.16,0.1,814.18,160.13,CUST-0358
ORD-01018,2024-06-25,West,Corporate,Office Supplies,Storage,Organizer,4,35.0,0.0,140.0,25.94,CUST-1166
ORD-00203,2024-06-26,South,Consumer,Furniture,Bookcases,Shelf Unit,3,143.07,0.1,386.29,56.43,CUST-0957
ORD-04196,2024-06-26,South,Consumer,Furniture,Chairs,Office Chair,3,140.27,0.0,420.81,65.68,CUST-0981
ORD-01519,2024-06-26,Central,Corporate,Furniture,Bookcases,Shelf Unit,4,209.38,0.15,711.89,68.47,CUST-0957
ORD-04573,2024-06-26,East,Home Office,Office Supplies,Paper,Labels,1,56.51,0.05,53.68,8.34,CUST-0637
ORD-05389,2024-06-27,West,Consumer,Furniture,Bookcases,Storage Cabinet,7,183.61,0.2,1028.22,110.45,CUST-0866
ORD-00185,2024-06-27,East,Corporate,Office Supplies,Paper,Labels,4,62.05,0.0,248.2,39.61,CUST-1154
ORD-04638,2024-06-27,South,Consumer,Office Supplies,Paper,Copy Paper,6,54.78,0.15,279.38,46.52,CUST-0880
ORD-05193,2024-06-27,East,Corporate,Office Supplies,Storage,Storage Box,3,50.29,0.05,143.33,25.49,CUST-0018
ORD-01353,2024-06-27,Central,Corporate,Technology,Computers,Monitor,6,185.74,0.25,835.83,132.43,CUST-0192
ORD-03450,2024-06-27,Central,Consumer,Furniture,Bookcases,Storage Cabinet,1,205.36,0.0,205.36,30.62,CUST-0096
ORD-01814,2024-06-27,South,Corporate,Furniture,Chairs,Office Chair,7,172.83,0.0,1209.81,193.91,CUST-0398
ORD-04363,2024-06-28,South,Consumer,Furniture,Chairs,Office Chair,6,242.01,0.15,1234.25,154.41,CUST-0650
ORD-02011,2024-06-28,East,Corporate,Technology,Computers,Laptop,4,187.17,0.0,748.68,167.94,CUST-0607
ORD-02664,2024-06-28,East,Consumer,Office Supplies,Paper,Notebooks,2,54.78,0.05,104.08,20.53,CUST-0131
ORD-05498,2024-06-28,South,Consumer,Office Supplies,Paper,Copy Paper,7,67.59,0.1,425.82,77.75,CUST-1146
ORD-02642,2024-06-28,South,Consumer,Office Supplies,Storage,Organizer,5,85.48,0.1,384.66,61.65,CUST-0480
ORD-05264,2024-06-28,South,Consumer,Office Supplies,Storage,Storage Box,3,31.8,0.0,95.4,27.57,CUST-0301
ORD-01356,2024-06-28,Central,Corporate,Furniture,Chairs,Task Chair,7,182.21,0.15,1084.15,144.12,CUST-0785
ORD-05347,2024-06-29,Central,Consumer,Furniture,Chairs,Task Chair,7,203.44,0.0,1424.08,226.93,CUST-0601
ORD-05973,2024-06-29,South,Consumer,Furniture,Bookcases,Shelf Unit,6,178.59,0.25,803.66,66.07,CUST-0714
ORD-00183,2024-06-29,West,Consumer,Office Supplies,Storage,Storage Box,6,62.67,0.2,300.82,43.97,CUST-0546
ORD-05007,2024-06-29,West,Home Office,Furniture,Bookcases,Shelf Unit,1,179.84,0.05,170.85,12.51,CUST-0421
ORD-03116,2024-06-29,Central,Consumer,Technology,Computers,Desktop,4,197.26,0.25,591.78,68.8,CUST-0733
ORD-04660,2024-06-29,Central,Consumer,Technology,Computers,Monitor,2,270.64,0.2,433.02,73.58,CUST-0052
ORD-00055,2024-06-29,Central,Home Office,Office Supplies,Binders,File Folder,5,56.78,0.0,283.9,51.98,CUST-0133
ORD-02948,2024-06-29,Central,Consumer,Furniture,Chairs,Office Chair,2,91.59,0.05,174.02,28.8,CUST-0422
ORD-04883,2024-06-30,West,Consumer,Technology,Computers,Desktop,1,281.42,0.1,253.28,45.94,CUST-0881
ORD-05000,2024-06-30,South,Consumer,Technology,Computers,Monitor,4,241.2,0.25,723.6,110.28,CUST-0697
ORD-01162,2024-06-30,West,Corporate,Technology,Accessories,Mouse,7,187.84,0.2,1051.9,177.29,CUST-0592
ORD-02538,2024-06-30,Central,Consumer,Technology,Accessories,Headset,2,181.59,0.1,326.86,66.47,CUST-0387
ORD-05104,2024-07-01,Central,Home Office,Office Supplies,Storage,Drawer Unit,1,48.42,0.2,38.74,2.83,CUST-0017
ORD-04825,2024-07-01,South,Consumer,Technology,Computers,Desktop,5,229.98,0.05,1092.4,228.38,CUST-0993
ORD-03638,2024-07-01,Central,Corporate,Office Supplies,Storage,Storage Box,6,66.69,0.05,380.13,68.02,CUST-0812
ORD-00453,2024-07-01,East,Corporate,Office Supplies,Binders,Binder,1,60.37,0.1,54.33,-1.35,CUST-0914
ORD-00405,2024-07-01,South,Corporate,Furniture,Chairs,Task Chair,2,131.74,0.0,263.48,46.47,CUST-0863
ORD-02254,2024-07-02,South,Consumer,Technology,Phones,Phone A,6,300.89,0.1,1624.81,333.53,CUST-0518
ORD-04716,2024-07-02,East,Consumer,Technology,Accessories,Keyboard,4,216.33,0.1,778.79,149.53,CUST-1027
ORD-02597,2024-07-02,South,Consumer,Technology,Computers,Laptop,2,228.4,0.25,342.6,41.71,CUST-0608
ORD-00021,2024-07-02,West,Consumer,Office Supplies,Binders,File Folder,7,69.01,0.0,483.07,82.82,CUST-1049
ORD-03706,2024-07-02,West,Corporate,Furniture,Tables,Side Table,1,161.04,0.2,128.83,5.05,CUST-0492
ORD-00406,2024-07-02,South,Corporate,Office Supplies,Storage,Drawer Unit,3,54.38,0.0,163.14,28.47,CUST-0169
ORD-00180,2024-07-03,West,Consumer,Technology,Accessories,Keyboard,5,276.28,0.15,1174.19,208.01,CUST-1110
ORD-03927,2024-07-03,East,Corporate,Office Supplies,Binders,File Folder,3,62.27,0.05,177.47,36.05,CUST-0923
ORD-04085,2024-07-03,Central,Consumer,Office Supplies,Storage,Storage Box,5,42.17,0.0,210.85,37.86,CUST-1190
ORD-05352,2024-07-03,South,Corporate,Furniture,Bookcases,Bookcase,4,212.23,0.1,764.03,99.62,CUST-1188
ORD-01053,2024-07-03,West,Corporate,Office Supplies,Storage,Drawer Unit,3,65.76,0.0,197.28,34.75,CUST-1030
ORD-04346,2024-07-04,West,Home Office,Furniture,Bookcases,Storage Cabinet,4,135.4,0.25,406.2,31.67,CUST-0329
ORD-04340,2024-07-04,South,Consumer,Office Supplies,Storage,Organizer,7,45.86,0.15,272.87,39.99,CUST-0399
ORD-04134,2024-07-04,West,Consumer,Furniture,Tables,Meeting Table,2,138.81,0.2,222.1,32.72,CUST-0817
ORD-00667,2024-07-05,East,Home Office,Office Supplies,Storage,Drawer Unit,3,52.05,0.05,148.34,45.47,CUST-0241
ORD-03374,2024-07-05,Central,Consumer,Furniture,Tables,Side Table,3,166.26,0.0,498.78,87.3,CUST-0093
ORD-05434,2024-07-05,Central,Home Office,Office Supplies,Paper,Labels,1,40.43,0.0,40.43,7.31,CUST-0837
ORD-01737,2024-07-05,Central,Consumer,Office Supplies,Storage,Drawer Unit,2,46.58,0.15,79.19,5.45,CUST-1112
ORD-01379,2024-07-05,South,Consumer,Technology,Accessories,Mouse,2,150.4,0.05,285.76,68.33,CUST-0239
ORD-01091,2024-07-05,East,Corporate,Technology,Computers,Laptop,1,240.53,0.0,240.53,45.91,CUST-1020
ORD-01008,2024-07-05,East,Home Office,Technology,Computers,Desktop,6,286.67,0.05,1634.02,357.79,CUST-0954
ORD-00556,2024-07-06,South,Consumer,Furniture,Chairs,Task Chair,2,219.04,0.05,416.18,80.42,CUST-0893
ORD-00876,2024-07-06,West,Consumer,Furniture,Chairs,Office Chair,4,162.92,0.0,651.68,125.6,CUST-0204
ORD-04270,2024-07-06,West,Corporate,Technology,Accessories,Mouse,5,171.16,0.05,813.01,176.7,CUST-0013
ORD-01767,2024-07-06,Central,Consumer,Technology,Computers,Laptop,4,225.77,0.0,903.08,206.51,CUST-0969
ORD-04126,2024-07-06,South,Consumer,Office Supplies,Storage,Drawer Unit,1,100.0,0.0,100.0,24.93,CUST-0518
ORD-04797,2024-07-06,East,Consumer,Office Supplies,Binders,File Folder,3,49.56,0.05,141.25,10.72,CUST-0151
ORD-04140,2024-07-06,East,Corporate,Office Supplies,Binders,Presentation Binder,3,39.73,0.15,101.31,26.58,CUST-1165
ORD-03129,2024-07-06,West,Consumer,Office Supplies,Binders,Binder,3,40.63,0.2,97.51,16.38,CUST-0269
ORD-02350,2024-07-06,East,Home Office,Technology,Phones,Phone A,1,194.14,0.05,184.43,36.0,CUST-1166
ORD-03376,2024-07-07,East,Consumer,Furniture,Bookcases,Storage Cabinet,7,200.18,0.1,1261.13,172.99,CUST-0895
ORD-03377,2024-07-07,West,Consumer,Office Supplies,Paper,Notebooks,2,48.53,0.15,82.5,6.66,CUST-0031
ORD-01152,2024-07-07,West,Home Office,Technology,Phones,Phone A,6,287.38,0.0,1724.28,394.72,CUST-0979
ORD-02685,2024-07-07,West,Home Office,Furniture,Bookcases,Storage Cabinet,2,145.16,0.1,261.29,36.68,CUST-0172
ORD-04962,2024-07-07,East,Consumer,Technology,Phones,Phone B,2,217.49,0.1,391.48,65.49,CUST-0627
ORD-00629,2024-07-07,Central,Home Office,Office Supplies,Binders,Presentation Binder,5,71.66,0.1,322.47,67.67,CUST-0094
ORD-00159,2024-07-07,South,Consumer,Furniture,Tables,Side Table,7,166.82,0.0,1167.74,190.79,CUST-0054
ORD-03012,2024-07-08,Central,Consumer,Office Supplies,Storage,Storage Box,4,44.98,0.15,152.93,21.69,CUST-0162
ORD-05533,2024-07-08,East,Corporate,Furniture,Chairs,Conference Chair,5,98.09,0.1,441.4,48.56,CUST-0629
ORD-03762,2024-07-08,Central,Corporate,Technology,Accessories,Headset,3,191.79,0.1,517.83,105.95,CUST-0033
ORD-00115,2024-07-08,West,Consumer,Technology,Computers,Laptop,6,263.11,0.0,1578.66,359.37,CUST-0983
ORD-00420,2024-07-08,South,Home Office,Technology,Phones,Phone A,4,250.72,0.1,902.59,178.35,CUST-1051
ORD-05950,2024-07-08,East,Consumer,Technology,Computers,Laptop,1,230.26,0.0,230.26,45.63,CUST-0569
ORD-01217,2024-07-09,Central,Corporate,Office Supplies,Binders,File Folder,7,43.89,0.1,276.51,54.16,CUST-0116
ORD-02715,2024-07-09,East,Home Office,Furniture,Bookcases,Bookcase,2,159.35,0.1,286.83,22.69,CUST-0937
ORD-02251,2024-07-09,West,Consumer,Furniture,Tables,Meeting Table,1,127.94,0.05,121.54,23.93,CUST-0508
ORD-01618,2024-07-09,West,Corporate,Office Supplies,Binders,Binder,6,54.82,0.0,328.92,63.43,CUST-0886
ORD-04173,2024-07-09,Central,Home Office,Technology,Phones,Phone C,2,193.87,0.1,348.97,75.66,CUST-0544
ORD-04169,2024-07-09,West,Consumer,Office Supplies,Storage,Storage Box,4,73.45,0.0,293.8,55.42,CUST-0370
ORD-05082,2024-07-09,Central,Consumer,Furniture,Bookcases,Storage Cabinet,6,207.8,0.0,1246.8,182.9,CUST-0313
ORD-04536,2024-07-10,South,Consumer,Office Supplies,Binders,File Folder,7,49.38,0.0,345.66,64.97,CUST-0573
ORD-02901,2024-07-10,South,Consumer,Furniture,Bookcases,Shelf Unit,7,166.75,0.1,1050.53,149.42,CUST-0069
ORD-05413,2024-07-10,Central,Consumer,Furniture,Bookcases,Storage Cabinet,6,254.35,0.0,1526.1,252.82,CUST-0855
ORD-02952,2024-07-10,West,Consumer,Office Supplies,Binders,Binder,4,44.99,0.05,170.96,24.69,CUST-0737
ORD-01490,2024-07-10,West,Corporate,Furniture,Tables,Desk,6,137.38,0.0,824.28,121.77,CUST-0059
ORD-01241,2024-07-10,South,Consumer,Furniture,Chairs,Conference Chair,7,179.27,0.15,1066.66,123.8,CUST-0533
ORD-00445,2024-07-11,South,Corporate,Office Supplies,Binders,File Folder,3,53.25,0.1,143.78,37.05,CUST-0223
ORD-00940,2024-07-11,East,Corporate,Technology,Phones,Phone C,5,319.42,0.05,1517.24,319.14,CUST-0039
ORD-04395,2024-07-11,South,Consumer,Furniture,Chairs,Conference Chair,7,201.36,0.2,1127.62,107.2,CUST-0739
ORD-05515,2024-07-11,West,Corporate,Office Supplies,Binders,Binder,6,51.77,0.2,248.5,39.01,CUST-1025
ORD-01051,2024-07-11,South,Consumer,Office Supplies,Storage,Drawer Unit,7,55.78,0.2,312.37,34.15,CUST-0283
ORD-02066,2024-07-11,West,Consumer,Technology,Computers,Desktop,5,243.66,0.2,974.64,167.76,CUST-0181
ORD-00897,2024-07-12,West,Corporate,Technology,Computers,Desktop,3,236.76,0.0,710.28,153.71,CUST-0504
ORD-03940,2024-07-12,East,Consumer,Office Supplies,Binders,Presentation Binder,3,65.84,0.1,177.77,32.32,CUST-0773
ORD-03903,2024-07-12,Central,Corporate,Technology,Phones,Phone C,5,261.11,0.2,1044.44,169.53,CUST-0484
ORD-05080,2024-07-12,South,Corporate,Technology,Computers,Laptop,3,197.69,0.0,593.07,144.87,CUST-0991
ORD-02313,2024-07-12,West,Corporate,Technology,Phones,Phone A,2,206.43,0.0,412.86,97.41,CUST-0419
ORD-05380,2024-07-14,West,Consumer,Furniture,Tables,Side Table,6,117.14,0.2,562.27,49.69,CUST-0257
ORD-03995,2024-07-14,South,Corporate,Furniture,Bookcases,Bookcase,3,185.14,0.1,499.88,64.53,CUST-0646
ORD-05442,2024-07-15,West,Corporate,Office Supplies,Binders,Presentation Binder,5,50.93,0.2,203.72,42.86,CUST-0285
ORD-02959,2024-07-15,Central,Corporate,Office Supplies,Binders,File Folder,2,60.9,0.0,121.8,20.62,CUST-0893
ORD-04396,2024-07-15,South,Home Office,Office Supplies,Paper,Copy Paper,3,53.86,0.05,153.5,31.09,CUST-0792
ORD-04109,2024-07-15,West,Corporate,Office Supplies,Binders,File Folder,7,58.12,0.2,325.47,50.84,CUST-0988
ORD-01000,2024-07-15,East,Consumer,Furniture,Tables,Desk,4,166.49,0.15,566.07,70.11,CUST-0445
ORD-02743,2024-07-15,South,Home Office,Technology,Computers,Desktop,6,227.59,0.1,1228.99,244.79,CUST-0900
ORD-01442,2024-07-15,West,Consumer,Office Supplies,Storage,Organizer,6,71.01,0.15,362.15,55.5,CUST-0452
ORD-03311,2024-07-16,East,Home Office,Technology,Computers,Monitor,5,219.81,0.05,1044.1,221.43,CUST-0469
ORD-03665,2024-07-16,East,Consumer,Furniture,Chairs,Office Chair,1,191.67,0.05,182.09,51.23,CUST-1008
ORD-02811,2024-07-16,West,Home Office,Office Supplies,Paper,Notebooks,6,75.3,0.0,451.8,86.29,CUST-0858
ORD-00017,2024-07-16,South,Corporate,Furniture,Chairs,Task Chair,6,188.92,0.1,1020.17,136.68,CUST-0488
ORD-05065,2024-07-17,South,Consumer,Furniture,Tables,Meeting Table,5,209.87,0.2,839.48,100.47,CUST-1096
ORD-01680,2024-07-17,South,Consumer,Furniture,Bookcases,Bookcase,1,113.56,0.05,107.88,29.93,CUST-0172
ORD-00608,2024-07-17,East,Consumer,Furniture,Bookcases,Bookcase,4,255.31,0.2,816.99,85.62,CUST-0651
ORD-05556,2024-07-17,East,Corporate,Furniture,Tables,Desk,2,136.18,0.0,272.36,49.06,CUST-0078
ORD-05861,2024-07-17,East,Consumer,Technology,Accessories,Keyboard,4,245.94,0.05,934.57,203.2,CUST-0695
ORD-04064,2024-07-18,East,Home Office,Office Supplies,Storage,Storage Box,3,21.69,0.0,65.07,11.08,CUST-1054
ORD-01296,2024-07-18,West,Corporate,Furniture,Chairs,Task Chair,4,156.55,0.15,532.27,77.12,CUST-0580
ORD-01207,2024-07-18,East,Consumer,Office Supplies,Paper,Copy Paper,6,42.58,0.25,191.61,38.78,CUST-0534
ORD-03657,2024-07-18,Central,Consumer,Office Supplies,Binders,File Folder,4,55.95,0.15,190.23,37.61,CUST-1086
ORD-00344,2024-07-18,East,Consumer,Technology,Computers,Monitor,1,245.82,0.1,221.24,50.27,CUST-1200
ORD-01583,2024-07-18,South,Consumer,Technology,Accessories,Headset,3,243.23,0.05,693.21,146.29,CUST-0529
ORD-03654,2024-07-19,West,Corporate,Technology,Accessories,Keyboard,5,307.85,0.25,1154.44,182.29,CUST-0097
ORD-02876,2024-07-19,West,Consumer,Technology,Phones,Phone A,1,319.82,0.0,319.82,73.09,CUST-0652
ORD-00803,2024-07-19,West,Corporate,Furniture,Bookcases,Storage Cabinet,5,122.94,0.0,614.7,109.49,CUST-1117
ORD-01460,2024-07-19,South,Corporate,Technology,Accessories,Mouse,1,199.72,0.0,199.72,53.72,CUST-1091
ORD-00549,2024-07-19,East,Consumer,Office Supplies,Storage,Storage Box,3,24.73,0.05,70.48,0.43,CUST-1040
ORD-05128,2024-07-20,Central,Corporate,Furniture,Chairs,Office Chair,2,148.87,0.2,238.19,1.71,CUST-1099
ORD-04685,2024-07-20,East,Consumer,Furniture,Chairs,Office Chair,2,162.3,0.15,275.91,36.14,CUST-0677
ORD-03421,2024-07-20,West,Consumer,Office Supplies,Paper,Notebooks,2,61.72,0.05,117.27,10.95,CUST-0667
ORD-05825,2024-07-20,South,Consumer,Furniture,Chairs,Task Chair,6,179.31,0.0,1075.86,168.69,CUST-0268
ORD-01720,2024-07-20,East,Corporate,Furniture,Bookcases,Bookcase,2,183.64,0.0,367.28,66.48,CUST-0945
ORD-05441,2024-07-20,Central,Consumer,Office Supplies,Paper,Copy Paper,5,52.17,0.1,234.76,35.28,CUST-1091
ORD-01165,2024-07-20,Central,Consumer,Technology,Phones,Phone B,7,179.73,0.2,1006.49,178.6,CUST-0655
ORD-02264,2024-07-20,South,Consumer,Furniture,Tables,Side Table,2,207.88,0.0,415.76,83.6,CUST-0633
ORD-05459,2024-07-21,Central,Corporate,Office Supplies,Storage,Drawer Unit,6,63.85,0.05,363.94,63.8,CUST-0034
ORD-01916,2024-07-21,South,Home Office,Furniture,Tables,Meeting Table,2,202.08,0.15,343.54,38.43,CUST-0344
ORD-00717,2024-07-21,Central,Consumer,Technology,Accessories,Headset,1,182.85,0.0,182.85,36.31,CUST-0857
ORD-05910,2024-07-21,East,Corporate,Office Supplies,Binders,File Folder,7,59.55,0.05,396.01,82.87,CUST-1013
ORD-03244,2024-07-22,South,Corporate,Furniture,Chairs,Task Chair,2,126.33,0.0,252.66,36.51,CUST-1176
ORD-03901,2024-07-22,West,Consumer,Office Supplies,Storage,Storage Box,3,40.92,0.05,116.62,13.42,CUST-0557
ORD-00366,2024-07-22,West,Consumer,Office Supplies,Storage,Storage Box,5,59.78,0.25,224.18,14.8,CUST-1148
ORD-03809,2024-07-22,West,Home Office,Office Supplies,Paper,Labels,1,49.06,0.0,49.06,15.72,CUST-0560
ORD-04000,2024-07-23,Central,Consumer,Furniture,Bookcases,Bookcase,6,167.98,0.05,957.49,134.9,CUST-0185
ORD-01015,2024-07-23,Central,Home Office,Furniture,Bookcases,Shelf Unit,5,162.73,0.0,813.65,127.58,CUST-0141
ORD-04948,2024-07-23,West,Consumer,Technology,Computers,Monitor,6,281.34,0.05,1603.64,341.13,CUST-0334
ORD-05085,2024-07-23,East,Corporate,Office Supplies,Storage,Storage Box,3,54.44,0.0,163.32,28.3,CUST-0246
ORD-02950,2024-07-23,Central,Consumer,Office Supplies,Storage,Organizer,3,60.43,0.0,181.29,51.51,CUST-0676
ORD-04222,2024-07-23,East,Corporate,Technology,Accessories,Keyboard,7,263.01,0.0,1841.07,418.25,CUST-0470
ORD-04311,2024-07-23,West,Corporate,Technology,Phones,Phone B,1,200.81,0.1,180.73,25.06,CUST-0842
ORD-02133,2024-07-23,East,Consumer,Office Supplies,Binders,File Folder,4,52.11,0.0,208.44,25.25,CUST-0681
ORD-01010,2024-07-24,Central,Consumer,Office Supplies,Binders,File Folder,5,56.31,0.1,253.4,53.71,CUST-0414
ORD-00296,2024-07-24,South,Consumer,Technology,Accessories,Mouse,4,232.36,0.25,697.08,102.4,CUST-0279
ORD-01686,2024-07-24,West,Consumer,Office Supplies,Binders,File Folder,4,71.28,0.0,285.12,52.08,CUST-0117
ORD-02714,2024-07-24,Central,Consumer,Furniture,Bookcases,Bookcase,1,215.4,0.05,204.63,21.64,CUST-0874
ORD-00701,2024-07-24,South,Consumer,Office Supplies,Paper,Labels,7,67.88,0.0,475.16,98.04,CUST-0296
ORD-05270,2024-07-24,West,Consumer,Technology,Phones,Phone A,4,212.16,0.25,636.48,111.65,CUST-0387
ORD-04032,2024-07-25,East,Consumer,Office Supplies,Binders,File Folder,3,36.12,0.15,92.11,14.08,CUST-0111
ORD-01849,2024-07-25,East,Corporate,Technology,Phones,Phone A,7,287.36,0.0,2011.52,461.23,CUST-0443
ORD-04614,2024-07-25,West,Corporate,Technology,Accessories,Mouse,5,274.36,0.2,1097.44,189.51,CUST-0029
ORD-05633,2024-07-25,East,Home Office,Technology,Phones,Phone B,2,248.21,0.15,421.96,72.68,CUST-0756
ORD-03957,2024-07-25,West,Consumer,Furniture,Tables,Desk,3,129.95,0.1,350.86,42.79,CUST-0384
ORD-02477,2024-07-25,East,Consumer,Office Supplies,Paper,Labels,6,44.93,0.0,269.58,51.17,CUST-0054
ORD-04740,2024-07-25,West,Corporate,Technology,Phones,Phone A,1,363.24,0.05,345.08,81.24,CUST-0571
ORD-00449,2024-07-25,West,Consumer,Office Supplies,Paper,Copy Paper,2,37.81,0.15,64.28,7.75,CUST-0428
ORD-02777,2024-07-26,Central,Consumer,Furniture,Bookcases,Bookcase,4,104.2,0.15,354.28,44.53,CUST-0923
ORD-00712,2024-07-26,Central,Consumer,Furniture,Chairs,Office Chair,4,217.55,0.15,739.67,85.09,CUST-0590
ORD-05677,2024-07-26,Central,Corporate,Office Supplies,Paper,Copy Paper,1,44.54,0.0,44.54,6.61,CUST-0614
ORD-05205,2024-07-26,West,Home Office,Furniture,Tables,Desk,1,152.22,0.15,129.39,21.46,CUST-0619
ORD-03867,2024-07-26,West,Consumer,Technology,Accessories,Mouse,2,246.51,0.2,394.42,76.75,CUST-0399
ORD-03552,2024-07-26,East,Consumer,Technology,Accessories,Headset,2,186.64,0.05,354.62,85.46,CUST-0122
ORD-04992,2024-07-26,South,Consumer,Technology,Phones,Phone C,2,258.74,0.0,517.48,105.7,CUST-0459
ORD-02732,2024-07-26,South,Consumer,Technology,Phones,Phone B,5,324.75,0.15,1380.19,268.51,CUST-0836
ORD-04512,2024-07-26,West,Consumer,Technology,Computers,Laptop,5,210.57,0.15,894.92,165.23,CUST-0925
ORD-00893,2024-07-26,West,Consumer,Furniture,Tables,Desk,7,212.89,0.0,1490.23,240.08,CUST-0717
ORD-01800,2024-07-26,Central,Home Office,Furniture,Bookcases,Storage Cabinet,2,193.83,0.0,387.66,66.55,CUST-0143
ORD-05659,2024-07-26,Central,Consumer,Technology,Computers,Desktop,6,262.81,0.1,1419.17,290.07,CUST-0145
ORD-02432,2024-07-26,West,Consumer,Technology,Accessories,Keyboard,3,136.2,0.05,388.17,79.84,CUST-0540
ORD-03392,2024-07-27,Central,Consumer,Technology,Accessories,Keyboard,5,183.62,0.15,780.38,144.06,CUST-1026
ORD-03337,2024-07-27,West,Consumer,Technology,Computers,Laptop,6,242.22,0.0,1453.32,329.86,CUST-0945
ORD-00679,2024-07-27,East,Consumer,Office Supplies,Paper,Labels,6,57.82,0.1,312.23,60.59,CUST-0288
ORD-05727,2024-07-27,South,Consumer,Furniture,Tables,Side Table,3,173.92,0.05,495.67,74.73,CUST-0954
ORD-03937,2024-07-28,South,Consumer,Technology,Accessories,Keyboard,4,192.42,0.1,692.71,133.85,CUST-0859
ORD-00578,2024-07-28,East,Corporate,Technology,Phones,Phone C,6,190.06,0.05,1083.34,251.28,CUST-0312
ORD-05915,2024-07-28,West,Consumer,Furniture,Tables,Desk,2,187.56,0.0,375.12,59.5,CUST-0267
ORD-01859,2024-07-28,East,Corporate,Technology,Phones,Phone A,3,221.45,0.15,564.7,111.37,CUST-0761
ORD-01311,2024-07-28,West,Consumer,Office Supplies,Paper,Copy Paper,3,43.3,0.1,116.91,23.69,CUST-0965
ORD-05520,2024-07-29,East,Corporate,Office Supplies,Storage,Storage Box,7,49.65,0.05,330.17,67.81,CUST-0858
ORD-02489,2024-07-29,West,Consumer,Furniture,Tables,Desk,4,142.62,0.15,484.91,63.58,CUST-0312
ORD-01665,2024-07-29,Central,Consumer,Office Supplies,Binders,Presentation Binder,2,61.53,0.2,98.45,14.43,CUST-0423
ORD-03469,2024-07-29,South,Consumer,Office Supplies,Binders,File Folder,2,57.75,0.05,109.72,16.39,CUST-0688
ORD-01074,2024-07-29,East,Corporate,Technology,Accessories,Mouse,2,266.33,0.25,399.5,53.45,CUST-1178
ORD-04549,2024-07-29,East,Consumer,Furniture,Bookcases,Bookcase,3,272.95,0.15,696.02,88.52,CUST-0306
ORD-05724,2024-07-29,Central,Corporate,Technology,Accessories,Headset,5,185.07,0.2,740.28,141.7,CUST-0341
ORD-05517,2024-07-30,South,Corporate,Technology,Computers,Monitor,7,268.03,0.1,1688.59,361.55,CUST-0137
ORD-03265,2024-07-30,West,Corporate,Furniture,Chairs,Conference Chair,7,169.77,0.0,1188.39,189.62,CUST-1031
ORD-01195,2024-07-30,East,Consumer,Furniture,Tables,Meeting Table,7,140.3,0.1,883.89,101.05,CUST-0622
ORD-05435,2024-07-30,Central,Consumer,Furniture,Bookcases,Bookcase,2,231.95,0.0,463.9,73.1,CUST-0732
ORD-02609,2024-07-30,West,Consumer,Office Supplies,Binders,Binder,7,67.06,0.1,422.48,65.29,CUST-0993
ORD-02518,2024-07-30,East,Consumer,Technology,Phones,Phone C,2,236.27,0.0,472.54,109.86,CUST-0765
ORD-02029,2024-07-30,Central,Consumer,Furniture,Bookcases,Shelf Unit,3,179.81,0.15,458.52,46.09,CUST-0427
ORD-00997,2024-07-30,East,Consumer,Office Supplies,Storage,Storage Box,1,39.35,0.2,31.48,-5.32,CUST-1090
ORD-05067,2024-07-31,East,Home Office,Furniture,Chairs,Conference Chair,3,182.3,0.0,546.9,90.95,CUST-0558
ORD-04813,2024-07-31,Central,Corporate,Furniture,Bookcases,Storage Cabinet,6,140.26,0.0,841.56,128.57,CUST-0589
ORD-04219,2024-07-31,East,Corporate,Office Supplies,Storage,Storage Box,2,58.25,0.0,116.5,20.65,CUST-1191
ORD-04370,2024-07-31,South,Corporate,Furniture,Bookcases,Bookcase,5,167.92,0.15,713.66,80.49,CUST-0098
ORD-03728,2024-07-31,East,Corporate,Technology,Phones,Phone B,7,214.18,0.0,1499.26,335.77,CUST-0189
ORD-00011,2024-07-31,West,Consumer,Technology,Phones,Phone C,6,280.79,0.05,1600.5,356.82,CUST-0713
ORD-04836,2024-08-01,West,Corporate,Office Supplies,Binders,Binder,6,49.82,0.05,283.97,59.66,CUST-0923
ORD-05225,2024-08-01,East,Consumer,Office Supplies,Paper,Copy Paper,7,48.01,0.0,336.07,76.7,CUST-0637
ORD-03539,2024-08-01,West,Home Office,Office Supplies,Paper,Notebooks,7,34.37,0.05,228.56,52.13,CUST-0222
ORD-04920,2024-08-01,West,Home Office,Office Supplies,Storage,Organizer,2,43.95,0.1,79.11,7.08,CUST-0393
ORD-05090,2024-08-01,East,Consumer,Technology,Computers,Monitor,7,227.52,0.0,1592.64,359.68,CUST-0123
ORD-05593,2024-08-01,South,Corporate,Furniture,Bookcases,Shelf Unit,4,149.85,0.05,569.43,90.03,CUST-0803
ORD-03360,2024-08-01,West,Home Office,Technology,Computers,Laptop,3,360.54,0.15,919.38,176.13,CUST-0020
ORD-03773,2024-08-01,West,Corporate,Technology,Computers,Laptop,2,303.07,0.15,515.22,104.46,CUST-0225
ORD-05559,2024-08-01,West,Consumer,Office Supplies,Paper,Notebooks,4,68.1,0.15,231.54,35.52,CUST-0287
ORD-01957,2024-08-02,South,Home Office,Technology,Computers,Laptop,1,132.51,0.1,119.26,30.48,CUST-0871
ORD-05758,2024-08-02,East,Home Office,Furniture,Tables,Meeting Table,4,153.25,0.15,521.05,54.47,CUST-0932
ORD-03738,2024-08-02,Central,Home Office,Office Supplies,Storage,Drawer Unit,1,52.37,0.0,52.37,3.17,CUST-0871
ORD-03646,2024-08-02,East,Home Office,Furniture,Tables,Meeting Table,7,198.42,0.1,1250.05,153.21,CUST-0283
ORD-00995,2024-08-03,East,Consumer,Furniture,Bookcases,Shelf Unit,3,168.6,0.0,505.8,78.37,CUST-0851
ORD-05476,2024-08-03,East,Corporate,Office Supplies,Paper,Labels,2,60.93,0.0,121.86,19.71,CUST-0032
ORD-01920,2024-08-03,West,Consumer,Technology,Computers,Laptop,2,105.5,0.25,158.25,32.29,CUST-0603
ORD-01501,2024-08-03,East,Consumer,Office Supplies,Storage,Storage Box,3,49.04,0.0,147.12,34.4,CUST-0702
ORD-01392,2024-08-03,Central,Home Office,Office Supplies,Storage,Storage Box,7,50.67,0.15,301.49,46.87,CUST-0137
ORD-03044,2024-08-03,South,Consumer,Technology,Computers,Desktop,3,203.24,0.15,518.26,101.31,CUST-0887
ORD-02539,2024-08-04,West,Corporate,Furniture,Tables,Meeting Table,3,190.2,0.0,570.6,76.55,CUST-0564
ORD-04152,2024-08-04,Central,Corporate,Office Supplies,Storage,Drawer Unit,5,81.13,0.2,324.52,35.82,CUST-0057
ORD-02411,2024-08-04,East,Consumer,Office Supplies,Paper,Labels,7,47.93,0.2,268.41,35.07,CUST-0995
ORD-00488,2024-08-04,Central,Consumer,Furniture,Tables,Desk,2,161.88,0.1,291.38,39.74,CUST-0613
ORD-01299,2024-08-04,West,Corporate,Technology,Accessories,Keyboard,5,221.1,0.05,1050.22,228.45,CUST-0478
ORD-04058,2024-08-04,East,Corporate,Technology,Accessories,Keyboard,3,157.24,0.05,448.13,96.69,CUST-0290
ORD-01902,2024-08-04,West,Consumer,Technology,Phones,Phone A,3,273.92,0.0,821.76,189.23,CUST-0102
ORD-00507,2024-08-04,West,Corporate,Office Supplies,Paper,Copy Paper,4,63.86,0.25,191.58,24.7,CUST-1145
ORD-02048,2024-08-05,South,Consumer,Office Supplies,Storage,Storage Box,2,52.29,0.0,104.58,18.55,CUST-0271
ORD-01147,2024-08-05,East,Consumer,Technology,Computers,Monitor,7,224.8,0.0,1573.6,353.75,CUST-0453
ORD-02949,2024-08-05,West,Consumer,Technology,Computers,Laptop,5,236.59,0.1,1064.66,215.73,CUST-0725
ORD-04272,2024-08-05,South,Corporate,Technology,Accessories,Keyboard,2,141.04,0.0,282.08,68.5,CUST-0118
ORD-01164,2024-08-05,West,Consumer,Technology,Computers,Laptop,5,314.69,0.2,1258.76,221.47,CUST-0794
ORD-03496,2024-08-05,East,Home Office,Office Supplies,Binders,Presentation Binder,3,73.32,0.05,208.96,30.55,CUST-0129
ORD-01991,2024-08-05,East,Corporate,Furniture,Tables,Side Table,2,228.15,0.0,456.3,58.15,CUST-0494
ORD-01958,2024-08-05,East,Corporate,Furniture,Chairs,Conference Chair,4,148.37,0.05,563.81,69.75,CUST-0357
ORD-03478,2024-08-05,West,Corporate,Furniture,Chairs,Task Chair,6,151.54,0.1,818.32,107.29,CUST-0231
ORD-02607,2024-08-06,East,Corporate,Office Supplies,Paper,Labels,1,69.45,0.05,65.98,11.08,CUST-0832
ORD-00656,2024-08-06,East,Corporate,Furniture,Bookcases,Storage Cabinet,5,186.72,0.1,840.24,105.04,CUST-0871
ORD-03777,2024-08-06,West,Consumer,Technology,Computers,Monitor,4,192.63,0.05,731.99,158.54,CUST-1026
ORD-01669,2024-08-06,South,Consumer,Furniture,Bookcases,Bookcase,7,172.19,0.05,1145.06,163.73,CUST-0086
ORD-03017,2024-08-06,East,Home Office,Office Supplies,Storage,Drawer Unit,4,46.43,0.2,148.58,9.44,CUST-0475
ORD-00747,2024-08-06,East,Corporate,Furniture,Tables,Meeting Table,3,160.5,0.0,481.5,83.51,CUST-0930
ORD-03897,2024-08-06,South,Consumer,Office Supplies,Storage,Storage Box,1,41.18,0.0,41.18,8.47,CUST-0775
ORD-05404,2024-08-06,South,Corporate,Technology,Phones,Phone A,4,237.94,0.1,856.58,176.17,CUST-0974
ORD-02593,2024-08-06,Central,Home Office,Technology,Computers,Desktop,7,208.97,0.0,1462.79,342.53,CUST-0980
ORD-05018,2024-08-06,Central,Consumer,Furniture,Tables,Meeting Table,5,149.79,0.15,636.61,71.74,CUST-0941
ORD-05505,2024-08-06,Central,Corporate,Office Supplies,Binders,Presentation Binder,1,64.6,0.25,48.45,18.61,CUST-0610
ORD-04224,2024-08-07,East,Consumer,Furniture,Tables,Side Table,4,252.74,0.0,1010.96,168.52,CUST-0257
ORD-00351,2024-08-07,East,Corporate,Technology,Computers,Monitor,4,202.83,0.2,649.06,123.33,CUST-0611
ORD-05826,2024-08-07,South,Corporate,Technology,Computers,Desktop,2,220.84,0.0,441.68,114.74,CUST-0987
ORD-05485,2024-08-07,Central,Consumer,Office Supplies,Binders,Presentation Binder,6,57.53,0.0,345.18,74.67,CUST-0587
ORD-01553,2024-08-07,East,Home Office,Office Supplies,Storage,Drawer Unit,4,60.25,0.1,216.9,31.38,CUST-0633
ORD-01335,2024-08-07,South,Consumer,Office Supplies,Binders,Binder,2,47.75,0.05,90.72,23.45,CUST-0008
ORD-05597,2024-08-08,Central,Consumer,Office Supplies,Binders,File Folder,4,53.31,0.1,191.92,24.96,CUST-0660
ORD-04819,2024-08-08,South,Consumer,Office Supplies,Binders,Binder,5,37.0,0.0,185.0,38.47,CUST-0501
ORD-01341,2024-08-08,East,Corporate,Furniture,Chairs,Task Chair,5,190.11,0.0,950.55,154.53,CUST-0204
ORD-02310,2024-08-08,West,Consumer,Office Supplies,Paper,Labels,3,35.05,0.05,99.89,28.71,CUST-0479
ORD-02766,2024-08-08,West,Consumer,Technology,Accessories,Keyboard,5,148.94,0.15,633.0,112.1,CUST-0139
ORD-04502,2024-08-08,Central,Consumer,Technology,Phones,Phone B,3,233.45,0.05,665.33,140.63,CUST-1074
ORD-01725,2024-08-08,East,Home Office,Office Supplies,Binders,Binder,5,46.82,0.2,187.28,21.39,CUST-0179
ORD-02794,2024-08-09,East,Consumer,Technology,Computers,Monitor,1,230.65,0.1,207.58,45.18,CUST-0632
ORD-00648,2024-08-09,West,Consumer,Office Supplies,Paper,Copy Paper,7,83.91,0.1,528.63,92.48,CUST-0009
ORD-01901,2024-08-09,West,Consumer,Technology,Computers,Laptop,6,166.54,0.15,849.35,160.36,CUST-0477
ORD-02666,2024-08-10,Central,Corporate,Technology,Accessories,Headset,7,334.3,0.05,2223.09,481.65,CUST-0481
ORD-00606,2024-08-10,East,Home Office,Furniture,Tables,Meeting Table,5,212.1,0.15,901.42,97.32,CUST-1159
ORD-04097,2024-08-10,West,Consumer,Furniture,Tables,Side Table,5,180.78,0.1,813.51,121.83,CUST-0220
ORD-01636,2024-08-10,East,Consumer,Furniture,Bookcases,Shelf Unit,1,184.91,0.15,157.17,13.82,CUST-0517
ORD-05709,2024-08-10,East,Consumer,Office Supplies,Paper,Notebooks,6,66.76,0.15,340.48,40.0,CUST-0952
ORD-05317,2024-08-11,South,Corporate,Office Supplies,Storage,Organizer,5,50.62,0.0,253.1,64.15,CUST-0435
ORD-02896,2024-08-11,Central,Consumer,Office Supplies,Storage,Drawer Unit,2,47.58,0.15,80.89,10.34,CUST-1049
ORD-01922,2024-08-11,East,Corporate,Office Supplies,Paper,Copy Paper,2,67.72,0.15,115.12,12.44,CUST-0877
ORD-04480,2024-08-11,South,Home Office,Furniture,Tables,Meeting Table,4,174.23,0.0,696.92,112.2,CUST-0425
ORD-00561,2024-08-11,Central,Corporate,Technology,Computers,Monitor,1,180.32,0.2,144.26,23.93,CUST-0500
ORD-05759,2024-08-11,West,Consumer,Technology,Phones,Phone B,7,249.27,0.05,1657.65,361.49,CUST-0752
ORD-04912,2024-08-12,East,Consumer,Furniture,Chairs,Office Chair,2,156.41,0.15,265.9,28.35,CUST-1138
ORD-05061,2024-08-12,Central,Consumer,Office Supplies,Paper,Labels,7,40.65,0.05,270.32,34.72,CUST-0446
ORD-03345,2024-08-12,West,Corporate,Office Supplies,Binders,Binder,2,49.41,0.0,98.82,18.49,CUST-0202
ORD-00931,2024-08-12,West,Consumer,Furniture,Chairs,Office Chair,1,185.98,0.05,176.68,30.13,CUST-1126
ORD-04828,2024-08-12,East,Corporate,Technology,Accessories,Headset,2,194.31,0.25,291.47,49.8,CUST-0118
ORD-03679,2024-08-13,East,Consumer,Office Supplies,Binders,Binder,6,42.03,0.0,252.18,47.55,CUST-0714
ORD-03467,2024-08-13,East,Consumer,Technology,Accessories,Mouse,3,306.07,0.15,780.48,151.2,CUST-0232
ORD-03299,2024-08-13,East,Consumer,Office Supplies,Storage,Drawer Unit,4,45.01,0.2,144.03,13.57,CUST-0505
ORD-02351,2024-08-13,South,Consumer,Technology,Accessories,Mouse,5,188.6,0.1,848.7,176.45,CUST-0148
ORD-05576,2024-08-13,West,Consumer,Technology,Computers,Monitor,6,246.04,0.15,1254.8,232.94,CUST-0900
ORD-05581,2024-08-13,Central,Corporate,Technology,Accessories,Mouse,1,189.26,0.05,179.8,31.78,CUST-0985
ORD-05895,2024-08-13,West,Consumer,Furniture,Tables,Meeting Table,4,126.28,0.0,505.12,79.44,CUST-0693
ORD-02336,2024-08-13,Central,Consumer,Office Supplies,Storage,Drawer Unit,3,43.87,0.0,131.61,21.86,CUST-1162
ORD-04523,2024-08-13,West,Consumer,Technology,Accessories,Mouse,2,173.84,0.0,347.68,61.31,CUST-0259
ORD-04821,2024-08-14,Central,Home Office,Office Supplies,Paper,Labels,2,50.93,0.05,96.77,17.41,CUST-0806
ORD-01140,2024-08-14,South,Consumer,Office Supplies,Storage,Organizer,2,44.85,0.0,89.7,11.56,CUST-0707
ORD-00877,2024-08-14,East,Corporate,Office Supplies,Paper,Copy Paper,1,77.75,0.1,69.98,-1.36,CUST-1058
ORD-02139,2024-08-14,East,Consumer,Furniture,Bookcases,Storage Cabinet,2,184.45,0.1,332.01,37.88,CUST-0551
ORD-03111,2024-08-14,East,Consumer,Office Supplies,Storage,Drawer Unit,1,71.22,0.05,67.66,10.5,CUST-0169
ORD-04888,2024-08-14,East,Home Office,Furniture,Chairs,Office Chair,2,125.56,0.0,251.12,42.55,CUST-0440
ORD-03637,2024-08-15,East,Consumer,Office Supplies,Storage,Organizer,5,53.73,0.2,214.92,19.36,CUST-0683
ORD-01380,2024-08-15,East,Consumer,Furniture,Tables,Side Table,4,200.61,0.15,682.07,75.96,CUST-1005
ORD-01259,2024-08-15,South,Consumer,Office Supplies,Binders,File Folder,5,50.38,0.05,239.3,33.29,CUST-1023
ORD-02821,2024-08-15,Central,Corporate,Office Supplies,Paper,Notebooks,2,73.49,0.0,146.98,11.91,CUST-1027
ORD-02924,2024-08-15,West,Corporate,Furniture,Tables,Side Table,2,195.6,0.1,352.08,59.25,CUST-1140
ORD-00539,2024-08-15,East,Corporate,Furniture,Bookcases,Shelf Unit,7,166.1,0.1,1046.43,152.3,CUST-1119
ORD-03341,2024-08-16,South,Consumer,Furniture,Tables,Desk,6,154.71,0.0,928.26,147.91,CUST-0284
ORD-04031,2024-08-16,East,Consumer,Office Supplies,Storage,Drawer Unit,7,59.51,0.0,416.57,67.62,CUST-0856
ORD-00927,2024-08-16,West,Corporate,Office Supplies,Binders,Presentation Binder,2,42.07,0.1,75.73,11.83,CUST-1183
ORD-00305,2024-08-17,Central,Consumer,Technology,Phones,Phone C,6,212.08,0.2,1017.98,191.61,CUST-1068
ORD-03979,2024-08-17,South,Consumer,Technology,Phones,Phone A,2,232.18,0.0,464.36,109.04,CUST-0575
ORD-01848,2024-08-17,Central,Consumer,Technology,Computers,Laptop,7,200.12,0.05,1330.8,295.05,CUST-0321
ORD-00289,2024-08-17,East,Consumer,Office Supplies,Storage,Drawer Unit,1,57.03,0.05,54.18,4.44,CUST-0703
ORD-04023,2024-08-17,West,Corporate,Office Supplies,Paper,Labels,3,63.49,0.1,171.42,31.53,CUST-0025
ORD-02118,2024-08-17,Central,Consumer,Technology,Computers,Laptop,5,205.84,0.05,977.74,206.33,CUST-1131
ORD-05267,2024-08-18,South,Home Office,Technology,Computers,Desktop,3,179.36,0.05,511.18,108.14,CUST-0205
ORD-05395,2024-08-18,East,Corporate,Office Supplies,Binders,Binder,3,64.07,0.0,192.21,22.64,CUST-0872
ORD-04487,2024-08-18,East,Consumer,Office Supplies,Binders,Binder,6,73.57,0.2,353.14,46.35,CUST-1071
ORD-00917,2024-08-18,West,Corporate,Office Supplies,Paper,Notebooks,3,72.52,0.0,217.56,41.74,CUST-0030
ORD-05102,2024-08-18,East,Consumer,Office Supplies,Paper,Notebooks,6,56.35,0.1,304.29,49.15,CUST-0453
ORD-05932,2024-08-18,West,Consumer,Office Supplies,Storage,Drawer Unit,6,68.53,0.05,390.62,62.47,CUST-0188
ORD-03861,2024-08-18,East,Corporate,Office Supplies,Storage,Drawer Unit,5,62.4,0.1,280.8,32.56,CUST-0890
ORD-02836,2024-08-18,East,Home Office,Office Supplies,Paper,Notebooks,2,43.86,0.0,87.72,18.1,CUST-0696
ORD-00789,2024-08-19,West,Consumer,Furniture,Tables,Desk,4,159.88,0.1,575.57,80.29,CUST-0105
ORD-05789,2024-08-19,West,Consumer,Office Supplies,Storage,Organizer,2,65.09,0.05,123.67,13.26,CUST-0451
ORD-02154,2024-08-19,East,Corporate,Furniture,Bookcases,Shelf Unit,5,178.29,0.0,891.45,140.47,CUST-0766
ORD-05685,2024-08-19,East,Consumer,Technology,Computers,Laptop,6,236.6,0.05,1348.62,286.72,CUST-1009
ORD-04703,2024-08-19,Central,Consumer,Furniture,Tables,Desk,4,120.53,0.0,482.12,94.65,CUST-0665
ORD-02137,2024-08-19,East,Home Office,Furniture,Tables,Side Table,3,198.62,0.05,566.07,83.44,CUST-0001
ORD-05150,2024-08-20,East,Corporate,Office Supplies,Paper,Notebooks,6,74.08,0.15,377.81,56.4,CUST-0664
ORD-02343,2024-08-20,South,Consumer,Technology,Computers,Monitor,2,204.0,0.0,408.0,87.13,CUST-0128
ORD-02775,2024-08-20,East,Consumer,Office Supplies,Storage,Organizer,4,58.27,0.0,233.08,31.84,CUST-0567
ORD-03941,2024-08-20,Central,Corporate,Furniture,Chairs,Office Chair,7,233.79,0.15,1391.05,159.18,CUST-0573
ORD-00295,2024-08-20,West,Consumer,Office Supplies,Storage,Storage Box,3,48.14,0.2,115.54,6.68,CUST-0108
ORD-00029,2024-08-20,Central,Consumer,Office Supplies,Binders,Binder,2,36.51,0.1,65.72,1.25,CUST-0174
ORD-00807,2024-08-20,Central,Corporate,Office Supplies,Paper,Notebooks,3,69.14,0.2,165.94,25.49,CUST-0463
ORD-02834,2024-08-21,Central,Consumer,Technology,Computers,Monitor,5,283.11,0.2,1132.44,198.4,CUST-0073
ORD-03632,2024-08-21,East,Corporate,Office Supplies,Binders,Binder,4,40.48,0.25,121.44,19.89,CUST-0560
ORD-02119,2024-08-21,East,Consumer,Office Supplies,Binders,File Folder,3,42.66,0.15,108.78,5.15,CUST-0156
ORD-04096,2024-08-22,East,Consumer,Furniture,Tables,Side Table,5,156.6,0.05,743.85,111.93,CUST-0484
ORD-00057,2024-08-22,Central,Corporate,Office Supplies,Paper,Notebooks,2,62.53,0.1,112.55,23.93,CUST-0973
ORD-05665,2024-08-22,East,Consumer,Office Supplies,Storage,Drawer Unit,5,56.43,0.05,268.04,54.26,CUST-0528
ORD-00331,2024-08-22,South,Corporate,Office Supplies,Paper,Labels,5,49.7,0.1,223.65,37.86,CUST-0229
ORD-00983,2024-08-22,Central,Home Office,Office Supplies,Storage,Drawer Unit,3,42.92,0.05,122.32,29.22,CUST-1028
ORD-00229,2024-08-22,Central,Corporate,Technology,Accessories,Keyboard,5,134.91,0.1,607.1,119.25,CUST-1141
ORD-03758,2024-08-22,South,Consumer,Technology,Computers,Monitor,6,187.37,0.0,1124.22,267.39,CUST-0640
ORD-04129,2024-08-23,South,Corporate,Technology,Phones,Phone A,3,192.43,0.2,461.83,86.81,CUST-1023
ORD-03477,2024-08-23,South,Corporate,Office Supplies,Binders,Binder,6,40.15,0.05,228.85,33.89,CUST-0386
ORD-00879,2024-08-23,East,Consumer,Furniture,Tables,Desk,7,234.13,0.2,1311.13,135.92,CUST-0223
ORD-04708,2024-08-23,West,Consumer,Office Supplies,Paper,Labels,7,57.55,0.05,382.71,64.76,CUST-0061
ORD-01577,2024-08-23,South,Corporate,Technology,Computers,Laptop,1,292.69,0.15,248.79,56.36,CUST-1071
ORD-03823,2024-08-23,West,Consumer,Office Supplies,Paper,Copy Paper,6,65.0,0.15,331.5,62.05,CUST-0253
ORD-05770,2024-08-24,East,Consumer,Office Supplies,Storage,Storage Box,3,53.32,0.0,159.96,38.18,CUST-1173
ORD-05976,2024-08-24,East,Corporate,Office Supplies,Paper,Labels,3,39.74,0.0,119.22,16.8,CUST-0597
ORD-05038,2024-08-24,West,Consumer,Furniture,Tables,Side Table,1,124.44,0.1,112.0,14.67,CUST-0378
ORD-05111,2024-08-24,West,Home Office,Office Supplies,Paper,Copy Paper,3,42.97,0.05,122.46,19.86,CUST-0517
ORD-00992,2024-08-24,West,Consumer,Office Supplies,Paper,Labels,3,60.64,0.1,163.73,23.07,CUST-0854
ORD-05988,2024-08-24,South,Consumer,Technology,Accessories,Headset,3,232.18,0.15,592.06,103.27,CUST-0631
ORD-01323,2024-08-25,Central,Consumer,Technology,Phones,Phone B,6,163.11,0.1,880.79,174.53,CUST-0915
ORD-05101,2024-08-25,East,Consumer,Technology,Accessories,Headset,1,214.59,0.0,214.59,46.98,CUST-1184
ORD-05766,2024-08-25,West,Corporate,Office Supplies,Paper,Labels,2,51.88,0.1,93.38,28.59,CUST-0976
ORD-03828,2024-08-25,South,Consumer,Furniture,Bookcases,Shelf Unit,1,186.62,0.25,139.96,11.27,CUST-0624
ORD-04449,2024-08-26,West,Home Office,Office Supplies,Binders,Binder,1,71.66,0.2,57.33,24.34,CUST-0175
ORD-03066,2024-08-26,South,Consumer,Office Supplies,Storage,Storage Box,3,57.48,0.1,155.2,32.01,CUST-0798
ORD-03914,2024-08-26,Central,Home Office,Office Supplies,Storage,Drawer Unit,7,45.68,0.05,303.77,55.41,CUST-1094
ORD-02404,2024-08-26,East,Consumer,Technology,Computers,Desktop,1,173.27,0.05,164.61,37.17,CUST-0888
ORD-01497,2024-08-27,West,Consumer,Office Supplies,Paper,Labels,3,67.29,0.2,161.5,19.64,CUST-0806
ORD-04353,2024-08-27,South,Corporate,Office Supplies,Paper,Copy Paper,3,67.79,0.15,172.86,28.89,CUST-0349
ORD-03146,2024-08-28,Central,Consumer,Technology,Phones,Phone A,3,238.83,0.1,644.84,137.6,CUST-0776
ORD-01840,2024-08-28,East,Corporate,Office Supplies,Storage,Storage Box,1,61.19,0.05,58.13,7.81,CUST-0942
ORD-01997,2024-08-28,East,Consumer,Office Supplies,Storage,Organizer,4,51.13,0.2,163.62,21.54,CUST-0408
ORD-05469,2024-08-28,West,Consumer,Office Supplies,Storage,Organizer,3,55.04,0.1,148.61,33.23,CUST-0579
ORD-04994,2024-08-28,South,Consumer,Technology,Phones,Phone C,1,152.82,0.15,129.9,26.79,CUST-0417
ORD-02252,2024-08-28,East,Corporate,Office Supplies,Paper,Copy Paper,6,39.61,0.15,202.01,31.37,CUST-0274
ORD-01664,2024-08-29,East,Corporate,Furniture,Bookcases,Bookcase,5,174.51,0.15,741.67,80.91,CUST-0754
ORD-01222,2024-08-29,East,Corporate,Furniture,Chairs,Office Chair,3,131.94,0.15,336.45,46.37,CUST-0267
ORD-04197,2024-08-29,East,Home Office,Technology,Phones,Phone B,3,232.97,0.0,698.91,162.1,CUST-0034
ORD-02335,2024-08-29,West,Consumer,Technology,Phones,Phone A,6,238.81,0.05,1361.22,278.46,CUST-0531
ORD-01625,2024-08-29,East,Consumer,Technology,Accessories,Keyboard,7,197.54,0.2,1106.22,196.85,CUST-0672
ORD-00762,2024-08-29,West,Consumer,Office Supplies,Storage,Drawer Unit,2,58.53,0.25,87.8,9.89,CUST-0266
ORD-00132,2024-08-29,South,Corporate,Technology,Computers,Desktop,3,186.04,0.0,558.12,130.4,CUST-0354
ORD-00655,2024-08-29,West,Home Office,Technology,Computers,Laptop,5,279.44,0.15,1187.62,204.54,CUST-0764
ORD-05555,2024-08-30,South,Corporate,Technology,Computers,Laptop,4,285.33,0.2,913.06,151.42,CUST-0428
ORD-05843,2024-08-30,East,Consumer,Technology,Accessories,Mouse,2,290.33,0.2,464.53,66.38,CUST-0842
ORD-01938,2024-08-30,Central,Corporate,Furniture,Tables,Side Table,3,118.07,0.15,301.08,43.75,CUST-0403
ORD-02586,2024-08-30,South,Home Office,Office Supplies,Paper,Notebooks,5,77.38,0.1,348.21,56.98,CUST-0603
ORD-03598,2024-08-30,East,Consumer,Technology,Phones,Phone A,4,190.62,0.15,648.11,118.78,CUST-0323
ORD-03786,2024-08-30,West,Consumer,Technology,Accessories,Headset,1,182.36,0.15,155.01,35.14,CUST-1112
ORD-00034,2024-08-30,East,Home Office,Technology,Accessories,Headset,7,212.33,0.2,1189.05,215.99,CUST-1061
ORD-00308,2024-08-30,East,Home Office,Office Supplies,Paper,Labels,3,49.48,0.2,118.75,27.66,CUST-0980
ORD-00456,2024-08-31,South,Consumer,Office Supplies,Paper,Notebooks,2,58.96,0.05,112.02,24.12,CUST-1108
ORD-00755,2024-08-31,West,Corporate,Furniture,Chairs,Office Chair,2,141.04,0.05,267.98,38.3,CUST-0303
ORD-00330,2024-08-31,East,Corporate,Technology,Phones,Phone B,2,199.94,0.05,379.89,76.25,CUST-0594
ORD-04923,2024-08-31,South,Consumer,Office Supplies,Storage,Storage Box,2,40.08,0.05,76.15,22.13,CUST-0128
ORD-05466,2024-08-31,West,Corporate,Office Supplies,Storage,Storage Box,3,50.93,0.05,145.15,28.44,CUST-0338
ORD-04800,2024-08-31,East,Corporate,Technology,Accessories,Mouse,2,281.14,0.15,477.94,100.0,CUST-0170
ORD-00113,2024-08-31,Central,Consumer,Office Supplies,Paper,Notebooks,4,54.67,0.05,207.75,38.52,CUST-0393
ORD-04677,2024-08-31,East,Consumer,Furniture,Tables,Side Table,1,174.82,0.1,157.34,28.39,CUST-0335
ORD-01365,2024-08-31,Central,Consumer,Technology,Phones,Phone C,1,240.34,0.2,192.27,39.89,CUST-0993
ORD-01258,2024-08-31,West,Consumer,Technology,Accessories,Mouse,5,166.97,0.2,667.88,116.71,CUST-0826
ORD-01129,2024-09-01,South,Consumer,Furniture,Chairs,Office Chair,7,184.18,0.0,1289.26,212.59,CUST-0813
ORD-04554,2024-09-01,East,Home Office,Technology,Computers,Monitor,3,228.96,0.2,549.5,107.55,CUST-0862
ORD-01084,2024-09-01,West,Home Office,Office Supplies,Paper,Notebooks,2,57.32,0.1,103.18,17.3,CUST-0170
ORD-05440,2024-09-01,East,Corporate,Technology,Accessories,Headset,5,205.55,0.05,976.36,202.29,CUST-0006
ORD-04814,2024-09-01,East,Corporate,Technology,Computers,Monitor,6,127.26,0.05,725.38,155.97,CUST-0319
ORD-02031,2024-09-01,East,Consumer,Office Supplies,Binders,Binder,3,41.53,0.2,99.67,22.86,CUST-0792
ORD-01565,2024-09-02,East,Corporate,Office Supplies,Binders,File Folder,4,65.6,0.0,262.4,53.68,CUST-0519
ORD-00158,2024-09-02,East,Consumer,Furniture,Bookcases,Shelf Unit,6,212.78,0.15,1085.18,123.2,CUST-0592
ORD-05736,2024-09-02,East,Consumer,Furniture,Chairs,Conference Chair,1,185.35,0.1,166.82,28.95,CUST-0713
ORD-03176,2024-09-02,South,Consumer,Technology,Accessories,Headset,2,286.93,0.0,573.86,136.09,CUST-1159
ORD-03661,2024-09-02,West,Home Office,Furniture,Chairs,Office Chair,5,168.31,0.25,631.16,52.61,CUST-1067
ORD-05237,2024-09-03,South,Home Office,Furniture,Bookcases,Storage Cabinet,2,144.06,0.15,244.9,31.81,CUST-1036
ORD-01003,2024-09-03,South,Consumer,Technology,Accessories,Headset,5,220.01,0.0,1100.05,260.1,CUST-0878
ORD-05144,2024-09-03,West,Corporate,Office Supplies,Storage,Storage Box,4,62.05,0.1,223.38,20.51,CUST-1074
ORD-04371,2024-09-03,West,Consumer,Furniture,Tables,Desk,1,203.13,0.05,192.97,31.1,CUST-0937
ORD-05632,2024-09-04,West,Consumer,Furniture,Chairs,Office Chair,6,203.18,0.25,914.31,65.26,CUST-0574
ORD-00134,2024-09-04,East,Corporate,Furniture,Chairs,Conference Chair,6,259.14,0.25,1166.13,120.31,CUST-0180
ORD-05419,2024-09-04,West,Consumer,Technology,Computers,Monitor,5,237.47,0.15,1009.25,192.32,CUST-0423
ORD-01975,2024-09-04,Central,Corporate,Office Supplies,Storage,Drawer Unit,7,61.4,0.0,429.8,67.48,CUST-0315
ORD-03843,2024-09-05,Central,Home Office,Furniture,Chairs,Task Chair,7,176.89,0.05,1176.32,176.28,CUST-0812
ORD-04615,2024-09-05,West,Home Office,Technology,Phones,Phone C,3,190.34,0.1,513.92,97.48,CUST-0166
ORD-05409,2024-09-05,South,Consumer,Office Supplies,Paper,Labels,6,64.39,0.0,386.34,56.88,CUST-0461
ORD-03611,2024-09-05,Central,Corporate,Furniture,Bookcases,Bookcase,5,205.69,0.0,1028.45,160.31,CUST-0303
ORD-03760,2024-09-06,East,Consumer,Technology,Accessories,Headset,5,212.45,0.15,902.91,144.01,CUST-0455
ORD-01387,2024-09-06,West,Corporate,Technology,Phones,Phone B,7,217.96,0.2,1220.58,223.9,CUST-0953
ORD-05254,2024-09-06,South,Consumer,Technology,Phones,Phone A,6,273.09,0.0,1638.54,381.79,CUST-1168
ORD-02426,2024-09-07,Central,Corporate,Office Supplies,Paper,Notebooks,3,68.08,0.0,204.24,39.76,CUST-1145
ORD-03215,2024-09-07,East,Consumer,Office Supplies,Storage,Organizer,1,55.08,0.05,52.33,0.43,CUST-0776
ORD-01412,2024-09-07,East,Consumer,Office Supplies,Paper,Copy Paper,4,63.75,0.2,204.0,36.29,CUST-0004
ORD-02062,2024-09-07,East,Corporate,Technology,Computers,Desktop,4,251.42,0.05,955.4,200.34,CUST-0724
ORD-04787,2024-09-07,Central,Corporate,Furniture,Bookcases,Bookcase,7,110.72,0.0,775.04,129.05,CUST-0852
ORD-04530,2024-09-07,East,Corporate,Office Supplies,Paper,Notebooks,4,71.55,0.0,286.2,65.33,CUST-0500
ORD-02604,2024-09-08,South,Home Office,Technology,Phones,Phone B,1,235.57,0.0,235.57,52.15,CUST-0530
ORD-02634,2024-09-08,East,Consumer,Office Supplies,Storage,Storage Box,4,56.05,0.25,168.15,4.97,CUST-0501
ORD-01434,2024-09-08,West,Consumer,Office Supplies,Paper,Labels,7,63.48,0.15,377.71,52.52,CUST-0317
ORD-05799,2024-09-08,East,Corporate,Furniture,Tables,Desk,5,229.85,0.1,1034.32,131.79,CUST-0366
ORD-05990,2024-09-09,West,Home Office,Technology,Computers,Laptop,7,271.54,0.0,1900.78,438.08,CUST-0954
ORD-03033,2024-09-09,East,Corporate,Technology,Phones,Phone C,4,201.62,0.1,725.83,146.86,CUST-0992
ORD-05866,2024-09-09,West,Consumer,Technology,Accessories,Headset,6,258.37,0.1,1395.2,285.62,CUST-0479
ORD-05331,2024-09-09,East,Consumer,Technology,Accessories,Headset,3,191.13,0.2,458.71,78.63,CUST-1130
ORD-02883,2024-09-09,South,Corporate,Furniture,Bookcases,Bookcase,2,230.54,0.15,391.92,43.99,CUST-0227
ORD-05044,2024-09-09,West,Home Office,Technology,Accessories,Headset,6,255.44,0.1,1379.38,272.55,CUST-0640
ORD-04384,2024-09-09,East,Consumer,Office Supplies,Binders,Presentation Binder,1,58.71,0.0,58.71,17.21,CUST-0832
ORD-03448,2024-09-09,West,Corporate,Technology,Accessories,Mouse,7,295.17,0.15,1756.26,327.68,CUST-1040
ORD-04163,2024-09-09,Central,Corporate,Technology,Accessories,Keyboard,6,224.52,0.1,1212.41,236.09,CUST-0035
ORD-00079,2024-09-10,Central,Consumer,Furniture,Bookcases,Storage Cabinet,7,210.56,0.1,1326.53,178.47,CUST-0596
ORD-03259,2024-09-10,West,Consumer,Technology,Accessories,Mouse,3,259.2,0.1,699.84,142.54,CUST-0703
ORD-02688,2024-09-10,East,Consumer,Technology,Computers,Laptop,6,253.08,0.1,1366.63,264.58,CUST-1196
ORD-02436,2024-09-10,East,Consumer,Office Supplies,Binders,File Folder,3,49.28,0.05,140.45,23.15,CUST-0346
ORD-04195,2024-09-10,South,Consumer,Office Supplies,Binders,File Folder,1,58.71,0.2,46.97,-0.87,CUST-0728
ORD-01029,2024-09-11,West,Home Office,Furniture,Tables,Side Table,2,189.89,0.2,303.82,31.61,CUST-0387
ORD-05327,2024-09-11,Central,Consumer,Technology,Computers,Monitor,1,277.76,0.05,263.87,52.93,CUST-0533
ORD-02656,2024-09-11,East,Corporate,Office Supplies,Storage,Drawer Unit,7,58.02,0.25,304.6,47.14,CUST-0301
ORD-05316,2024-09-11,West,Consumer,Furniture,Tables,Side Table,4,189.29,0.2,605.73,71.29,CUST-0261
ORD-00131,2024-09-11,West,Consumer,Office Supplies,Storage,Drawer Unit,3,66.67,0.15,170.01,25.11,CUST-0354
ORD-00126,2024-09-11,East,Home Office,Furniture,Tables,Desk,3,128.51,0.15,327.7,26.91,CUST-0980
ORD-00706,2024-09-11,East,Consumer,Technology,Accessories,Mouse,2,256.47,0.05,487.29,117.46,CUST-0688
ORD-04352,2024-09-12,East,Home Office,Technology,Computers,Laptop,2,240.39,0.05,456.74,101.8,CUST-0496
ORD-02402,2024-09-12,East,Corporate,Office Supplies,Storage,Storage Box,4,71.65,0.25,214.95,34.1,CUST-0406
ORD-01189,2024-09-12,East,Consumer,Office Supplies,Binders,Presentation Binder,3,45.33,0.2,108.79,12.98,CUST-0890
ORD-00980,2024-09-12,Central,Consumer,Office Supplies,Storage,Storage Box,7,61.64,0.1,388.33,78.01,CUST-0289
ORD-02798,2024-09-13,South,Consumer,Furniture,Tables,Meeting Table,5,161.56,0.0,807.8,140.78,CUST-0979
ORD-05509,2024-09-13,South,Corporate,Office Supplies,Storage,Organizer,5,51.54,0.1,231.93,42.9,CUST-0685
ORD-03891,2024-09-13,Central,Corporate,Technology,Accessories,Headset,5,210.71,0.2,842.84,148.55,CUST-1048
ORD-05519,2024-09-13,Central,Consumer,Office Supplies,Paper,Notebooks,5,76.59,0.05,363.8,64.37,CUST-0318
ORD-01672,2024-09-13,West,Corporate,Office Supplies,Binders,Presentation Binder,2,63.78,0.2,102.05,21.04,CUST-1096
ORD-05343,2024-09-13,Central,Consumer,Office Supplies,Storage,Organizer,5,45.14,0.1,203.13,33.19,CUST-0574
ORD-00437,2024-09-13,West,Consumer,Furniture,Tables,Side Table,4,252.18,0.05,958.28,145.81,CUST-1192
ORD-02647,2024-09-14,Central,Corporate,Furniture,Bookcases,Shelf Unit,6,189.1,0.0,1134.6,168.0,CUST-0371
ORD-05820,2024-09-14,South,Consumer,Office Supplies,Storage,Organizer,5,72.95,0.15,310.04,62.29,CUST-0205
ORD-04678,2024-09-14,South,Consumer,Furniture,Bookcases,Shelf Unit,1,264.7,0.0,264.7,42.25,CUST-0045
ORD-03144,2024-09-14,Central,Consumer,Technology,Accessories,Keyboard,1,169.44,0.1,152.5,27.53,CUST-0843
ORD-02580,2024-09-14,Central,Corporate,Furniture,Bookcases,Storage Cabinet,7,172.74,0.2,967.34,107.97,CUST-0284
ORD-02857,2024-09-14,Central,Consumer,Office Supplies,Paper,Copy Paper,7,58.51,0.1,368.61,65.33,CUST-0169
ORD-01544,2024-09-15,West,Corporate,Office Supplies,Binders,Binder,1,36.44,0.1,32.8,9.25,CUST-0574
ORD-02892,2024-09-15,Central,Consumer,Furniture,Chairs,Conference Chair,6,134.54,0.0,807.24,129.02,CUST-0968
ORD-03594,2024-09-15,South,Consumer,Technology,Computers,Monitor,4,146.56,0.1,527.62,100.15,CUST-0798
ORD-00116,2024-09-15,Central,Home Office,Furniture,Chairs,Office Chair,1,201.96,0.1,181.76,19.76,CUST-0755
ORD-05199,2024-09-15,West,Home Office,Furniture,Chairs,Conference Chair,2,127.83,0.0,255.66,48.05,CUST-0394
ORD-03684,2024-09-16,South,Consumer,Furniture,Bookcases,Storage Cabinet,4,87.48,0.15,297.43,22.96,CUST-1104
ORD-05785,2024-09-16,Central,Consumer,Furniture,Chairs,Task Chair,5,230.31,0.0,1151.55,192.88,CUST-0933
ORD-02303,2024-09-16,Central,Home Office,Furniture,Bookcases,Shelf Unit,5,184.17,0.2,736.68,91.77,CUST-1140
ORD-01728,2024-09-16,East,Corporate,Technology,Phones,Phone C,4,273.55,0.1,984.78,205.63,CUST-0454
ORD-04767,2024-09-17,Central,Corporate,Furniture,Bookcases,Storage Cabinet,6,231.51,0.05,1319.61,186.95,CUST-0738
ORD-02199,2024-09-17,Central,Consumer,Furniture,Bookcases,Shelf Unit,2,213.9,0.0,427.8,66.41,CUST-0025
ORD-03236,2024-09-17,East,Home Office,Office Supplies,Binders,Presentation Binder,1,66.32,0.25,49.74,13.34,CUST-0349
ORD-04186,2024-09-18,West,Consumer,Office Supplies,Paper,Labels,2,51.99,0.15,88.38,15.32,CUST-0892
ORD-04892,2024-09-18,South,Home Office,Office Supplies,Binders,Binder,2,27.92,0.1,50.26,-4.14,CUST-0685
ORD-03926,2024-09-18,East,Consumer,Technology,Accessories,Headset,5,213.8,0.1,962.1,185.46,CUST-1046
ORD-00570,2024-09-18,West,Corporate,Technology,Computers,Laptop,2,109.39,0.25,164.08,25.86,CUST-0024
ORD-00288,2024-09-18,West,Corporate,Technology,Accessories,Keyboard,4,148.62,0.2,475.58,69.56,CUST-0512
ORD-05615,2024-09-18,East,Corporate,Technology,Computers,Monitor,4,259.89,0.25,779.67,119.41,CUST-0781
ORD-03235,2024-09-18,West,Home Office,Furniture,Tables,Meeting Table,3,266.41,0.0,799.23,140.66,CUST-0304
ORD-05250,2024-09-18,East,Consumer,Furniture,Tables,Desk,3,172.68,0.2,414.43,32.96,CUST-0048
ORD-01759,2024-09-18,East,Home Office,Furniture,Tables,Meeting Table,2,212.95,0.1,383.31,49.34,CUST-0423
ORD-00922,2024-09-19,South,Consumer,Office Supplies,Paper,Notebooks,5,51.63,0.05,245.24,42.76,CUST-0225
ORD-01631,2024-09-19,East,Consumer,Technology,Accessories,Headset,7,199.77,0.05,1328.47,275.84,CUST-0599
ORD-00708,2024-09-19,Central,Home Office,Office Supplies,Binders,File Folder,4,32.54,0.0,130.16,15.72,CUST-0231
ORD-00978,2024-09-19,East,Home Office,Office Supplies,Paper,Labels,2,63.9,0.15,108.63,7.48,CUST-0381
ORD-01455,2024-09-19,West,Consumer,Technology,Phones,Phone B,3,289.71,0.15,738.76,136.89,CUST-0957
ORD-04721,2024-09-19,East,Consumer,Furniture,Tables,Side Table,4,214.21,0.0,856.84,164.48,CUST-0253
ORD-04977,2024-09-20,South,Consumer,Office Supplies,Storage,Storage Box,1,77.86,0.0,77.86,22.88,CUST-0238
ORD-04658,2024-09-20,Central,Consumer,Technology,Phones,Phone C,3,333.26,0.15,849.81,164.1,CUST-0320
ORD-05938,2024-09-20,East,Consumer,Office Supplies,Binders,Binder,2,71.32,0.05,135.51,30.73,CUST-0035
ORD-04757,2024-09-21,East,Home Office,Technology,Accessories,Mouse,5,220.54,0.15,937.3,176.42,CUST-0030
ORD-02737,2024-09-21,Central,Corporate,Technology,Computers,Desktop,1,235.63,0.2,188.5,30.86,CUST-0039
ORD-01897,2024-09-21,East,Consumer,Office Supplies,Paper,Notebooks,5,48.19,0.0,240.95,32.7,CUST-0763
ORD-00129,2024-09-21,Central,Consumer,Technology,Computers,Monitor,5,291.53,0.0,1457.65,334.66,CUST-1189
ORD-05286,2024-09-22,East,Consumer,Technology,Computers,Laptop,3,235.72,0.15,601.09,97.0,CUST-0032
ORD-03763,2024-09-22,South,Consumer,Office Supplies,Storage,Drawer Unit,3,57.04,0.0,171.12,34.75,CUST-0475
ORD-05338,2024-09-22,East,Corporate,Technology,Accessories,Keyboard,5,219.58,0.25,823.42,131.0,CUST-0225
ORD-03883,2024-09-22,West,Consumer,Furniture,Tables,Side Table,1,181.03,0.05,171.98,20.56,CUST-1094
ORD-02247,2024-09-22,West,Consumer,Technology,Accessories,Headset,7,223.55,0.0,1564.85,380.81,CUST-0678
ORD-01344,2024-09-22,East,Home Office,Technology,Accessories,Headset,7,261.92,0.1,1650.1,342.82,CUST-0372
ORD-05480,2024-09-22,South,Consumer,Office Supplies,Paper,Copy Paper,4,42.36,0.05,160.97,28.29,CUST-0456
ORD-01765,2024-09-23,West,Corporate,Office Supplies,Paper,Labels,7,61.52,0.25,322.98,41.51,CUST-0299
ORD-05863,2024-09-24,South,Consumer,Technology,Phones,Phone A,1,205.09,0.15,174.33,28.87,CUST-0800
ORD-02530,2024-09-24,South,Corporate,Furniture,Tables,Meeting Table,1,179.82,0.25,134.86,-6.71,CUST-0295
ORD-00535,2024-09-24,Central,Home Office,Office Supplies,Storage,Organizer,6,52.55,0.1,283.77,31.99,CUST-0206
ORD-02561,2024-09-24,South,Home Office,Technology,Phones,Phone A,6,264.39,0.15,1348.39,251.14,CUST-0659
ORD-00930,2024-09-25,South,Consumer,Technology,Phones,Phone A,7,229.1,0.2,1282.96,228.48,CUST-0607
ORD-01627,2024-09-25,South,Consumer,Technology,Phones,Phone B,4,208.73,0.15,709.68,131.52,CUST-0797
ORD-05577,2024-09-25,East,Corporate,Technology,Phones,Phone B,4,195.05,0.0,780.2,185.07,CUST-0875
ORD-04365,2024-09-25,East,Consumer,Technology,Phones,Phone A,5,136.84,0.1,615.78,115.06,CUST-1186
ORD-00228,2024-09-26,East,Corporate,Office Supplies,Binders,Binder,6,25.68,0.1,138.67,27.03,CUST-0040
ORD-03512,2024-09-26,East,Consumer,Furniture,Tables,Side Table,5,217.37,0.05,1032.51,146.48,CUST-0586
ORD-00597,2024-09-26,South,Consumer,Technology,Accessories,Mouse,1,244.31,0.1,219.88,47.28,CUST-0582
ORD-03227,2024-09-26,West,Consumer,Technology,Computers,Monitor,3,176.8,0.05,503.88,104.42,CUST-0791
ORD-02626,2024-09-26,Central,Consumer,Office Supplies,Binders,Binder,2,57.16,0.2,91.46,22.63,CUST-0825
ORD-05592,2024-09-27,East,Home Office,Furniture,Tables,Side Table,7,181.04,0.2,1013.82,101.78,CUST-0414
ORD-02679,2024-09-27,Central,Consumer,Furniture,Bookcases,Bookcase,7,221.75,0.15,1319.41,148.85,CUST-0538
ORD-02719,2024-09-27,East,Corporate,Technology,Accessories,Keyboard,3,191.34,0.05,545.32,109.02,CUST-0674
ORD-03542,2024-09-27,East,Corporate,Office Supplies,Paper,Labels,3,64.67,0.0,194.01,43.76,CUST-0478
ORD-00266,2024-09-28,East,Corporate,Technology,Phones,Phone C,6,209.7,0.0,1258.2,292.81,CUST-1177
ORD-00424,2024-09-28,West,Consumer,Technology,Phones,Phone C,3,220.69,0.1,595.86,117.67,CUST-0501
ORD-04662,2024-09-28,South,Corporate,Office Supplies,Paper,Labels,3,60.95,0.1,164.57,32.73,CUST-0234
ORD-00677,2024-09-28,West,Corporate,Office Supplies,Binders,Presentation Binder,6,65.03,0.2,312.14,28.11,CUST-0638
ORD-03137,2024-09-28,South,Consumer,Technology,Computers,Desktop,6,279.91,0.15,1427.54,271.74,CUST-0240
ORD-01760,2024-09-28,South,Home Office,Office Supplies,Storage,Storage Box,3,68.65,0.0,205.95,37.0,CUST-0713
ORD-03802,2024-09-29,Central,Corporate,Technology,Phones,Phone B,7,223.57,0.15,1330.24,246.49,CUST-0197
ORD-03075,2024-09-29,South,Corporate,Furniture,Chairs,Office Chair,3,186.41,0.25,419.42,40.87,CUST-0694
ORD-05350,2024-09-29,East,Home Office,Technology,Accessories,Headset,6,269.47,0.15,1374.3,262.58,CUST-0825
ORD-02729,2024-09-29,South,Corporate,Office Supplies,Binders,Presentation Binder,5,55.17,0.0,275.85,46.61,CUST-1014
ORD-03751,2024-09-29,East,Home Office,Technology,Phones,Phone B,1,176.86,0.0,176.86,35.64,CUST-0653
ORD-02123,2024-09-30,West,Corporate,Furniture,Tables,Desk,5,181.76,0.05,863.36,118.65,CUST-0360
ORD-02753,2024-09-30,Central,Corporate,Office Supplies,Paper,Notebooks,5,35.52,0.15,150.96,22.61,CUST-0050
ORD-01161,2024-09-30,West,Consumer,Technology,Computers,Desktop,1,252.69,0.15,214.79,50.71,CUST-0473
ORD-05368,2024-09-30,Central,Home Office,Technology,Accessories,Mouse,2,211.81,0.15,360.08,71.72,CUST-0070
ORD-05363,2024-09-30,West,Home Office,Office Supplies,Binders,Binder,6,64.29,0.0,385.74,72.76,CUST-1020
ORD-03722,2024-09-30,West,Consumer,Office Supplies,Storage,Storage Box,2,46.76,0.0,93.52,13.89,CUST-1042
ORD-04898,2024-09-30,East,Consumer,Furniture,Tables,Meeting Table,4,175.54,0.1,631.94,94.66,CUST-0818
ORD-03378,2024-09-30,South,Home Office,Furniture,Chairs,Conference Chair,1,243.44,0.05,231.27,24.62,CUST-0916
ORD-02037,2024-10-01,South,Consumer,Office Supplies,Storage,Organizer,2,25.32,0.15,43.04,2.61,CUST-0900
ORD-04435,2024-10-02,East,Corporate,Office Supplies,Paper,Copy Paper,1,53.76,0.05,51.07,12.42,CUST-0505
ORD-01628,2024-10-02,West,Consumer,Furniture,Tables,Desk,4,128.94,0.15,438.4,42.83,CUST-0454
ORD-01791,2024-10-02,West,Home Office,Furniture,Chairs,Conference Chair,7,179.84,0.05,1195.94,188.79,CUST-0021
ORD-00242,2024-10-02,Central,Consumer,Office Supplies,Paper,Copy Paper,3,64.71,0.05,184.42,33.56,CUST-0455
ORD-01858,2024-10-02,Central,Corporate,Office Supplies,Binders,Binder,3,70.54,0.05,201.04,29.69,CUST-0016
ORD-02548,2024-10-02,Central,Consumer,Office Supplies,Paper,Notebooks,6,43.64,0.25,196.38,34.7,CUST-0728
ORD-04376,2024-10-02,East,Home Office,Furniture,Bookcases,Bookcase,1,201.21,0.15,171.03,14.74,CUST-0774
ORD-05247,2024-10-02,East,Corporate,Technology,Accessories,Mouse,2,216.31,0.2,346.1,52.68,CUST-0103
ORD-05072,2024-10-03,West,Corporate,Office Supplies,Storage,Storage Box,2,48.85,0.0,97.7,26.35,CUST-0886
ORD-01415,2024-10-03,East,Consumer,Furniture,Bookcases,Shelf Unit,5,178.53,0.0,892.65,150.26,CUST-0521
ORD-04900,2024-10-03,West,Corporate,Technology,Accessories,Headset,6,164.3,0.15,837.93,152.2,CUST-1060
ORD-01118,2024-10-04,South,Consumer,Office Supplies,Storage,Organizer,5,36.37,0.0,181.85,38.68,CUST-0817
ORD-02190,2024-10-04,Central,Consumer,Technology,Computers,Desktop,3,232.58,0.0,697.74,164.18,CUST-0297
ORD-04866,2024-10-04,West,Consumer,Furniture,Bookcases,Shelf Unit,7,167.26,0.1,1053.74,149.61,CUST-1124
ORD-02464,2024-10-04,Central,Consumer,Technology,Accessories,Mouse,7,135.11,0.2,756.62,131.32,CUST-0584
ORD-05527,2024-10-05,South,Home Office,Office Supplies,Binders,Binder,2,44.7,0.05,84.93,26.92,CUST-0497
ORD-02345,2024-10-05,West,Corporate,Technology,Phones,Phone B,7,114.16,0.15,679.25,134.15,CUST-1065
ORD-04508,2024-10-05,South,Corporate,Furniture,Tables,Meeting Table,6,212.23,0.1,1146.04,157.24,CUST-1077
ORD-03673,2024-10-05,West,Consumer,Technology,Computers,Monitor,1,223.18,0.15,189.7,41.01,CUST-0141
ORD-04874,2024-10-05,East,Home Office,Technology,Phones,Phone A,4,182.54,0.0,730.16,164.69,CUST-0077
ORD-00985,2024-10-05,West,Corporate,Technology,Phones,Phone B,4,183.5,0.15,623.9,125.63,CUST-0950
ORD-05695,2024-10-05,South,Corporate,Office Supplies,Storage,Storage Box,3,73.65,0.15,187.81,21.27,CUST-0934
ORD-04585,2024-10-05,Central,Consumer,Technology,Computers,Desktop,5,231.51,0.2,926.04,160.07,CUST-0362
ORD-01156,2024-10-05,East,Consumer,Office Supplies,Storage,Storage Box,2,50.03,0.0,100.06,13.53,CUST-0919
ORD-00786,2024-10-06,South,Corporate,Technology,Phones,Phone A,1,289.5,0.0,289.5,60.92,CUST-0278
ORD-05692,2024-10-06,West,Consumer,Technology,Accessories,Mouse,6,179.13,0.1,967.3,193.5,CUST-0648
ORD-05856,2024-10-06,East,Corporate,Furniture,Bookcases,Bookcase,6,216.48,0.05,1233.94,173.06,CUST-1083
ORD-04412,2024-10-06,Central,Consumer,Technology,Accessories,Keyboard,2,217.29,0.1,391.12,78.13,CUST-1067
ORD-00966,2024-10-06,East,Consumer,Office Supplies,Paper,Copy Paper,1,66.58,0.2,53.26,-8.82,CUST-0693
ORD-04463,2024-10-06,East,Corporate,Furniture,Tables,Meeting Table,3,186.19,0.1,502.71,64.12,CUST-0175
ORD-00260,2024-10-06,East,Consumer,Technology,Phones,Phone A,2,150.0,0.1,270.0,44.69,CUST-0318
ORD-03667,2024-10-07,South,Consumer,Technology,Computers,Monitor,7,314.41,0.0,2200.87,499.39,CUST-0644
ORD-05263,2024-10-07,South,Consumer,Technology,Accessories,Keyboard,5,227.14,0.25,851.77,127.55,CUST-0045
ORD-01423,2024-10-07,Central,Consumer,Furniture,Bookcases,Storage Cabinet,7,243.31,0.2,1362.54,143.63,CUST-0282
ORD-02560,2024-10-07,East,Corporate,Furniture,Bookcases,Storage Cabinet,7,156.63,0.0,1096.41,192.01,CUST-1185
ORD-02235,2024-10-07,Central,Corporate,Furniture,Tables,Side Table,5,146.74,0.0,733.7,120.99,CUST-0991
ORD-02947,2024-10-07,East,Consumer,Furniture,Chairs,Conference Chair,7,199.73,0.0,1398.11,220.88,CUST-0636
ORD-01833,2024-10-07,Central,Consumer,Technology,Accessories,Headset,6,169.63,0.2,814.22,134.75,CUST-0008
ORD-03969,2024-10-08,Central,Consumer,Furniture,Chairs,Conference Chair,3,138.48,0.2,332.35,52.17,CUST-0460
ORD-01318,2024-10-08,South,Consumer,Furniture,Tables,Desk,6,178.89,0.1,966.01,115.76,CUST-0657
ORD-00698,2024-10-08,East,Consumer,Technology,Accessories,Keyboard,7,258.2,0.1,1626.66,334.68,CUST-0943
ORD-01546,2024-10-08,East,Home Office,Furniture,Tables,Desk,2,178.67,0.1,321.61,43.07,CUST-0678
ORD-02065,2024-10-08,South,Consumer,Office Supplies,Paper,Copy Paper,4,42.91,0.0,171.64,30.69,CUST-0793
ORD-05852,2024-10-08,East,Corporate,Office Supplies,Binders,File Folder,4,64.91,0.15,220.69,40.14,CUST-0500
ORD-00981,2024-10-08,East,Consumer,Technology,Computers,Desktop,5,204.12,0.15,867.51,164.79,CUST-0111
ORD-00270,2024-10-09,East,Home Office,Technology,Computers,Desktop,5,294.04,0.05,1396.69,286.97,CUST-0539
ORD-04457,2024-10-09,Central,Consumer,Furniture,Bookcases,Shelf Unit,5,164.23,0.15,697.98,84.91,CUST-0940
ORD-04547,2024-10-09,West,Home Office,Furniture,Chairs,Conference Chair,6,176.22,0.05,1004.45,143.07,CUST-1044
ORD-01396,2024-10-09,West,Consumer,Technology,Phones,Phone C,3,278.25,0.0,834.75,196.08,CUST-0976
ORD-00548,2024-10-09,South,Corporate,Furniture,Chairs,Conference Chair,2,148.57,0.15,252.57,22.13,CUST-1071
ORD-04938,2024-10-10,East,Consumer,Technology,Computers,Laptop,6,252.72,0.1,1364.69,267.4,CUST-0876
ORD-05531,2024-10-10,Central,Consumer,Furniture,Tables,Meeting Table,3,180.5,0.2,433.2,39.92,CUST-1067
ORD-00915,2024-10-10,West,Consumer,Office Supplies,Paper,Labels,2,74.04,0.15,125.87,26.34,CUST-0161
ORD-04782,2024-10-10,West,Home Office,Office Supplies,Binders,Presentation Binder,5,49.99,0.2,199.96,35.59,CUST-0623
ORD-05815,2024-10-11,South,Consumer,Furniture,Chairs,Office Chair,5,172.95,0.25,648.56,51.37,CUST-0003
ORD-05928,2024-10-11,South,Corporate,Furniture,Bookcases,Shelf Unit,1,210.25,0.25,157.69,5.99,CUST-0982
ORD-02966,2024-10-11,East,Consumer,Office Supplies,Binders,Binder,5,64.34,0.15,273.45,33.38,CUST-0988
ORD-04928,2024-10-11,West,Consumer,Furniture,Bookcases,Storage Cabinet,1,212.33,0.1,191.1,28.56,CUST-0597
ORD-00688,2024-10-12,South,Home Office,Technology,Accessories,Headset,7,321.51,0.05,2138.04,462.1,CUST-0953
ORD-04060,2024-10-12,West,Corporate,Technology,Phones,Phone A,3,217.45,0.05,619.73,131.82,CUST-0681
ORD-03955,2024-10-12,Central,Home Office,Office Supplies,Storage,Organizer,2,71.56,0.0,143.12,31.03,CUST-0191
ORD-01608,2024-10-12,East,Home Office,Technology,Phones,Phone B,4,220.84,0.15,750.86,132.67,CUST-1083
ORD-05471,2024-10-12,West,Consumer,Office Supplies,Storage,Storage Box,2,34.6,0.05,65.74,7.9,CUST-0706
ORD-04936,2024-10-12,West,Consumer,Office Supplies,Storage,Drawer Unit,5,53.21,0.1,239.45,28.19,CUST-0011
ORD-03825,2024-10-13,Central,Corporate,Technology,Phones,Phone B,4,211.89,0.05,805.18,175.9,CUST-0592
ORD-01644,2024-10-13,East,Home Office,Office Supplies,Binders,Binder,7,58.19,0.15,346.23,46.85,CUST-0015
ORD-05862,2024-10-13,West,Corporate,Office Supplies,Storage,Drawer Unit,5,44.28,0.05,210.33,31.99,CUST-0509
ORD-02676,2024-10-13,South,Consumer,Technology,Phones,Phone C,5,190.33,0.0,951.65,216.51,CUST-0826
ORD-00520,2024-10-13,Central,Consumer,Office Supplies,Binders,Binder,7,46.21,0.15,274.95,55.77,CUST-0433
ORD-04790,2024-10-14,East,Corporate,Furniture,Chairs,Task Chair,7,190.24,0.0,1331.68,213.7,CUST-0777
ORD-01350,2024-10-14,South,Corporate,Furniture,Chairs,Office Chair,2,181.26,0.05,344.39,51.8,CUST-0129
ORD-01654,2024-10-14,East,Consumer,Furniture,Chairs,Office Chair,2,206.08,0.0,412.16,63.12,CUST-0205
ORD-00468,2024-10-15,West,Corporate,Technology,Accessories,Mouse,4,203.32,0.0,813.28,166.14,CUST-0737
ORD-05608,2024-10-15,Central,Consumer,Technology,Accessories,Headset,5,132.72,0.25,497.7,81.8,CUST-0836
ORD-04802,2024-10-15,South,Corporate,Furniture,Tables,Side Table,2,184.77,0.1,332.59,38.58,CUST-0314
ORD-05636,2024-10-16,West,Corporate,Office Supplies,Paper,Copy Paper,4,42.86,0.1,154.3,19.09,CUST-0032
ORD-00455,2024-10-16,South,Consumer,Technology,Phones,Phone C,6,120.44,0.0,722.64,158.08,CUST-0805
ORD-03415,2024-10-16,West,Corporate,Technology,Computers,Laptop,4,198.85,0.0,795.4,188.05,CUST-0654
ORD-02614,2024-10-16,Central,Corporate,Furniture,Chairs,Task Chair,7,171.76,0.15,1021.97,129.41,CUST-0412
ORD-00665,2024-10-16,East,Consumer,Technology,Accessories,Keyboard,3,154.84,0.2,371.62,51.13,CUST-0383
ORD-01505,2024-10-16,East,Corporate,Furniture,Bookcases,Bookcase,5,196.31,0.25,736.16,63.98,CUST-0821
ORD-04618,2024-10-17,Central,Home Office,Furniture,Bookcases,Shelf Unit,4,150.47,0.15,511.6,63.7,CUST-0099
ORD-03019,2024-10-17,Central,Corporate,Furniture,Bookcases,Shelf Unit,4,176.45,0.15,599.93,77.58,CUST-0327
ORD-04541,2024-10-17,South,Consumer,Technology,Computers,Laptop,7,155.93,0.2,873.21,150.94,CUST-0012
ORD-04390,2024-10-17,East,Home Office,Technology,Phones,Phone C,7,197.54,0.0,1382.78,318.52,CUST-0942
ORD-02445,2024-10-17,South,Consumer,Office Supplies,Paper,Notebooks,1,53.27,0.05,50.61,14.46,CUST-0510
ORD-01188,2024-10-17,East,Consumer,Office Supplies,Binders,Presentation Binder,7,37.29,0.1,234.93,43.84,CUST-0729
ORD-02973,2024-10-17,West,Home Office,Technology,Computers,Monitor,2,180.29,0.05,342.55,78.92,CUST-0670
ORD-00531,2024-10-18,East,Consumer,Office Supplies,Binders,Presentation Binder,5,60.7,0.15,257.97,50.13,CUST-0040
ORD-05013,2024-10-18,Central,Corporate,Furniture,Chairs,Task Chair,5,238.3,0.0,1191.5,183.8,CUST-0532
ORD-00394,2024-10-18,East,Consumer,Furniture,Chairs,Task Chair,4,188.4,0.1,678.24,75.52,CUST-0779
ORD-03838,2024-10-18,Central,Consumer,Furniture,Chairs,Task Chair,6,242.85,0.1,1311.39,177.66,CUST-0203
ORD-03007,2024-10-18,Central,Consumer,Office Supplies,Storage,Organizer,5,46.5,0.2,186.0,31.65,CUST-0127
ORD-02024,2024-10-19,Central,Corporate,Office Supplies,Binders,Binder,5,50.27,0.15,213.65,29.05,CUST-0092
ORD-00720,2024-10-19,West,Consumer,Office Supplies,Paper,Copy Paper,1,35.52,0.1,31.97,6.27,CUST-0511
ORD-04265,2024-10-19,Central,Consumer,Technology,Computers,Monitor,2,157.61,0.0,315.22,75.0,CUST-0156
ORD-03423,2024-10-20,Central,Consumer,Office Supplies,Paper,Notebooks,1,52.89,0.2,42.31,-9.49,CUST-0734
ORD-01048,2024-10-20,East,Consumer,Technology,Computers,Desktop,3,325.24,0.0,975.72,204.81,CUST-0995
ORD-01580,2024-10-20,East,Consumer,Technology,Computers,Desktop,4,242.04,0.2,774.53,118.93,CUST-0051
ORD-03303,2024-10-21,West,Home Office,Technology,Accessories,Mouse,7,150.02,0.1,945.13,188.98,CUST-0137
ORD-02414,2024-10-21,East,Corporate,Technology,Accessories,Mouse,7,126.4,0.15,752.08,146.87,CUST-0341
ORD-03648,2024-10-21,East,Consumer,Office Supplies,Storage,Organizer,7,55.6,0.0,389.2,68.14,CUST-1043
ORD-05171,2024-10-21,South,Home Office,Office Supplies,Binders,Presentation Binder,7,65.63,0.0,459.41,86.95,CUST-0087
ORD-01764,2024-10-21,West,Corporate,Technology,Accessories,Headset,3,192.46,0.0,577.38,137.34,CUST-1153
ORD-04078,2024-10-21,South,Corporate,Office Supplies,Paper,Copy Paper,1,65.03,0.05,61.78,1.17,CUST-0121
ORD-00967,2024-10-21,West,Consumer,Furniture,Bookcases,Bookcase,3,224.21,0.0,672.63,101.65,CUST-1017
ORD-04756,2024-10-21,South,Home Office,Furniture,Tables,Meeting Table,4,230.86,0.0,923.44,149.08,CUST-0401
ORD-00137,2024-10-22,South,Consumer,Technology,Computers,Monitor,3,205.39,0.15,523.74,96.55,CUST-0620
ORD-04310,2024-10-22,West,Consumer,Office Supplies,Storage,Drawer Unit,4,63.66,0.05,241.91,45.73,CUST-0710
ORD-03347,2024-10-22,South,Consumer,Furniture,Tables,Meeting Table,6,190.51,0.05,1085.91,154.3,CUST-0354
ORD-05551,2024-10-22,Central,Consumer,Technology,Accessories,Mouse,1,244.67,0.1,220.2,38.41,CUST-0260
ORD-03876,2024-10-23,West,Consumer,Furniture,Chairs,Task Chair,6,231.57,0.15,1181.01,143.2,CUST-0855
ORD-01568,2024-10-23,East,Home Office,Furniture,Bookcases,Shelf Unit,5,239.63,0.15,1018.43,127.38,CUST-0940
ORD-05849,2024-10-23,South,Consumer,Technology,Computers,Monitor,7,181.3,0.0,1269.1,295.06,CUST-0948
ORD-05130,2024-10-23,West,Consumer,Technology,Computers,Desktop,1,209.93,0.0,209.93,42.72,CUST-0074
ORD-00494,2024-10-23,Central,Corporate,Furniture,Bookcases,Shelf Unit,2,217.31,0.05,412.89,65.25,CUST-0519
ORD-01873,2024-10-23,Central,Corporate,Furniture,Tables,Side Table,2,135.14,0.0,270.28,52.07,CUST-0142
ORD-01525,2024-10-23,Central,Home Office,Furniture,Tables,Side Table,3,235.01,0.1,634.53,80.39,CUST-0980
ORD-00625,2024-10-24,Central,Corporate,Technology,Computers,Laptop,3,168.79,0.1,455.73,107.69,CUST-0395
ORD-04259,2024-10-24,Central,Consumer,Office Supplies,Storage,Organizer,2,65.61,0.0,131.22,30.56,CUST-1123
ORD-05981,2024-10-24,West,Consumer,Office Supplies,Binders,Presentation Binder,7,56.12,0.1,353.56,72.55,CUST-0017
ORD-02213,2024-10-24,South,Consumer,Furniture,Bookcases,Shelf Unit,1,153.07,0.15,130.11,6.34,CUST-0005
ORD-04233,2024-10-25,East,Corporate,Furniture,Tables,Meeting Table,7,179.79,0.1,1132.68,156.48,CUST-0884
ORD-03449,2024-10-25,Central,Corporate,Furniture,Bookcases,Storage Cabinet,1,292.59,0.0,292.59,40.33,CUST-0105
ORD-03810,2024-10-26,South,Consumer,Furniture,Tables,Meeting Table,5,149.13,0.0,745.65,122.48,CUST-0501
ORD-03436,2024-10-26,West,Consumer,Furniture,Tables,Meeting Table,5,127.66,0.0,638.3,110.35,CUST-0736
ORD-04589,2024-10-26,Central,Corporate,Technology,Accessories,Headset,2,161.52,0.0,323.04,67.47,CUST-0070
ORD-04914,2024-10-26,South,Consumer,Office Supplies,Binders,Presentation Binder,4,51.88,0.2,166.02,16.35,CUST-0743
ORD-04210,2024-10-26,Central,Home Office,Office Supplies,Paper,Copy Paper,7,45.35,0.25,238.09,6.68,CUST-0780
ORD-00490,2024-10-26,West,Home Office,Office Supplies,Binders,File Folder,3,58.93,0.05,167.95,34.95,CUST-0484
ORD-05968,2024-10-26,West,Consumer,Furniture,Bookcases,Shelf Unit,5,188.95,0.0,944.75,158.03,CUST-1189
ORD-03170,2024-10-26,Central,Corporate,Office Supplies,Paper,Notebooks,6,60.09,0.0,360.54,99.44,CUST-1182
ORD-02183,2024-10-26,East,Corporate,Office Supplies,Paper,Notebooks,6,49.23,0.1,265.84,46.56,CUST-0970
ORD-00850,2024-10-26,West,Consumer,Office Supplies,Paper,Copy Paper,3,66.15,0.2,158.76,19.9,CUST-0369
ORD-00193,2024-10-27,Central,Consumer,Technology,Phones,Phone C,6,307.33,0.2,1475.18,250.8,CUST-0198
ORD-05609,2024-10-27,East,Corporate,Technology,Phones,Phone B,7,202.18,0.1,1273.73,262.16,CUST-0858
ORD-05335,2024-10-27,East,Consumer,Technology,Phones,Phone A,3,248.1,0.05,707.08,150.53,CUST-0911
ORD-02692,2024-10-27,East,Corporate,Technology,Computers,Laptop,2,191.45,0.2,306.32,59.47,CUST-0786
ORD-03225,2024-10-28,West,Consumer,Furniture,Bookcases,Bookcase,1,198.44,0.15,168.67,17.65,CUST-1107
ORD-01952,2024-10-28,Central,Home Office,Office Supplies,Storage,Organizer,5,51.04,0.0,255.2,45.55,CUST-0258
ORD-01181,2024-10-28,Central,Home Office,Office Supplies,Binders,Binder,5,56.25,0.1,253.12,46.44,CUST-0867
ORD-04351,2024-10-28,East,Corporate,Technology,Phones,Phone A,1,172.36,0.0,172.36,51.55,CUST-0220
ORD-05605,2024-10-29,Central,Home Office,Furniture,Tables,Side Table,2,193.81,0.25,290.72,18.27,CUST-0713
ORD-01758,2024-10-29,South,Consumer,Furniture,Bookcases,Storage Cabinet,3,181.33,0.1,489.59,60.93,CUST-0941
ORD-04980,2024-10-29,West,Home Office,Technology,Phones,Phone A,1,248.06,0.1,223.25,62.85,CUST-0557
ORD-03895,2024-10-29,East,Corporate,Office Supplies,Paper,Labels,5,46.57,0.1,209.56,40.34,CUST-0939
ORD-03613,2024-10-29,West,Consumer,Furniture,Tables,Meeting Table,6,226.17,0.2,1085.62,130.48,CUST-0897
ORD-02144,2024-10-30,South,Consumer,Technology,Phones,Phone A,5,207.48,0.0,1037.4,247.31,CUST-0307
ORD-03425,2024-10-30,East,Consumer,Office Supplies,Paper,Labels,1,68.43,0.0,68.43,16.88,CUST-0796
ORD-02124,2024-10-30,Central,Consumer,Office Supplies,Paper,Labels,4,31.95,0.2,102.24,27.99,CUST-0893
ORD-05788,2024-10-30,Central,Home Office,Technology,Accessories,Headset,6,158.28,0.0,949.68,213.24,CUST-1134
ORD-05645,2024-10-30,West,Consumer,Office Supplies,Binders,Presentation Binder,7,59.41,0.1,374.28,80.89,CUST-0414
ORD-03602,2024-10-30,East,Home Office,Technology,Phones,Phone C,3,174.5,0.1,471.15,96.67,CUST-0453
ORD-03864,2024-10-31,West,Consumer,Office Supplies,Storage,Storage Box,7,34.56,0.0,241.92,44.57,CUST-0935
ORD-01662,2024-10-31,South,Corporate,Office Supplies,Paper,Copy Paper,7,64.93,0.1,409.06,58.22,CUST-1188
ORD-00956,2024-10-31,Central,Consumer,Office Supplies,Paper,Labels,4,72.75,0.0,291.0,44.96,CUST-0513
ORD-05679,2024-10-31,Central,Consumer,Furniture,Bookcases,Shelf Unit,6,159.35,0.0,956.1,162.73,CUST-0296
ORD-01305,2024-10-31,East,Home Office,Office Supplies,Storage,Drawer Unit,5,43.3,0.15,184.02,22.66,CUST-0624
ORD-05980,2024-10-31,Central,Corporate,Office Supplies,Storage,Drawer Unit,6,66.39,0.0,398.34,81.07,CUST-0155
ORD-04586,2024-10-31,West,Home Office,Furniture,Bookcases,Bookcase,7,178.03,0.1,1121.59,154.71,CUST-0618
ORD-02971,2024-10-31,West,Corporate,Office Supplies,Storage,Storage Box,2,41.4,0.05,78.66,9.17,CUST-1002
ORD-02494,2024-10-31,West,Consumer,Technology,Phones,Phone C,6,235.97,0.05,1345.03,280.17,CUST-0854
ORD-04801,2024-11-01,East,Consumer,Furniture,Tables,Meeting Table,2,172.92,0.1,311.26,35.45,CUST-0154
ORD-00896,2024-11-01,Central,Corporate,Office Supplies,Binders,Presentation Binder,2,78.33,0.05,148.83,38.57,CUST-0196
ORD-02864,2024-11-01,Central,Corporate,Furniture,Bookcases,Bookcase,4,151.45,0.25,454.35,45.63,CUST-0147
ORD-05959,2024-11-01,East,Home Office,Furniture,Tables,Meeting Table,7,198.0,0.2,1108.8,103.78,CUST-0159
ORD-00767,2024-11-02,West,Consumer,Technology,Computers,Desktop,4,229.13,0.15,779.04,123.17,CUST-0529
ORD-00269,2024-11-02,South,Home Office,Technology,Computers,Laptop,4,191.88,0.15,652.39,113.83,CUST-0274
ORD-04544,2024-11-02,South,Consumer,Furniture,Bookcases,Shelf Unit,7,218.64,0.15,1300.91,148.09,CUST-0879
ORD-04455,2024-11-02,South,Consumer,Furniture,Bookcases,Storage Cabinet,7,170.17,0.15,1012.51,117.65,CUST-1136
ORD-05821,2024-11-02,West,Consumer,Furniture,Chairs,Task Chair,2,148.15,0.0,296.3,62.04,CUST-0028
ORD-04228,2024-11-02,West,Consumer,Furniture,Chairs,Task Chair,1,199.76,0.05,189.77,30.02,CUST-0849
ORD-02027,2024-11-03,West,Consumer,Office Supplies,Binders,Presentation Binder,7,60.96,0.05,405.38,77.55,CUST-0925
ORD-01829,2024-11-03,South,Corporate,Office Supplies,Paper,Copy Paper,7,50.55,0.25,265.39,32.37,CUST-0870
ORD-05525,2024-11-03,East,Home Office,Furniture,Bookcases,Shelf Unit,3,185.71,0.0,557.13,97.79,CUST-1114
ORD-03920,2024-11-03,Central,Corporate,Furniture,Bookcases,Bookcase,4,214.98,0.0,859.92,142.58,CUST-0813
ORD-01135,2024-11-03,West,Corporate,Furniture,Bookcases,Storage Cabinet,4,201.26,0.2,644.03,72.96,CUST-1021
ORD-05962,2024-11-03,West,Consumer,Technology,Phones,Phone A,4,174.14,0.2,557.25,111.33,CUST-0172
ORD-03124,2024-11-03,West,Home Office,Technology,Accessories,Keyboard,5,201.68,0.1,907.56,192.07,CUST-0867
ORD-03177,2024-11-04,Central,Consumer,Technology,Phones,Phone A,7,242.54,0.2,1358.22,214.99,CUST-0187
ORD-03922,2024-11-04,South,Home Office,Technology,Accessories,Keyboard,2,187.25,0.0,374.5,85.96,CUST-1006
ORD-05214,2024-11-04,Central,Consumer,Office Supplies,Binders,Binder,2,79.45,0.05,150.96,22.38,CUST-0370
ORD-00953,2024-11-04,South,Corporate,Furniture,Tables,Meeting Table,3,180.85,0.2,434.04,49.68,CUST-0537
ORD-05342,2024-11-04,Central,Consumer,Office Supplies,Paper,Notebooks,4,55.94,0.05,212.57,36.99,CUST-0608
ORD-04038,2024-11-04,Central,Corporate,Technology,Accessories,Mouse,2,261.78,0.25,392.67,58.06,CUST-0500
ORD-03331,2024-11-04,West,Consumer,Technology,Accessories,Mouse,3,228.71,0.1,617.52,121.29,CUST-0308
ORD-00672,2024-11-04,Central,Home Office,Technology,Computers,Desktop,3,138.41,0.25,311.42,45.34,CUST-1171
ORD-00323,2024-11-04,Central,Consumer,Technology,Phones,Phone A,2,279.03,0.0,558.06,122.11,CUST-0150
ORD-03417,2024-11-05,West,Home Office,Technology,Accessories,Mouse,6,310.23,0.15,1582.17,292.96,CUST-0214
ORD-05097,2024-11-05,East,Corporate,Office Supplies,Paper,Copy Paper,5,73.46,0.1,330.57,66.95,CUST-0434
ORD-05275,2024-11-05,East,Consumer,Office Supplies,Binders,File Folder,5,47.86,0.05,227.34,51.38,CUST-1138
ORD-05123,2024-11-05,Central,Consumer,Office Supplies,Paper,Copy Paper,2,60.55,0.15,102.93,11.59,CUST-0699
ORD-04639,2024-11-05,Central,Home Office,Furniture,Chairs,Task Chair,3,145.98,0.05,416.04,55.83,CUST-0465
ORD-00702,2024-11-06,East,Consumer,Office Supplies,Paper,Labels,5,74.59,0.2,298.36,29.93,CUST-0475
ORD-00601,2024-11-06,West,Consumer,Technology,Computers,Laptop,2,212.6,0.2,340.16,55.82,CUST-1166
ORD-05063,2024-11-06,West,Corporate,Technology,Phones,Phone C,4,195.57,0.05,743.17,164.87,CUST-0645
ORD-00987,2024-11-06,East,Home Office,Office Supplies,Binders,Presentation Binder,7,59.86,0.25,314.26,38.18,CUST-0444
ORD-01846,2024-11-06,West,Home Office,Technology,Computers,Monitor,6,196.69,0.0,1180.14,269.55,CUST-0584
ORD-00900,2024-11-06,East,Home Office,Furniture,Tables,Side Table,5,142.86,0.0,714.3,101.99,CUST-0937
ORD-02927,2024-11-06,South,Consumer,Furniture,Chairs,Task Chair,2,199.03,0.15,338.35,37.23,CUST-0981
ORD-02629,2024-11-06,East,Consumer,Office Supplies,Paper,Copy Paper,7,43.49,0.2,243.54,32.55,CUST-0013
ORD-04595,2024-11-06,Central,Corporate,Furniture,Chairs,Office Chair,5,170.88,0.0,854.4,118.1,CUST-1180
ORD-05122,2024-11-07,Central,Consumer,Technology,Phones,Phone C,3,209.45,0.2,502.68,85.06,CUST-0469
ORD-02393,2024-11-07,South,Corporate,Furniture,Chairs,Conference Chair,3,133.35,0.0,400.05,71.36,CUST-0614
ORD-03609,2024-11-07,East,Consumer,Office Supplies,Binders,Presentation Binder,7,53.97,0.15,321.12,49.25,CUST-0426
ORD-05786,2024-11-07,East,Consumer,Furniture,Tables,Desk,5,221.11,0.0,1105.55,161.02,CUST-0352
ORD-02904,2024-11-08,South,Consumer,Technology,Accessories,Keyboard,2,273.39,0.0,546.78,133.81,CUST-0749
ORD-04621,2024-11-08,West,Corporate,Furniture,Bookcases,Storage Cabinet,6,124.03,0.0,744.18,110.48,CUST-0723
ORD-01885,2024-11-08,South,Home Office,Furniture,Tables,Side Table,4,127.92,0.0,511.68,86.16,CUST-0046
ORD-02417,2024-11-09,East,Corporate,Technology,Computers,Laptop,2,136.41,0.2,218.26,38.62,CUST-0840
ORD-01554,2024-11-09,Central,Consumer,Office Supplies,Paper,Copy Paper,7,70.47,0.1,443.96,48.34,CUST-0994
ORD-03344,2024-11-09,West,Home Office,Furniture,Tables,Side Table,3,220.13,0.0,660.39,114.74,CUST-0320
ORD-03970,2024-11-09,Central,Consumer,Technology,Computers,Laptop,5,212.99,0.0,1064.95,242.17,CUST-0956
ORD-02825,2024-11-09,West,Corporate,Furniture,Tables,Desk,6,196.89,0.1,1063.21,136.54,CUST-0841
ORD-02726,2024-11-09,South,Consumer,Office Supplies,Paper,Copy Paper,2,41.24,0.15,70.11,18.98,CUST-0741
ORD-01397,2024-11-10,East,Consumer,Furniture,Tables,Side Table,7,244.85,0.05,1628.25,245.86,CUST-0344
ORD-01540,2024-11-10,West,Home Office,Technology,Accessories,Keyboard,2,222.13,0.15,377.62,67.91,CUST-0583
ORD-01200,2024-11-10,East,Corporate,Technology,Computers,Monitor,7,219.5,0.1,1382.85,282.5,CUST-0208
ORD-05152,2024-11-10,West,Consumer,Furniture,Bookcases,Storage Cabinet,7,113.88,0.05,757.3,109.1,CUST-0242
ORD-01661,2024-11-10,Central,Consumer,Technology,Phones,Phone C,1,203.68,0.1,183.31,34.29,CUST-0869
ORD-02226,2024-11-10,West,Consumer,Technology,Phones,Phone B,1,286.13,0.15,243.21,45.86,CUST-0836
ORD-03640,2024-11-10,West,Consumer,Office Supplies,Binders,File Folder,7,43.56,0.25,228.69,38.18,CUST-0124
ORD-02508,2024-11-10,West,Consumer,Technology,Computers,Monitor,2,206.18,0.0,412.36,78.07,CUST-0679
ORD-05062,2024-11-10,East,Consumer,Technology,Computers,Desktop,7,168.43,0.0,1179.01,276.96,CUST-0751
ORD-03875,2024-11-11,East,Consumer,Technology,Accessories,Mouse,2,226.47,0.05,430.29,88.01,CUST-0428
ORD-03367,2024-11-11,West,Home Office,Office Supplies,Binders,File Folder,5,61.11,0.1,275.0,32.58,CUST-0724
ORD-02917,2024-11-11,South,Corporate,Furniture,Chairs,Task Chair,5,180.1,0.1,810.45,108.34,CUST-0153
ORD-00343,2024-11-12,East,Home Office,Furniture,Chairs,Office Chair,1,123.04,0.1,110.74,7.25,CUST-0895
ORD-04903,2024-11-12,South,Corporate,Office Supplies,Paper,Labels,6,56.11,0.2,269.33,31.19,CUST-0228
ORD-03600,2024-11-12,West,Consumer,Furniture,Tables,Meeting Table,7,155.32,0.15,924.15,114.73,CUST-0657
ORD-01638,2024-11-12,Central,Home Office,Office Supplies,Paper,Notebooks,3,53.17,0.0,159.51,28.23,CUST-0885
ORD-01290,2024-11-12,Central,Consumer,Furniture,Chairs,Office Chair,6,180.15,0.15,918.77,122.59,CUST-0500
ORD-00675,2024-11-12,South,Consumer,Technology,Accessories,Mouse,5,160.15,0.05,760.71,166.08,CUST-0859
ORD-05742,2024-11-12,Central,Consumer,Office Supplies,Binders,Binder,5,41.91,0.05,199.07,29.27,CUST-0544
ORD-05798,2024-11-13,Central,Consumer,Technology,Phones,Phone C,5,158.13,0.15,672.05,135.42,CUST-1105
ORD-05701,2024-11-13,East,Home Office,Office Supplies,Storage,Organizer,4,51.49,0.1,185.36,26.89,CUST-0932
ORD-01982,2024-11-13,East,Consumer,Technology,Phones,Phone C,4,173.75,0.2,556.0,99.09,CUST-0900
ORD-03121,2024-11-14,East,Consumer,Office Supplies,Storage,Organizer,1,67.93,0.1,61.14,0.35,CUST-1191
ORD-03604,2024-11-14,East,Consumer,Office Supplies,Storage,Organizer,2,41.31,0.1,74.36,2.38,CUST-1198
ORD-00825,2024-11-14,Central,Consumer,Furniture,Bookcases,Storage Cabinet,3,149.75,0.0,449.25,61.1,CUST-0724
ORD-01211,2024-11-14,Central,Consumer,Office Supplies,Paper,Notebooks,5,68.83,0.0,344.15,65.81,CUST-0661
ORD-04910,2024-11-15,West,Consumer,Technology,Phones,Phone B,4,175.95,0.05,668.61,143.54,CUST-1034
ORD-02907,2024-11-15,Central,Corporate,Furniture,Chairs,Conference Chair,2,183.84,0.05,349.3,50.52,CUST-0525
ORD-02359,2024-11-16,West,Consumer,Furniture,Chairs,Conference Chair,6,168.85,0.0,1013.1,161.56,CUST-0013
ORD-02128,2024-11-16,East,Consumer,Office Supplies,Paper,Copy Paper,2,66.94,0.05,127.19,26.13,CUST-1139
ORD-02898,2024-11-17,South,Consumer,Technology,Phones,Phone A,4,290.88,0.0,1163.52,276.59,CUST-1058
ORD-05048,2024-11-17,South,Home Office,Technology,Accessories,Headset,3,230.06,0.1,621.16,134.94,CUST-0177
ORD-02179,2024-11-17,West,Home Office,Office Supplies,Paper,Notebooks,5,48.5,0.0,242.5,49.87,CUST-0097
ORD-02721,2024-11-17,Central,Consumer,Office Supplies,Storage,Storage Box,7,61.98,0.25,325.4,56.84,CUST-0626
ORD-05594,2024-11-17,West,Home Office,Office Supplies,Binders,Binder,5,60.27,0.0,301.35,53.75,CUST-0188
ORD-03692,2024-11-17,East,Corporate,Technology,Computers,Laptop,7,299.78,0.0,2098.46,486.78,CUST-0137
ORD-00996,2024-11-17,East,Consumer,Furniture,Tables,Desk,5,278.02,0.15,1181.58,137.71,CUST-0330
ORD-03819,2024-11-17,East,Consumer,Furniture,Bookcases,Bookcase,4,174.82,0.05,664.32,109.01,CUST-1014
ORD-01755,2024-11-17,South,Corporate,Furniture,Tables,Desk,4,160.11,0.15,544.37,67.34,CUST-1122
ORD-02829,2024-11-17,West,Consumer,Furniture,Tables,Desk,3,153.24,0.1,413.75,46.61,CUST-1189
ORD-04496,2024-11-18,Central,Consumer,Furniture,Bookcases,Shelf Unit,3,175.74,0.0,527.22,91.16,CUST-0557
ORD-05003,2024-11-18,East,Corporate,Technology,Accessories,Mouse,1,255.31,0.0,255.31,66.03,CUST-0513
ORD-00240,2024-11-18,West,Home Office,Technology,Computers,Desktop,6,219.31,0.2,1052.69,187.61,CUST-0253
ORD-03026,2024-11-18,South,Corporate,Office Supplies,Binders,Presentation Binder,4,45.02,0.05,171.08,19.84,CUST-0566
ORD-03117,2024-11-19,West,Consumer,Technology,Computers,Monitor,3,195.65,0.15,498.91,106.29,CUST-1111
ORD-00599,2024-11-19,South,Corporate,Office Supplies,Binders,Binder,4,65.19,0.15,221.65,21.43,CUST-0487
ORD-03009,2024-11-20,South,Corporate,Technology,Phones,Phone A,3,198.43,0.0,595.29,131.7,CUST-1172
ORD-04542,2024-11-20,West,Home Office,Office Supplies,Paper,Notebooks,6,54.51,0.0,327.06,50.23,CUST-0378
ORD-00245,2024-11-20,East,Consumer,Office Supplies,Storage,Drawer Unit,7,53.89,0.25,282.92,21.58,CUST-1174
ORD-01171,2024-11-20,South,Consumer,Office Supplies,Binders,File Folder,1,60.05,0.2,48.04,11.31,CUST-1123
ORD-01753,2024-11-20,West,Corporate,Furniture,Bookcases,Storage Cabinet,6,139.46,0.0,836.76,133.85,CUST-0612
ORD-03185,2024-11-20,East,Corporate,Furniture,Chairs,Task Chair,5,230.07,0.0,1150.35,182.38,CUST-0516
ORD-03171,2024-11-20,South,Consumer,Office Supplies,Binders,File Folder,2,39.83,0.1,71.69,11.48,CUST-1142
ORD-00085,2024-11-21,Central,Consumer,Technology,Computers,Monitor,4,222.85,0.1,802.26,183.87,CUST-0369
ORD-05268,2024-11-21,East,Home Office,Office Supplies,Paper,Labels,5,62.21,0.1,279.94,39.14,CUST-0931
ORD-00880,2024-11-21,West,Consumer,Office Supplies,Binders,Binder,1,46.71,0.0,46.71,24.67,CUST-0236
ORD-00192,2024-11-21,East,Consumer,Technology,Phones,Phone C,7,204.97,0.15,1219.57,211.41,CUST-0629
ORD-05060,2024-11-22,South,Consumer,Office Supplies,Binders,Binder,5,31.07,0.2,124.28,18.27,CUST-0836
ORD-01172,2024-11-22,Central,Consumer,Technology,Accessories,Headset,5,175.97,0.15,747.87,150.19,CUST-1018
ORD-03546,2024-11-22,South,Corporate,Furniture,Chairs,Office Chair,7,158.47,0.15,942.9,106.87,CUST-0420
ORD-02996,2024-11-22,West,Corporate,Technology,Computers,Desktop,6,219.36,0.05,1250.35,279.0,CUST-0248
ORD-02010,2024-11-23,West,Home Office,Technology,Computers,Monitor,7,194.74,0.15,1158.7,190.71,CUST-0216
ORD-01111,2024-11-23,West,Consumer,Office Supplies,Paper,Labels,5,59.8,0.25,224.25,27.13,CUST-0982
ORD-03865,2024-11-23,West,Corporate,Office Supplies,Storage,Storage Box,6,46.92,0.0,281.52,72.3,CUST-0254
ORD-04858,2024-11-23,East,Consumer,Office Supplies,Binders,File Folder,7,35.39,0.1,222.96,45.58,CUST-0434
ORD-03317,2024-11-23,West,Home Office,Technology,Accessories,Headset,2,184.05,0.15,312.88,48.86,CUST-0931
ORD-02158,2024-11-23,Central,Home Office,Office Supplies,Storage,Organizer,6,67.09,0.0,402.54,73.87,CUST-0812
ORD-00040,2024-11-23,Central,Consumer,Office Supplies,Paper,Copy Paper,5,78.33,0.15,332.9,39.59,CUST-1155
ORD-00658,2024-11-24,West,Consumer,Office Supplies,Binders,File Folder,5,57.69,0.2,230.76,10.78,CUST-0978
ORD-02231,2024-11-24,South,Consumer,Technology,Accessories,Headset,1,203.04,0.2,162.43,26.51,CUST-0736
ORD-04063,2024-11-24,East,Corporate,Furniture,Chairs,Office Chair,6,159.69,0.2,766.51,79.12,CUST-0065
ORD-02568,2024-11-24,East,Corporate,Furniture,Tables,Desk,2,199.33,0.0,398.66,64.64,CUST-0939
ORD-04086,2024-11-24,Central,Corporate,Furniture,Chairs,Task Chair,5,211.31,0.05,1003.72,144.67,CUST-0808
ORD-04619,2024-11-24,Central,Consumer,Technology,Phones,Phone A,5,179.76,0.1,808.92,155.41,CUST-0158
ORD-01196,2024-11-25,West,Home Office,Furniture,Tables,Side Table,7,241.75,0.2,1353.8,132.95,CUST-0825
ORD-02185,2024-11-25,East,Consumer,Furniture,Bookcases,Shelf Unit,3,237.32,0.0,711.96,118.21,CUST-0887
ORD-00458,2024-11-25,South,Consumer,Furniture,Chairs,Office Chair,2,170.57,0.05,324.08,42.32,CUST-0938
ORD-01417,2024-11-26,West,Consumer,Furniture,Chairs,Task Chair,5,197.72,0.1,889.74,113.41,CUST-0650
ORD-00475,2024-11-26,Central,Consumer,Furniture,Chairs,Office Chair,3,159.18,0.05,453.66,70.45,CUST-1169
ORD-00130,2024-11-26,South,Corporate,Furniture,Tables,Side Table,7,201.56,0.0,1410.92,225.96,CUST-0824
ORD-00958,2024-11-26,South,Consumer,Furniture,Bookcases,Storage Cabinet,1,229.48,0.2,183.58,1.54,CUST-0163
ORD-00341,2024-11-26,West,Consumer,Technology,Computers,Monitor,2,239.93,0.0,479.86,102.35,CUST-0600
ORD-02758,2024-11-26,West,Consumer,Office Supplies,Binders,File Folder,3,86.0,0.25,193.5,22.79,CUST-1100
ORD-00743,2024-11-26,South,Corporate,Office Supplies,Paper,Notebooks,3,75.95,0.0,227.85,37.28,CUST-0277
ORD-01370,2024-11-26,West,Home Office,Technology,Phones,Phone B,3,191.43,0.15,488.15,92.19,CUST-0652
ORD-03492,2024-11-27,Central,Consumer,Office Supplies,Binders,Presentation Binder,1,48.53,0.0,48.53,17.08,CUST-0879
ORD-01467,2024-11-27,East,Consumer,Office Supplies,Binders,Presentation Binder,6,53.04,0.1,286.42,46.77,CUST-0990
ORD-01585,2024-11-27,Central,Consumer,Office Supplies,Storage,Drawer Unit,5,63.74,0.2,254.96,30.32,CUST-0241
ORD-03764,2024-11-28,Central,Corporate,Technology,Computers,Monitor,6,247.0,0.05,1407.9,309.76,CUST-0080
ORD-00673,2024-11-28,West,Home Office,Furniture,Bookcases,Bookcase,3,179.29,0.15,457.19,55.87,CUST-1195
ORD-03301,2024-11-28,East,Consumer,Office Supplies,Storage,Drawer Unit,6,62.56,0.05,356.59,57.63,CUST-0506
ORD-00099,2024-11-28,East,Corporate,Office Supplies,Storage,Organizer,5,46.98,0.0,234.9,37.7,CUST-0799
ORD-00920,2024-11-28,West,Home Office,Office Supplies,Paper,Labels,4,45.23,0.05,171.87,39.59,CUST-0309
ORD-01128,2024-11-29,West,Home Office,Technology,Phones,Phone C,4,166.2,0.0,664.8,149.53,CUST-0463
ORD-01235,2024-11-29,East,Corporate,Office Supplies,Paper,Labels,2,60.05,0.0,120.1,13.3,CUST-0936
ORD-05183,2024-11-29,West,Corporate,Office Supplies,Paper,Copy Paper,3,39.93,0.15,101.82,14.18,CUST-0098
ORD-03757,2024-11-29,South,Consumer,Furniture,Tables,Meeting Table,7,207.81,0.1,1309.2,172.09,CUST-1052
ORD-00782,2024-11-29,South,Consumer,Furniture,Chairs,Office Chair,6,166.3,0.1,898.02,122.9,CUST-0685
ORD-02970,2024-11-29,South,Consumer,Technology,Accessories,Keyboard,3,233.27,0.2,559.85,104.94,CUST-0213
ORD-01985,2024-11-29,West,Corporate,Furniture,Chairs,Task Chair,7,204.51,0.15,1216.83,139.46,CUST-0988
ORD-03925,2024-11-30,West,Home Office,Technology,Accessories,Keyboard,3,198.46,0.1,535.84,97.56,CUST-0733
ORD-02992,2024-11-30,Central,Consumer,Technology,Computers,Laptop,3,300.78,0.2,721.87,130.67,CUST-0128
ORD-05566,2024-11-30,West,Consumer,Technology,Phones,Phone B,7,239.6,0.0,1677.2,382.08,CUST-1180
ORD-01337,2024-11-30,East,Corporate,Technology,Computers,Monitor,3,145.94,0.15,372.15,69.47,CUST-0910
ORD-03550,2024-11-30,East,Consumer,Office Supplies,Binders,File Folder,4,53.82,0.1,193.75,31.36,CUST-0874
ORD-02689,2024-11-30,Central,Corporate,Office Supplies,Paper,Labels,3,65.54,0.0,196.62,44.97,CUST-0984
ORD-03408,2024-11-30,East,Consumer,Furniture,Tables,Desk,5,170.93,0.1,769.18,102.36,CUST-0050
ORD-01994,2024-12-01,West,Consumer,Office Supplies,Binders,File Folder,1,63.01,0.2,50.41,3.13,CUST-1058
ORD-03721,2024-12-01,West,Consumer,Office Supplies,Paper,Notebooks,3,63.9,0.05,182.11,23.56,CUST-0973
ORD-00616,2024-12-01,Central,Consumer,Office Supplies,Paper,Labels,1,64.0,0.25,48.0,13.24,CUST-0562
ORD-05064,2024-12-01,Central,Consumer,Technology,Computers,Laptop,1,282.89,0.15,240.46,46.7,CUST-0005
ORD-03324,2024-12-01,East,Consumer,Furniture,Tables,Side Table,6,157.66,0.15,804.07,97.71,CUST-0850
ORD-03730,2024-12-01,Central,Corporate,Office Supplies,Binders,File Folder,7,67.43,0.0,472.01,85.57,CUST-0769
ORD-02437,2024-12-01,South,Consumer,Furniture,Chairs,Conference Chair,1,227.07,0.2,181.66,12.74,CUST-0631
ORD-03502,2024-12-02,West,Consumer,Office Supplies,Storage,Storage Box,3,48.72,0.15,124.24,14.63,CUST-0328
ORD-05613,2024-12-02,Central,Consumer,Technology,Computers,Laptop,6,195.06,0.25,877.77,134.99,CUST-0528
ORD-05145,2024-12-02,Central,Corporate,Technology,Phones,Phone C,7,125.58,0.05,835.11,182.64,CUST-0989
ORD-01068,2024-12-03,Central,Home Office,Office Supplies,Paper,Labels,1,71.91,0.25,53.93,10.56,CUST-0730
ORD-05020,2024-12-04,Central,Corporate,Furniture,Bookcases,Storage Cabinet,3,259.92,0.2,623.81,72.51,CUST-0508
ORD-03696,2024-12-04,East,Corporate,Office Supplies,Storage,Organizer,7,67.46,0.1,425.0,70.78,CUST-0513
ORD-03647,2024-12-04,East,Consumer,Technology,Phones,Phone A,3,236.22,0.05,673.23,150.41,CUST-1021
ORD-04906,2024-12-04,East,Home Office,Office Supplies,Paper,Copy Paper,5,57.38,0.05,272.56,80.65,CUST-0351
ORD-03266,2024-12-04,South,Consumer,Office Supplies,Paper,Notebooks,3,35.98,0.1,97.15,21.13,CUST-0467
ORD-00600,2024-12-05,West,Consumer,Office Supplies,Paper,Labels,6,58.6,0.2,281.28,41.61,CUST-1009
ORD-03118,2024-12-05,East,Corporate,Technology,Accessories,Keyboard,7,192.74,0.0,1349.18,305.05,CUST-0698
ORD-04995,2024-12-05,East,Consumer,Office Supplies,Storage,Drawer Unit,1,64.12,0.1,57.71,17.2,CUST-0147
ORD-05672,2024-12-05,West,Consumer,Technology,Accessories,Keyboard,3,188.24,0.05,536.48,108.6,CUST-1091
ORD-00569,2024-12-05,South,Consumer,Furniture,Tables,Desk,3,183.78,0.1,496.21,56.12,CUST-0851
ORD-05420,2024-12-05,East,Consumer,Office Supplies,Storage,Organizer,7,78.49,0.2,439.54,57.91,CUST-0775
ORD-03147,2024-12-05,Central,Consumer,Office Supplies,Binders,Binder,6,65.05,0.1,351.27,52.08,CUST-1186
ORD-00026,2024-12-06,East,Consumer,Office Supplies,Storage,Organizer,4,74.02,0.0,296.08,44.32,CUST-0725
ORD-03862,2024-12-06,South,Home Office,Technology,Phones,Phone A,1,207.12,0.2,165.7,32.49,CUST-0702
ORD-05106,2024-12-06,East,Consumer,Furniture,Chairs,Task Chair,1,183.86,0.0,183.86,23.71,CUST-0748
ORD-03977,2024-12-06,South,Corporate,Technology,Computers,Laptop,5,190.81,0.2,763.24,127.34,CUST-0998
ORD-02184,2024-12-07,Central,Home Office,Technology,Computers,Laptop,5,208.12,0.1,936.54,188.15,CUST-0773
ORD-01715,2024-12-07,Central,Corporate,Technology,Computers,Monitor,7,219.9,0.15,1308.4,242.15,CUST-0297
ORD-05787,2024-12-08,Central,Home Office,Technology,Computers,Monitor,2,205.78,0.05,390.98,88.79,CUST-0551
ORD-03577,2024-12-08,West,Consumer,Furniture,Chairs,Task Chair,6,213.49,0.15,1088.8,117.09,CUST-0045
ORD-01717,2024-12-08,West,Consumer,Furniture,Chairs,Office Chair,2,152.97,0.15,260.05,36.56,CUST-0399
ORD-03675,2024-12-09,Central,Consumer,Office Supplies,Binders,Presentation Binder,3,86.3,0.2,207.12,37.56,CUST-0397
ORD-02448,2024-12-09,West,Consumer,Technology,Phones,Phone A,4,172.14,0.15,585.28,109.75,CUST-0975
ORD-02015,2024-12-10,East,Home Office,Office Supplies,Storage,Organizer,2,69.76,0.05,132.54,35.16,CUST-0751
ORD-02072,2024-12-10,West,Consumer,Technology,Accessories,Headset,2,235.52,0.1,423.94,90.54,CUST-0659
ORD-05554,2024-12-11,Central,Corporate,Furniture,Chairs,Conference Chair,6,148.68,0.1,802.87,92.35,CUST-0922
ORD-04560,2024-12-11,South,Corporate,Technology,Phones,Phone A,4,220.01,0.0,880.04,199.46,CUST-0249
ORD-02986,2024-12-11,West,Consumer,Technology,Computers,Desktop,1,146.66,0.15,124.66,25.42,CUST-0948
ORD-00984,2024-12-11,East,Corporate,Technology,Accessories,Keyboard,2,229.98,0.05,436.96,87.75,CUST-0943
ORD-02361,2024-12-11,Central,Corporate,Office Supplies,Paper,Copy Paper,5,50.28,0.0,251.4,52.31,CUST-0284
ORD-01130,2024-12-12,South,Consumer,Furniture,Bookcases,Shelf Unit,3,190.37,0.15,485.44,49.91,CUST-0363
ORD-00934,2024-12-12,East,Consumer,Office Supplies,Storage,Storage Box,1,49.31,0.25,36.98,8.76,CUST-0246
ORD-05812,2024-12-12,South,Consumer,Office Supplies,Paper,Labels,1,50.92,0.1,45.83,7.21,CUST-0070
ORD-04991,2024-12-12,Central,Corporate,Furniture,Chairs,Conference Chair,4,175.38,0.15,596.29,64.86,CUST-0375
ORD-05899,2024-12-12,West,Consumer,Furniture,Chairs,Office Chair,6,148.73,0.1,803.14,109.78,CUST-0102
ORD-01255,2024-12-13,South,Corporate,Technology,Computers,Laptop,5,213.34,0.2,853.36,145.67,CUST-0046
ORD-00824,2024-12-13,East,Consumer,Furniture,Bookcases,Shelf Unit,2,190.78,0.0,381.56,62.51,CUST-0272
ORD-03589,2024-12-13,South,Consumer,Technology,Computers,Laptop,4,141.66,0.05,538.31,107.52,CUST-0975
ORD-01221,2024-12-13,East,Corporate,Technology,Phones,Phone C,5,136.8,0.05,649.8,137.13,CUST-0993
ORD-00244,2024-12-13,West,Consumer,Office Supplies,Paper,Copy Paper,6,44.08,0.15,224.81,42.88,CUST-1172
ORD-05674,2024-12-13,East,Consumer,Technology,Accessories,Mouse,5,320.53,0.0,1602.65,377.13,CUST-0448
ORD-01205,2024-12-14,Central,Corporate,Furniture,Chairs,Task Chair,1,122.22,0.1,110.0,9.67,CUST-0261
ORD-04042,2024-12-14,East,Consumer,Technology,Computers,Desktop,5,218.13,0.1,981.59,201.67,CUST-0509
ORD-05944,2024-12-14,Central,Consumer,Office Supplies,Binders,Presentation Binder,5,64.73,0.0,323.65,69.21,CUST-1057
ORD-01887,2024-12-14,East,Consumer,Office Supplies,Storage,Storage Box,1,46.21,0.2,36.97,10.2,CUST-0462
ORD-05735,2024-12-14,Central,Corporate,Technology,Computers,Monitor,1,249.2,0.1,224.28,46.18,CUST-0591
ORD-01089,2024-12-14,East,Consumer,Furniture,Chairs,Conference Chair,3,193.18,0.15,492.61,75.24,CUST-0088
ORD-04008,2024-12-14,East,Consumer,Furniture,Chairs,Task Chair,1,222.53,0.2,178.02,15.7,CUST-0280
ORD-00771,2024-12-15,South,Consumer,Office Supplies,Storage,Storage Box,7,46.07,0.15,274.12,39.59,CUST-0343
ORD-02481,2024-12-15,East,Corporate,Furniture,Tables,Desk,4,141.98,0.2,454.34,55.74,CUST-0481
ORD-00502,2024-12-15,Central,Corporate,Office Supplies,Paper,Notebooks,4,52.2,0.0,208.8,34.75,CUST-0484
ORD-02324,2024-12-15,East,Home Office,Technology,Accessories,Headset,3,200.44,0.25,450.99,86.68,CUST-0406
ORD-02905,2024-12-15,West,Consumer,Office Supplies,Binders,File Folder,2,46.78,0.25,70.17,-1.3,CUST-1021
ORD-02754,2024-12-15,Central,Corporate,Technology,Accessories,Mouse,5,195.02,0.2,780.08,149.21,CUST-0477
ORD-05522,2024-12-16,West,Consumer,Technology,Accessories,Mouse,1,240.6,0.15,204.51,42.96,CUST-0491
ORD-02258,2024-12-16,West,Consumer,Technology,Accessories,Mouse,2,244.5,0.1,440.1,80.35,CUST-0207
ORD-05186,2024-12-16,South,Consumer,Office Supplies,Paper,Labels,5,63.52,0.0,317.6,61.83,CUST-1149
ORD-01812,2024-12-16,Central,Corporate,Office Supplies,Binders,Presentation Binder,1,50.85,0.1,45.76,-0.32,CUST-0327
ORD-01438,2024-12-16,East,Home Office,Office Supplies,Binders,File Folder,1,47.36,0.2,37.89,-11.72,CUST-0965
ORD-03273,2024-12-16,Central,Consumer,Technology,Accessories,Keyboard,5,244.99,0.15,1041.21,203.97,CUST-0878
ORD-01723,2024-12-16,East,Consumer,Furniture,Chairs,Conference Chair,2,210.71,0.2,337.14,31.43,CUST-0806
ORD-00652,2024-12-16,East,Corporate,Office Supplies,Storage,Organizer,4,66.87,0.0,267.48,50.9,CUST-0887
ORD-02930,2024-12-16,East,Home Office,Office Supplies,Paper,Copy Paper,3,51.4,0.15,131.07,13.06,CUST-0746
ORD-00986,2024-12-16,East,Home Office,Technology,Computers,Monitor,3,219.76,0.1,593.35,127.6,CUST-0068
ORD-04181,2024-12-16,East,Consumer,Furniture,Tables,Meeting Table,5,191.4,0.2,765.6,76.8,CUST-1076
ORD-05954,2024-12-17,South,Consumer,Technology,Computers,Desktop,2,268.9,0.05,510.91,120.44,CUST-0125
ORD-04460,2024-12-17,Central,Consumer,Technology,Phones,Phone C,5,248.68,0.05,1181.23,262.02,CUST-0529
ORD-04679,2024-12-17,South,Consumer,Furniture,Tables,Meeting Table,1,155.44,0.2,124.35,-4.78,CUST-1148
ORD-02380,2024-12-17,South,Consumer,Furniture,Tables,Desk,6,162.2,0.2,778.56,87.27,CUST-0555
ORD-01398,2024-12-17,Central,Consumer,Furniture,Tables,Desk,7,109.06,0.15,648.91,71.79,CUST-1092
ORD-01224,2024-12-17,East,Corporate,Office Supplies,Paper,Labels,2,58.05,0.15,98.68,10.18,CUST-0373
ORD-00003,2024-12-18,East,Consumer,Technology,Computers,Laptop,3,171.88,0.0,515.64,120.48,CUST-0400
ORD-00123,2024-12-18,West,Home Office,Technology,Computers,Laptop,3,237.78,0.25,535.0,95.74,CUST-0243
ORD-04437,2024-12-18,East,Consumer,Furniture,Chairs,Conference Chair,6,155.55,0.1,839.97,100.47,CUST-0708
ORD-05361,2024-12-18,East,Consumer,Technology,Accessories,Keyboard,3,259.36,0.1,700.27,143.46,CUST-0377
ORD-05138,2024-12-18,East,Home Office,Technology,Phones,Phone A,7,201.11,0.1,1266.99,258.81,CUST-0208
ORD-02551,2024-12-18,West,Consumer,Furniture,Bookcases,Bookcase,2,205.23,0.15,348.89,34.61,CUST-0858
ORD-04464,2024-12-19,South,Consumer,Technology,Computers,Laptop,5,269.53,0.0,1347.65,304.08,CUST-0397
ORD-02086,2024-12-19,West,Home Office,Furniture,Chairs,Conference Chair,5,55.19,0.2,220.76,33.27,CUST-0680
ORD-05923,2024-12-19,East,Consumer,Furniture,Chairs,Conference Chair,2,186.14,0.0,372.28,66.23,CUST-0218
ORD-05994,2024-12-19,West,Consumer,Office Supplies,Binders,File Folder,4,53.69,0.15,182.55,12.72,CUST-0633
ORD-03794,2024-12-19,Central,Consumer,Office Supplies,Paper,Copy Paper,4,71.01,0.2,227.23,26.16,CUST-0132
ORD-02396,2024-12-20,West,Corporate,Office Supplies,Paper,Labels,7,54.17,0.15,322.31,56.0,CUST-1082
ORD-04302,2024-12-20,Central,Home Office,Office Supplies,Paper,Copy Paper,7,70.08,0.15,416.98,57.98,CUST-1015
ORD-02619,2024-12-20,Central,Consumer,Office Supplies,Paper,Copy Paper,3,37.33,0.25,83.99,6.15,CUST-1183
ORD-00842,2024-12-20,Central,Consumer,Furniture,Bookcases,Storage Cabinet,2,138.3,0.0,276.6,42.6,CUST-0929
ORD-05553,2024-12-20,South,Consumer,Furniture,Chairs,Task Chair,6,192.22,0.25,864.99,83.43,CUST-1129
ORD-03963,2024-12-20,Central,Corporate,Office Supplies,Binders,File Folder,5,46.48,0.25,174.3,26.5,CUST-0009
ORD-05879,2024-12-20,East,Consumer,Office Supplies,Binders,Presentation Binder,1,68.76,0.0,68.76,10.41,CUST-0185
ORD-02195,2024-12-21,South,Corporate,Technology,Accessories,Keyboard,6,252.06,0.0,1512.36,355.48,CUST-0430
ORD-01693,2024-12-21,Central,Consumer,Furniture,Bookcases,Bookcase,7,168.34,0.0,1178.38,196.93,CUST-0684
ORD-04902,2024-12-21,Central,Corporate,Furniture,Bookcases,Shelf Unit,7,203.17,0.0,1422.19,228.75,CUST-0992
ORD-01981,2024-12-21,South,Consumer,Office Supplies,Storage,Organizer,2,69.97,0.25,104.96,3.41,CUST-0173
ORD-01277,2024-12-21,West,Corporate,Technology,Phones,Phone B,3,86.64,0.0,259.92,73.74,CUST-1129
ORD-05143,2024-12-22,West,Corporate,Furniture,Bookcases,Bookcase,4,158.98,0.15,540.53,53.75,CUST-0910
ORD-03438,2024-12-22,West,Consumer,Office Supplies,Paper,Copy Paper,5,49.36,0.0,246.8,43.66,CUST-0169
ORD-02023,2024-12-22,South,Home Office,Technology,Phones,Phone A,6,223.49,0.2,1072.75,176.05,CUST-1114
ORD-00730,2024-12-22,Central,Home Office,Office Supplies,Binders,File Folder,4,70.38,0.05,267.44,58.18,CUST-0672
ORD-02584,2024-12-22,Central,Consumer,Technology,Computers,Desktop,1,243.02,0.1,218.72,44.8,CUST-1073
ORD-01597,2024-12-23,West,Consumer,Technology,Phones,Phone A,7,172.8,0.0,1209.6,293.11,CUST-0697
ORD-03409,2024-12-23,Central,Corporate,Technology,Computers,Monitor,4,175.19,0.2,560.61,104.32,CUST-0512
ORD-05015,2024-12-23,East,Corporate,Technology,Phones,Phone C,1,202.76,0.15,172.35,24.69,CUST-0574
ORD-00316,2024-12-23,East,Home Office,Furniture,Bookcases,Bookcase,2,189.89,0.0,379.78,53.4,CUST-0427
ORD-04321,2024-12-23,East,Consumer,Technology,Accessories,Mouse,1,176.48,0.2,141.18,20.12,CUST-0126
ORD-03834,2024-12-24,South,Consumer,Furniture,Bookcases,Shelf Unit,1,196.0,0.15,166.6,27.39,CUST-0971
ORD-01959,2024-12-24,West,Consumer,Office Supplies,Paper,Copy Paper,1,63.74,0.2,50.99,1.51,CUST-0066
ORD-02897,2024-12-24,East,Consumer,Office Supplies,Binders,Binder,5,48.52,0.2,194.08,12.01,CUST-0729
ORD-02022,2024-12-24,South,Home Office,Technology,Accessories,Keyboard,2,269.29,0.15,457.79,78.55,CUST-0938
ORD-02050,2024-12-24,South,Consumer,Technology,Accessories,Headset,2,236.61,0.2,378.58,56.3,CUST-0101
ORD-00255,2024-12-25,East,Corporate,Technology,Computers,Laptop,7,169.34,0.1,1066.84,213.16,CUST-0055
ORD-02771,2024-12-25,South,Consumer,Office Supplies,Paper,Notebooks,6,47.69,0.1,257.53,33.45,CUST-0093
ORD-05714,2024-12-25,Central,Consumer,Office Supplies,Binders,Binder,7,51.08,0.2,286.05,37.02,CUST-1169
ORD-00156,2024-12-26,West,Home Office,Office Supplies,Paper,Copy Paper,4,43.3,0.0,173.2,31.03,CUST-1162
ORD-00372,2024-12-26,East,Consumer,Technology,Phones,Phone A,7,275.67,0.0,1929.69,454.03,CUST-0838
ORD-04400,2024-12-27,Central,Consumer,Furniture,Chairs,Conference Chair,6,178.1,0.1,961.74,119.44,CUST-0438
ORD-03000,2024-12-27,South,Corporate,Technology,Accessories,Headset,5,192.34,0.0,961.7,215.69,CUST-0431
ORD-03929,2024-12-27,West,Consumer,Office Supplies,Storage,Storage Box,2,36.62,0.1,65.92,7.63,CUST-0983
ORD-00446,2024-12-27,West,Consumer,Furniture,Chairs,Task Chair,5,180.69,0.15,767.93,78.51,CUST-0856
ORD-02088,2024-12-27,West,Corporate,Technology,Phones,Phone B,4,254.46,0.1,916.06,203.27,CUST-0245
ORD-00237,2024-12-27,South,Consumer,Office Supplies,Storage,Organizer,5,59.02,0.15,250.84,31.11,CUST-0963
ORD-02242,2024-12-28,West,Consumer,Furniture,Tables,Desk,6,201.76,0.1,1089.5,145.32,CUST-0835
ORD-05889,2024-12-28,Central,Home Office,Furniture,Chairs,Conference Chair,3,172.5,0.1,465.75,55.68,CUST-0989
ORD-01648,2024-12-28,East,Corporate,Technology,Accessories,Keyboard,7,154.29,0.05,1026.03,217.7,CUST-0394
ORD-00479,2024-12-28,South,Consumer,Technology,Computers,Laptop,4,220.89,0.1,795.2,170.27,CUST-0273
ORD-02877,2024-12-29,Central,Corporate,Technology,Phones,Phone B,6,213.59,0.15,1089.31,212.49,CUST-0965
ORD-04489,2024-12-29,East,Consumer,Technology,Phones,Phone A,3,237.4,0.15,605.37,118.25,CUST-0601
ORD-00108,2024-12-29,Central,Consumer,Technology,Accessories,Keyboard,6,289.95,0.2,1391.76,241.77,CUST-0746
ORD-05298,2024-12-29,East,Consumer,Office Supplies,Paper,Labels,1,58.23,0.2,46.58,18.33,CUST-0125
ORD-00162,2024-12-29,South,Home Office,Technology,Accessories,Mouse,3,239.45,0.05,682.43,143.93,CUST-0046
ORD-04876,2024-12-29,East,Consumer,Office Supplies,Binders,File Folder,5,64.09,0.15,272.38,47.48,CUST-0867
ORD-04730,2024-12-30,East,Home Office,Office Supplies,Storage,Drawer Unit,5,46.48,0.2,185.92,32.79,CUST-0957
ORD-05369,2024-12-30,West,Home Office,Office Supplies,Binders,File Folder,3,58.52,0.25,131.67,16.94,CUST-0619
ORD-05218,2024-12-30,Central,Corporate,Office Supplies,Storage,Drawer Unit,6,53.76,0.1,290.3,60.13,CUST-0809
ORD-00819,2024-12-30,Central,Consumer,Technology,Computers,Laptop,3,271.91,0.0,815.73,190.55,CUST-0745
ORD-00822,2024-12-30,Central,Home Office,Technology,Computers,Monitor,3,225.49,0.1,608.82,126.76,CUST-1098
ORD-00311,2024-12-30,South,Consumer,Furniture,Tables,Meeting Table,5,131.42,0.25,492.82,44.02,CUST-0485
ORD-05870,2024-12-31,Central,Consumer,Office Supplies,Binders,Binder,1,73.11,0.0,73.11,2.7,CUST-0506
ORD-02563,2024-12-31,East,Consumer,Office Supplies,Storage,Storage Box,4,62.2,0.0,248.8,42.43,CUST-0861
ORD-05811,2024-12-31,South,Home Office,Office Supplies,Storage,Storage Box,7,56.6,0.05,376.39,82.47,CUST-0975
ORD-05447,2025-01-01,West,Corporate,Technology,Phones,Phone A,6,274.63,0.05,1565.39,343.4,CUST-0543
ORD-02084,2025-01-01,East,Corporate,Office Supplies,Paper,Copy Paper,7,43.41,0.0,303.87,62.13,CUST-0007
ORD-02102,2025-01-01,West,Consumer,Furniture,Bookcases,Bookcase,3,229.46,0.1,619.54,82.1,CUST-0759
ORD-05204,2025-01-01,Central,Corporate,Office Supplies,Binders,Presentation Binder,2,35.79,0.05,68.0,26.24,CUST-0833
ORD-00122,2025-01-02,West,Home Office,Furniture,Bookcases,Bookcase,6,217.56,0.1,1174.82,159.77,CUST-0684
ORD-03655,2025-01-02,West,Consumer,Office Supplies,Paper,Copy Paper,7,62.46,0.0,437.22,89.37,CUST-0072
ORD-03739,2025-01-02,South,Consumer,Technology,Phones,Phone B,5,258.3,0.1,1162.35,235.89,CUST-0466
ORD-02722,2025-01-02,East,Consumer,Technology,Accessories,Headset,3,206.65,0.15,526.96,98.26,CUST-0775
ORD-03159,2025-01-02,East,Consumer,Office Supplies,Paper,Labels,7,58.4,0.0,408.8,77.46,CUST-0278
ORD-01049,2025-01-02,West,Home Office,Office Supplies,Storage,Drawer Unit,5,59.11,0.2,236.44,32.57,CUST-0125
ORD-04305,2025-01-02,West,Corporate,Office Supplies,Storage,Drawer Unit,2,65.82,0.1,118.48,18.46,CUST-0748
ORD-02616,2025-01-03,East,Consumer,Office Supplies,Storage,Organizer,5,55.16,0.2,220.64,15.55,CUST-0619
ORD-05259,2025-01-03,Central,Consumer,Technology,Computers,Desktop,6,245.63,0.2,1179.02,211.62,CUST-0360
ORD-04359,2025-01-03,East,Consumer,Office Supplies,Paper,Labels,3,49.67,0.05,141.56,28.46,CUST-0082
ORD-00859,2025-01-03,Central,Consumer,Office Supplies,Storage,Storage Box,4,36.3,0.05,137.94,38.68,CUST-0221
ORD-01132,2025-01-04,Central,Consumer,Office Supplies,Binders,Binder,5,43.06,0.0,215.3,28.75,CUST-0628
ORD-00080,2025-01-04,East,Consumer,Technology,Accessories,Keyboard,5,241.93,0.05,1149.17,249.99,CUST-0548
ORD-01613,2025-01-04,Central,Home Office,Technology,Computers,Laptop,5,250.12,0.25,937.95,164.51,CUST-0143
ORD-03983,2025-01-05,East,Corporate,Technology,Computers,Monitor,1,239.69,0.1,215.72,53.77,CUST-0280
ORD-05376,2025-01-05,Central,Consumer,Technology,Phones,Phone C,6,242.43,0.15,1236.39,239.79,CUST-0512
ORD-00736,2025-01-05,South,Corporate,Office Supplies,Paper,Labels,7,70.33,0.15,418.46,57.48,CUST-1050
ORD-03193,2025-01-05,East,Consumer,Technology,Computers,Desktop,7,289.22,0.1,1822.09,361.16,CUST-1102
ORD-00641,2025-01-05,East,Corporate,Technology,Computers,Monitor,7,241.06,0.1,1518.68,308.87,CUST-0011
ORD-00283,2025-01-05,East,Consumer,Office Supplies,Storage,Drawer Unit,2,49.65,0.15,84.4,13.46,CUST-0852
ORD-02280,2025-01-06,Central,Consumer,Technology,Phones,Phone C,6,171.32,0.05,976.52,214.03,CUST-1115
ORD-02659,2025-01-06,East,Consumer,Technology,Accessories,Keyboard,5,161.7,0.25,606.38,102.28,CUST-0336
ORD-01427,2025-01-06,East,Consumer,Technology,Accessories,Mouse,1,279.87,0.0,279.87,69.94,CUST-0836
ORD-00312,2025-01-06,South,Corporate,Office Supplies,Paper,Copy Paper,7,56.91,0.0,398.37,69.42,CUST-0430
ORD-03375,2025-01-06,West,Consumer,Technology,Accessories,Mouse,1,204.67,0.0,204.67,56.15,CUST-0751
ORD-04879,2025-01-06,South,Corporate,Technology,Computers,Monitor,3,170.17,0.1,459.46,90.14,CUST-0131
ORD-03002,2025-01-06,East,Consumer,Office Supplies,Binders,Presentation Binder,1,37.46,0.1,33.71,13.79,CUST-0147
ORD-01306,2025-01-06,East,Corporate,Office Supplies,Paper,Copy Paper,5,61.24,0.1,275.58,51.15,CUST-1104
ORD-02932,2025-01-07,East,Corporate,Furniture,Bookcases,Bookcase,3,129.59,0.15,330.45,39.83,CUST-0633
ORD-05403,2025-01-07,Central,Home Office,Technology,Accessories,Headset,7,138.99,0.2,778.34,144.03,CUST-0081
ORD-01813,2025-01-08,West,Consumer,Office Supplies,Binders,Binder,1,56.43,0.1,50.79,22.35,CUST-0988
ORD-05828,2025-01-08,South,Consumer,Office Supplies,Binders,Binder,2,48.0,0.2,76.8,18.04,CUST-0124
ORD-05848,2025-01-08,Central,Consumer,Furniture,Tables,Side Table,7,194.53,0.25,1021.28,84.99,CUST-0790
ORD-02817,2025-01-08,West,Corporate,Furniture,Chairs,Task Chair,5,196.21,0.25,735.79,78.54,CUST-0008
ORD-03984,2025-01-08,Central,Corporate,Technology,Phones,Phone B,3,226.2,0.2,542.88,100.66,CUST-0646
ORD-05518,2025-01-08,East,Consumer,Office Supplies,Paper,Labels,6,75.93,0.0,455.58,75.74,CUST-0594
ORD-01424,2025-01-09,East,Consumer,Furniture,Bookcases,Storage Cabinet,3,173.02,0.2,415.25,41.48,CUST-0169
ORD-03610,2025-01-09,East,Home Office,Office Supplies,Paper,Notebooks,1,49.46,0.25,37.1,6.94,CUST-0246
ORD-03813,2025-01-09,West,Consumer,Office Supplies,Storage,Organizer,1,65.29,0.15,55.5,1.56,CUST-0468
ORD-02112,2025-01-09,Central,Consumer,Office Supplies,Paper,Labels,1,65.51,0.1,58.96,14.36,CUST-1071
ORD-01071,2025-01-09,West,Consumer,Technology,Accessories,Headset,2,149.0,0.15,253.3,51.44,CUST-0862
ORD-04170,2025-01-09,East,Consumer,Furniture,Chairs,Task Chair,2,174.81,0.1,314.66,48.11,CUST-0578
ORD-01329,2025-01-09,South,Consumer,Technology,Accessories,Keyboard,6,225.02,0.1,1215.11,254.85,CUST-1085
ORD-05643,2025-01-09,East,Corporate,Furniture,Tables,Meeting Table,7,169.76,0.1,1069.49,142.5,CUST-0624
ORD-01274,2025-01-10,South,Consumer,Furniture,Chairs,Conference Chair,2,227.48,0.1,409.46,38.63,CUST-0559
ORD-05536,2025-01-10,East,Corporate,Furniture,Chairs,Conference Chair,6,158.23,0.0,949.38,142.73,CUST-0765
ORD-03233,2025-01-11,South,Consumer,Office Supplies,Paper,Labels,7,62.44,0.05,415.23,60.69,CUST-0506
ORD-02438,2025-01-11,East,Consumer,Furniture,Chairs,Office Chair,3,184.49,0.15,470.45,58.92,CUST-0293
ORD-05129,2025-01-11,Central,Home Office,Technology,Accessories,Keyboard,7,212.95,0.0,1490.65,353.67,CUST-0430
ORD-00049,2025-01-12,South,Home Office,Furniture,Tables,Desk,1,198.78,0.2,159.02,23.01,CUST-0605
ORD-00416,2025-01-12,East,Corporate,Technology,Computers,Desktop,3,175.81,0.05,501.06,127.14,CUST-0069
ORD-03206,2025-01-12,Central,Corporate,Furniture,Tables,Side Table,5,213.71,0.25,801.41,67.99,CUST-0659
ORD-01298,2025-01-12,Central,Consumer,Office Supplies,Binders,File Folder,7,35.14,0.2,196.78,32.35,CUST-0229
ORD-01668,2025-01-12,West,Consumer,Furniture,Chairs,Office Chair,6,218.28,0.0,1309.68,208.72,CUST-0799
ORD-00257,2025-01-12,East,Consumer,Office Supplies,Binders,File Folder,1,60.07,0.05,57.07,10.6,CUST-0379
ORD-05124,2025-01-13,East,Consumer,Office Supplies,Storage,Storage Box,5,74.47,0.15,316.5,45.77,CUST-0355
ORD-03767,2025-01-13,South,Consumer,Technology,Phones,Phone C,7,229.8,0.1,1447.74,275.77,CUST-0124
ORD-03390,2025-01-13,East,Corporate,Office Supplies,Storage,Storage Box,7,56.37,0.05,374.86,62.06,CUST-0027
ORD-03519,2025-01-13,East,Consumer,Furniture,Bookcases,Storage Cabinet,2,163.84,0.05,311.3,56.65,CUST-0683
ORD-02034,2025-01-13,West,Consumer,Furniture,Chairs,Task Chair,5,163.21,0.05,775.25,101.69,CUST-0164
ORD-04999,2025-01-13,East,Consumer,Office Supplies,Storage,Storage Box,1,51.65,0.0,51.65,12.66,CUST-0243
ORD-04201,2025-01-13,West,Corporate,Office Supplies,Storage,Drawer Unit,4,54.2,0.15,184.28,39.29,CUST-0850
ORD-04924,2025-01-14,Central,Home Office,Furniture,Bookcases,Shelf Unit,7,114.76,0.1,722.99,94.3,CUST-0511
ORD-02468,2025-01-14,East,Consumer,Furniture,Tables,Meeting Table,6,213.84,0.05,1218.89,175.68,CUST-0560
ORD-05644,2025-01-14,West,Corporate,Furniture,Tables,Meeting Table,3,127.69,0.0,383.07,65.57,CUST-0596
ORD-00711,2025-01-14,South,Corporate,Office Supplies,Binders,Binder,2,61.38,0.25,92.07,29.14,CUST-0801
ORD-05598,2025-01-14,Central,Consumer,Furniture,Chairs,Office Chair,3,113.14,0.1,305.48,28.4,CUST-0041
ORD-01327,2025-01-14,East,Consumer,Furniture,Bookcases,Shelf Unit,5,178.89,0.05,849.73,96.08,CUST-1092
ORD-02632,2025-01-15,East,Consumer,Office Supplies,Paper,Notebooks,1,51.71,0.0,51.71,18.42,CUST-0742
ORD-04166,2025-01-15,West,Corporate,Furniture,Tables,Meeting Table,1,199.03,0.05,189.08,45.18,CUST-0613
ORD-05955,2025-01-15,West,Corporate,Technology,Computers,Laptop,6,231.5,0.05,1319.55,283.83,CUST-0379
ORD-00550,2025-01-16,South,Consumer,Office Supplies,Binders,File Folder,6,49.41,0.2,237.17,31.0,CUST-0420
ORD-00827,2025-01-16,East,Home Office,Furniture,Chairs,Conference Chair,1,119.4,0.0,119.4,28.25,CUST-0806
ORD-05919,2025-01-16,South,Corporate,Technology,Computers,Laptop,3,180.83,0.1,488.24,92.0,CUST-1004
ORD-02285,2025-01-16,East,Home Office,Office Supplies,Binders,File Folder,5,52.33,0.2,209.32,29.37,CUST-0361
ORD-03192,2025-01-16,East,Consumer,Technology,Phones,Phone A,5,267.33,0.1,1202.98,247.17,CUST-0211
ORD-03719,2025-01-17,Central,Consumer,Technology,Accessories,Mouse,6,177.96,0.2,854.21,153.0,CUST-0249
ORD-03829,2025-01-17,Central,Corporate,Office Supplies,Paper,Labels,7,45.66,0.15,271.68,39.52,CUST-1154
ORD-04822,2025-01-17,Central,Home Office,Technology,Computers,Laptop,1,264.71,0.1,238.24,48.83,CUST-1194
ORD-01973,2025-01-17,West,Home Office,Office Supplies,Storage,Organizer,5,49.93,0.05,237.17,46.74,CUST-0880
ORD-01703,2025-01-17,West,Consumer,Technology,Computers,Monitor,6,218.51,0.1,1179.95,232.88,CUST-0285
ORD-00098,2025-01-18,West,Consumer,Furniture,Chairs,Office Chair,7,310.9,0.05,2067.48,304.84,CUST-0838
ORD-01510,2025-01-18,West,Corporate,Technology,Accessories,Keyboard,5,241.66,0.2,966.64,154.91,CUST-0019
ORD-05023,2025-01-18,South,Corporate,Technology,Phones,Phone A,6,238.97,0.0,1433.82,336.0,CUST-0369
ORD-00060,2025-01-18,East,Home Office,Technology,Computers,Monitor,5,242.43,0.05,1151.54,254.1,CUST-1164
ORD-03612,2025-01-18,East,Consumer,Office Supplies,Binders,Binder,7,52.16,0.1,328.61,64.5,CUST-0668
ORD-04443,2025-01-18,Central,Consumer,Technology,Computers,Laptop,3,210.73,0.15,537.36,105.98,CUST-0366
ORD-01696,2025-01-18,Central,Consumer,Furniture,Chairs,Office Chair,6,157.05,0.05,895.18,129.74,CUST-0965
ORD-05004,2025-01-18,East,Consumer,Technology,Accessories,Mouse,5,226.51,0.15,962.67,175.09,CUST-0037
ORD-05854,2025-01-19,Central,Consumer,Furniture,Bookcases,Shelf Unit,1,171.4,0.2,137.12,8.9,CUST-0314
ORD-00191,2025-01-19,East,Consumer,Technology,Phones,Phone C,1,268.34,0.0,268.34,69.67,CUST-0395
ORD-02267,2025-01-19,West,Corporate,Technology,Phones,Phone B,7,130.88,0.2,732.93,131.21,CUST-0585
ORD-05670,2025-01-19,South,Consumer,Furniture,Tables,Desk,6,172.18,0.15,878.12,96.23,CUST-0463
ORD-05723,2025-01-19,Central,Corporate,Technology,Accessories,Headset,2,103.58,0.15,176.09,37.84,CUST-1087
ORD-04215,2025-01-20,South,Corporate,Furniture,Tables,Desk,5,100.59,0.15,427.51,49.66,CUST-0828
ORD-00813,2025-01-20,Central,Corporate,Technology,Computers,Monitor,2,143.49,0.0,286.98,75.23,CUST-0423
ORD-01780,2025-01-20,Central,Consumer,Technology,Computers,Laptop,3,267.14,0.15,681.21,118.51,CUST-0759
ORD-04732,2025-01-20,West,Consumer,Technology,Computers,Monitor,1,290.56,0.15,246.98,54.96,CUST-1148
ORD-03576,2025-01-21,Central,Consumer,Furniture,Tables,Desk,4,193.13,0.05,733.89,111.72,CUST-0704
ORD-00788,2025-01-21,East,Consumer,Technology,Phones,Phone C,7,233.95,0.15,1392.0,268.1,CUST-0240
ORD-04037,2025-01-21,East,Home Office,Technology,Phones,Phone A,2,204.22,0.2,326.75,64.05,CUST-0365
ORD-02136,2025-01-21,West,Home Office,Office Supplies,Storage,Storage Box,7,37.27,0.05,247.85,43.9,CUST-0426
ORD-00636,2025-01-21,East,Consumer,Office Supplies,Binders,Binder,7,78.8,0.05,524.02,87.22,CUST-0106
ORD-00075,2025-01-22,South,Corporate,Furniture,Chairs,Office Chair,3,115.09,0.1,310.74,45.76,CUST-0345
ORD-00615,2025-01-22,Central,Consumer,Furniture,Chairs,Conference Chair,7,172.85,0.2,967.96,94.26,CUST-1080
ORD-02256,2025-01-22,South,Consumer,Furniture,Chairs,Conference Chair,3,203.6,0.1,549.72,67.82,CUST-0413
ORD-05574,2025-01-22,West,Consumer,Office Supplies,Binders,Binder,6,57.82,0.25,260.19,27.23,CUST-0009
ORD-01547,2025-01-23,South,Corporate,Technology,Computers,Desktop,1,295.76,0.0,295.76,58.51,CUST-0125
ORD-04020,2025-01-23,Central,Consumer,Technology,Computers,Desktop,4,146.61,0.1,527.8,109.68,CUST-0208
ORD-01062,2025-01-23,Central,Consumer,Technology,Computers,Monitor,5,217.52,0.15,924.46,175.59,CUST-0841
ORD-03797,2025-01-23,Central,Home Office,Technology,Phones,Phone B,5,272.41,0.2,1089.64,181.22,CUST-1163
ORD-05402,2025-01-24,East,Consumer,Furniture,Chairs,Office Chair,6,131.69,0.0,790.14,121.72,CUST-0687
ORD-05913,2025-01-24,Central,Corporate,Furniture,Bookcases,Storage Cabinet,3,213.94,0.2,513.46,43.44,CUST-0805
ORD-04672,2025-01-25,East,Home Office,Technology,Accessories,Mouse,6,229.8,0.0,1378.8,309.21,CUST-1110
ORD-04013,2025-01-25,East,Home Office,Furniture,Tables,Side Table,6,126.33,0.05,720.08,111.3,CUST-1118
ORD-03588,2025-01-25,South,Consumer,Technology,Accessories,Keyboard,6,246.33,0.15,1256.28,229.78,CUST-0458
ORD-05323,2025-01-25,East,Home Office,Office Supplies,Storage,Organizer,7,46.64,0.05,310.16,47.29,CUST-0111
ORD-00587,2025-01-25,West,Consumer,Technology,Accessories,Headset,2,285.13,0.0,570.26,130.78,CUST-0218
ORD-01149,2025-01-25,West,Consumer,Technology,Computers,Desktop,6,221.82,0.0,1330.92,297.23,CUST-0055
ORD-03573,2025-01-25,Central,Corporate,Furniture,Tables,Side Table,4,214.56,0.1,772.42,125.58,CUST-0950
ORD-03268,2025-01-26,South,Consumer,Furniture,Chairs,Task Chair,5,164.8,0.0,824.0,134.28,CUST-0994
ORD-02718,2025-01-26,South,Corporate,Furniture,Bookcases,Shelf Unit,5,178.64,0.15,759.22,86.47,CUST-0876
ORD-05066,2025-01-26,East,Corporate,Furniture,Tables,Meeting Table,4,184.17,0.0,736.68,118.06,CUST-0565
ORD-04029,2025-01-26,Central,Consumer,Technology,Computers,Desktop,6,211.14,0.05,1203.5,255.81,CUST-0154
ORD-00941,2025-01-27,East,Home Office,Furniture,Bookcases,Bookcase,3,189.95,0.1,512.86,67.59,CUST-1061
ORD-01183,2025-01-27,Central,Consumer,Furniture,Bookcases,Bookcase,5,188.69,0.15,801.93,104.75,CUST-1049
ORD-04887,2025-01-27,West,Home Office,Technology,Phones,Phone C,6,207.69,0.25,934.6,155.5,CUST-0753
ORD-04856,2025-01-28,South,Corporate,Technology,Phones,Phone B,7,182.41,0.25,957.65,147.11,CUST-0705
ORD-04805,2025-01-28,East,Corporate,Technology,Accessories,Mouse,4,130.5,0.2,417.6,65.35,CUST-0275
ORD-05572,2025-01-28,South,Consumer,Technology,Accessories,Headset,6,368.75,0.25,1659.38,265.74,CUST-0185
ORD-02517,2025-01-28,East,Home Office,Furniture,Bookcases,Bookcase,5,139.23,0.1,626.54,63.73,CUST-0885
ORD-04571,2025-01-28,Central,Consumer,Office Supplies,Paper,Notebooks,3,54.83,0.0,164.49,42.26,CUST-0153
ORD-01614,2025-01-29,West,Consumer,Office Supplies,Paper,Notebooks,5,30.56,0.15,129.88,10.71,CUST-0779
ORD-04501,2025-01-29,West,Corporate,Office Supplies,Binders,File Folder,1,42.42,0.1,38.18,-0.65,CUST-0776
ORD-03976,2025-01-29,East,Consumer,Technology,Phones,Phone C,1,129.7,0.2,103.76,20.15,CUST-1086
ORD-05112,2025-01-29,East,Consumer,Furniture,Bookcases,Shelf Unit,3,170.65,0.15,435.16,51.64,CUST-1064
ORD-04591,2025-01-30,West,Consumer,Technology,Accessories,Headset,5,246.55,0.1,1109.48,243.27,CUST-0008
ORD-03608,2025-01-30,East,Home Office,Office Supplies,Storage,Organizer,7,35.32,0.05,234.88,34.9,CUST-1059
ORD-00422,2025-01-30,West,Consumer,Technology,Computers,Monitor,2,235.32,0.05,447.11,97.28,CUST-0870
ORD-05626,2025-01-30,East,Consumer,Technology,Phones,Phone A,7,257.68,0.25,1352.82,222.78,CUST-0241
ORD-04760,2025-01-30,Central,Consumer,Furniture,Bookcases,Storage Cabinet,3,195.55,0.1,527.99,73.63,CUST-1166
ORD-00666,2025-01-31,West,Corporate,Office Supplies,Storage,Organizer,4,46.34,0.15,157.56,26.09,CUST-0684
ORD-03877,2025-01-31,East,Corporate,Technology,Computers,Laptop,5,226.48,0.05,1075.78,219.61,CUST-0502
ORD-05357,2025-01-31,Central,Consumer,Technology,Phones,Phone C,1,180.37,0.0,180.37,29.6,CUST-0372
ORD-00175,2025-02-02,Central,Home Office,Technology,Computers,Laptop,6,192.19,0.0,1153.14,286.15,CUST-0305
ORD-04745,2025-02-02,South,Corporate,Technology,Phones,Phone B,7,273.05,0.1,1720.22,343.07,CUST-0700
ORD-00184,2025-02-02,East,Home Office,Furniture,Bookcases,Storage Cabinet,5,250.07,0.2,1000.28,114.67,CUST-0149
ORD-05154,2025-02-02,South,Consumer,Office Supplies,Binders,File Folder,7,46.71,0.25,245.23,24.14,CUST-1020
ORD-04493,2025-02-02,Central,Corporate,Technology,Phones,Phone B,4,224.85,0.2,719.52,119.66,CUST-0493
ORD-02075,2025-02-02,South,Home Office,Furniture,Chairs,Conference Chair,6,179.41,0.15,914.99,106.18,CUST-0890
ORD-04870,2025-02-03,Central,Home Office,Furniture,Bookcases,Storage Cabinet,4,241.16,0.05,916.41,143.1,CUST-0950
ORD-05860,2025-02-03,East,Consumer,Technology,Accessories,Headset,6,168.17,0.05,958.57,217.13,CUST-0630
ORD-00008,2025-02-03,East,Consumer,Office Supplies,Storage,Storage Box,3,45.45,0.1,122.72,25.46,CUST-1184
ORD-04683,2025-02-03,West,Consumer,Furniture,Tables,Side Table,6,111.82,0.05,637.37,88.11,CUST-0641
ORD-00875,2025-02-03,South,Consumer,Office Supplies,Paper,Copy Paper,3,52.46,0.0,157.38,24.86,CUST-0342
ORD-00866,2025-02-04,West,Consumer,Technology,Phones,Phone B,4,183.65,0.2,587.68,109.46,CUST-0826
ORD-01472,2025-02-04,East,Corporate,Office Supplies,Binders,File Folder,6,32.72,0.2,157.06,20.82,CUST-0614
ORD-04522,2025-02-04,West,Home Office,Office Supplies,Storage,Drawer Unit,1,48.46,0.15,41.19,-1.7,CUST-0688
ORD-05516,2025-02-04,Central,Corporate,Technology,Phones,Phone C,1,226.11,0.2,180.89,20.06,CUST-1186
ORD-03221,2025-02-05,West,Corporate,Office Supplies,Paper,Labels,4,41.95,0.1,151.02,11.64,CUST-0054
ORD-01733,2025-02-05,West,Corporate,Furniture,Chairs,Task Chair,7,160.3,0.2,897.68,95.58,CUST-1080
ORD-02501,2025-02-05,East,Consumer,Furniture,Tables,Meeting Table,2,85.3,0.0,170.6,25.36,CUST-1094
ORD-05269,2025-02-05,Central,Corporate,Technology,Phones,Phone C,4,245.65,0.1,884.34,182.05,CUST-0464
ORD-02375,2025-02-05,Central,Consumer,Furniture,Chairs,Task Chair,2,138.71,0.05,263.55,27.74,CUST-1028
ORD-00204,2025-02-05,Central,Consumer,Office Supplies,Binders,Binder,1,37.89,0.0,37.89,-1.28,CUST-0615
ORD-01303,2025-02-05,South,Corporate,Furniture,Bookcases,Bookcase,5,194.96,0.0,974.8,165.53,CUST-0532
ORD-00932,2025-02-05,Central,Corporate,Furniture,Chairs,Conference Chair,4,243.48,0.0,973.92,146.92,CUST-0489
ORD-00043,2025-02-06,Central,Consumer,Technology,Phones,Phone B,5,278.56,0.2,1114.24,195.12,CUST-0088
ORD-02211,2025-02-06,West,Corporate,Office Supplies,Paper,Notebooks,7,62.8,0.25,329.7,36.89,CUST-1066
ORD-02181,2025-02-06,Central,Consumer,Office Supplies,Paper,Labels,1,48.72,0.2,38.98,5.17,CUST-0411
ORD-00086,2025-02-06,West,Consumer,Office Supplies,Storage,Organizer,3,64.59,0.15,164.7,35.25,CUST-0254
ORD-02141,2025-02-07,Central,Consumer,Office Supplies,Binders,File Folder,5,52.55,0.15,223.34,39.85,CUST-0748
ORD-03105,2025-02-07,West,Corporate,Technology,Phones,Phone C,4,246.63,0.1,887.87,194.09,CUST-0862
ORD-01348,2025-02-07,South,Corporate,Office Supplies,Paper,Labels,5,48.57,0.05,230.71,32.15,CUST-0268
ORD-02120,2025-02-07,West,Corporate,Office Supplies,Storage,Storage Box,2,55.07,0.0,110.14,22.96,CUST-0143
ORD-00982,2025-02-08,West,Consumer,Technology,Phones,Phone B,6,182.7,0.0,1096.2,251.45,CUST-0124
ORD-05029,2025-02-08,South,Corporate,Office Supplies,Storage,Organizer,6,50.83,0.0,304.98,68.83,CUST-0954
ORD-01595,2025-02-08,East,Corporate,Furniture,Bookcases,Bookcase,5,134.46,0.15,571.46,66.18,CUST-0757
ORD-01194,2025-02-09,South,Consumer,Office Supplies,Binders,File Folder,4,53.8,0.1,193.68,54.34,CUST-0952
ORD-03933,2025-02-09,Central,Consumer,Furniture,Tables,Desk,3,157.2,0.1,424.44,46.63,CUST-0362
ORD-04568,2025-02-10,Central,Consumer,Technology,Computers,Desktop,5,224.55,0.25,842.06,132.55,CUST-0768
ORD-04533,2025-02-10,West,Consumer,Furniture,Tables,Side Table,6,244.21,0.05,1392.0,204.91,CUST-0309
ORD-00223,2025-02-10,Central,Consumer,Office Supplies,Storage,Organizer,4,59.81,0.0,239.24,49.95,CUST-0195
ORD-00110,2025-02-11,South,Consumer,Office Supplies,Paper,Labels,3,30.71,0.1,82.92,9.73,CUST-0839
ORD-03557,2025-02-11,South,Consumer,Furniture,Chairs,Conference Chair,1,305.41,0.25,229.06,18.87,CUST-0566
ORD-02155,2025-02-11,East,Consumer,Office Supplies,Binders,File Folder,3,43.63,0.15,111.26,18.38,CUST-0738
ORD-02842,2025-02-11,West,Home Office,Furniture,Tables,Desk,7,192.81,0.1,1214.7,164.56,CUST-1129
ORD-03005,2025-02-11,East,Consumer,Office Supplies,Paper,Copy Paper,7,51.92,0.0,363.44,66.97,CUST-1033
ORD-05822,2025-02-11,West,Corporate,Technology,Computers,Monitor,2,213.76,0.1,384.77,84.9,CUST-0506
ORD-03068,2025-02-11,East,Home Office,Furniture,Chairs,Task Chair,6,181.7,0.25,817.65,67.42,CUST-0883
ORD-04454,2025-02-11,Central,Consumer,Technology,Phones,Phone C,3,134.53,0.0,403.59,75.0,CUST-1119
ORD-04567,2025-02-11,East,Consumer,Office Supplies,Binders,File Folder,6,26.29,0.05,149.85,23.45,CUST-0349
ORD-01064,2025-02-12,Central,Consumer,Furniture,Chairs,Conference Chair,1,154.81,0.15,131.59,17.98,CUST-0661
ORD-01041,2025-02-12,West,Consumer,Office Supplies,Paper,Copy Paper,7,53.53,0.0,374.71,72.12,CUST-0527
ORD-02707,2025-02-12,South,Consumer,Furniture,Bookcases,Shelf Unit,1,210.02,0.25,157.52,16.76,CUST-0384
ORD-05207,2025-02-12,West,Corporate,Office Supplies,Binders,File Folder,2,60.91,0.2,97.46,3.12,CUST-0783
ORD-02774,2025-02-12,West,Corporate,Technology,Accessories,Mouse,1,275.62,0.25,206.72,43.42,CUST-0683
ORD-05478,2025-02-13,West,Home Office,Furniture,Chairs,Task Chair,3,162.35,0.05,462.7,63.82,CUST-0665
ORD-01539,2025-02-13,East,Consumer,Furniture,Bookcases,Shelf Unit,4,154.92,0.05,588.7,95.45,CUST-0301
ORD-04157,2025-02-13,South,Consumer,Office Supplies,Binders,Presentation Binder,2,62.29,0.0,124.58,26.41,CUST-1085
ORD-03065,2025-02-13,West,Consumer,Office Supplies,Paper,Copy Paper,7,38.97,0.1,245.51,41.1,CUST-0738
ORD-05779,2025-02-13,South,Home Office,Furniture,Tables,Desk,5,153.08,0.25,574.05,41.01,CUST-1063
ORD-05463,2025-02-14,Central,Corporate,Office Supplies,Paper,Copy Paper,6,54.99,0.2,263.95,37.48,CUST-0009
ORD-04695,2025-02-14,East,Consumer,Office Supplies,Binders,File Folder,3,52.68,0.1,142.24,15.64,CUST-1123
ORD-02820,2025-02-14,West,Consumer,Furniture,Tables,Side Table,6,143.64,0.1,775.66,110.14,CUST-1178
ORD-02799,2025-02-14,Central,Consumer,Technology,Computers,Laptop,5,280.26,0.2,1121.04,200.54,CUST-0645
ORD-01600,2025-02-15,West,Home Office,Office Supplies,Paper,Copy Paper,5,71.22,0.05,338.3,60.05,CUST-0225
ORD-03931,2025-02-15,East,Corporate,Office Supplies,Binders,Presentation Binder,4,54.62,0.1,196.63,23.59,CUST-1170
ORD-04584,2025-02-15,South,Corporate,Technology,Computers,Laptop,1,185.49,0.15,157.67,31.99,CUST-0403
ORD-03050,2025-02-15,West,Corporate,Furniture,Bookcases,Bookcase,2,161.84,0.1,291.31,35.0,CUST-0478
ORD-05840,2025-02-15,Central,Consumer,Office Supplies,Binders,Presentation Binder,3,50.32,0.0,150.96,20.26,CUST-0230
ORD-00906,2025-02-16,Central,Corporate,Technology,Accessories,Keyboard,3,208.07,0.25,468.16,82.2,CUST-1111
ORD-03681,2025-02-16,Central,Home Office,Office Supplies,Binders,Presentation Binder,7,48.28,0.1,304.16,53.33,CUST-0794
ORD-01045,2025-02-16,West,Consumer,Office Supplies,Storage,Storage Box,5,47.75,0.05,226.81,35.57,CUST-0997
ORD-05583,2025-02-16,West,Consumer,Technology,Phones,Phone A,3,187.89,0.05,535.49,119.61,CUST-0069
ORD-01317,2025-02-16,South,Consumer,Office Supplies,Binders,Binder,4,50.98,0.1,183.53,27.8,CUST-0841
ORD-05410,2025-02-16,Central,Corporate,Furniture,Chairs,Task Chair,5,168.3,0.15,715.28,82.14,CUST-0128
ORD-04555,2025-02-16,Central,Home Office,Technology,Phones,Phone C,2,287.96,0.05,547.12,107.89,CUST-1033
ORD-00541,2025-02-16,South,Home Office,Furniture,Tables,Side Table,1,189.83,0.1,170.85,19.66,CUST-0596
ORD-01894,2025-02-17,East,Consumer,Technology,Computers,Laptop,5,222.57,0.15,945.92,161.27,CUST-0044
ORD-02408,2025-02-17,East,Consumer,Technology,Accessories,Mouse,1,260.06,0.0,260.06,51.92,CUST-0972
ORD-05956,2025-02-17,West,Consumer,Office Supplies,Paper,Notebooks,5,63.56,0.15,270.13,50.25,CUST-1175
ORD-03490,2025-02-17,South,Consumer,Technology,Computers,Laptop,6,231.68,0.0,1390.08,318.15,CUST-0556
ORD-00892,2025-02-17,Central,Consumer,Furniture,Bookcases,Shelf Unit,7,155.44,0.25,816.06,63.81,CUST-0477
ORD-03135,2025-02-17,West,Home Office,Office Supplies,Storage,Drawer Unit,5,58.02,0.1,261.09,38.76,CUST-1047
ORD-04212,2025-02-17,South,Consumer,Technology,Accessories,Headset,6,95.65,0.15,487.82,102.11,CUST-0298
ORD-01077,2025-02-18,Central,Corporate,Technology,Phones,Phone A,1,114.39,0.0,114.39,17.3,CUST-0937
ORD-02245,2025-02-18,West,Corporate,Office Supplies,Paper,Labels,7,46.71,0.0,326.97,69.25,CUST-0384
ORD-04575,2025-02-18,East,Consumer,Office Supplies,Paper,Labels,2,76.33,0.2,122.13,0.62,CUST-0916
ORD-04519,2025-02-18,West,Consumer,Office Supplies,Storage,Storage Box,3,52.07,0.05,148.4,34.75,CUST-0489
ORD-03856,2025-02-18,West,Corporate,Furniture,Bookcases,Bookcase,5,153.73,0.2,614.92,68.91,CUST-0040
ORD-01522,2025-02-18,West,Corporate,Technology,Accessories,Keyboard,1,196.6,0.1,176.94,25.2,CUST-0737
ORD-03446,2025-02-19,East,Consumer,Technology,Phones,Phone C,4,216.61,0.0,866.44,204.85,CUST-0222
ORD-03870,2025-02-19,Central,Consumer,Technology,Accessories,Headset,7,126.86,0.25,666.02,103.92,CUST-1053
ORD-05875,2025-02-19,East,Consumer,Furniture,Tables,Desk,7,126.21,0.15,750.95,83.34,CUST-0834
ORD-03151,2025-02-20,South,Consumer,Office Supplies,Paper,Copy Paper,3,68.39,0.1,184.65,40.35,CUST-1115
ORD-01276,2025-02-20,East,Consumer,Technology,Computers,Monitor,1,249.12,0.0,249.12,54.03,CUST-0031
ORD-01197,2025-02-20,East,Consumer,Furniture,Tables,Side Table,3,63.39,0.2,152.14,20.59,CUST-0377
ORD-05281,2025-02-20,West,Consumer,Technology,Computers,Monitor,3,187.57,0.2,450.17,62.5,CUST-0700
ORD-04419,2025-02-20,West,Consumer,Technology,Computers,Desktop,4,132.8,0.15,451.52,79.76,CUST-0104
ORD-05575,2025-02-20,South,Consumer,Furniture,Chairs,Office Chair,4,191.4,0.2,612.48,73.4,CUST-0892
ORD-03554,2025-02-20,East,Consumer,Office Supplies,Storage,Organizer,4,48.28,0.2,154.5,14.69,CUST-0068
ORD-04287,2025-02-21,South,Home Office,Office Supplies,Storage,Storage Box,7,40.04,0.0,280.28,56.47,CUST-0787
ORD-02353,2025-02-21,Central,Consumer,Furniture,Tables,Side Table,7,216.57,0.0,1515.99,245.49,CUST-0422
ORD-05253,2025-02-21,Central,Corporate,Technology,Phones,Phone C,7,122.17,0.0,855.19,191.63,CUST-0299
ORD-04214,2025-02-21,Central,Consumer,Furniture,Chairs,Conference Chair,1,135.29,0.15,115.0,-4.02,CUST-0745
ORD-04165,2025-02-21,South,Consumer,Office Supplies,Storage,Storage Box,1,55.43,0.0,55.43,23.61,CUST-0971
ORD-02941,2025-02-22,Central,Consumer,Furniture,Bookcases,Bookcase,4,163.27,0.15,555.12,65.5,CUST-0157
ORD-02295,2025-02-22,Central,Consumer,Technology,Computers,Monitor,1,176.99,0.1,159.29,24.14,CUST-0351
ORD-02055,2025-02-22,South,Consumer,Furniture,Bookcases,Shelf Unit,5,276.87,0.15,1176.7,148.41,CUST-0277
ORD-03907,2025-02-22,Central,Corporate,Technology,Computers,Monitor,5,251.82,0.0,1259.1,295.84,CUST-0141
ORD-00430,2025-02-23,South,Home Office,Office Supplies,Binders,File Folder,7,32.8,0.15,195.16,18.91,CUST-0319
ORD-05958,2025-02-23,Central,Consumer,Furniture,Chairs,Conference Chair,1,235.79,0.1,212.21,32.05,CUST-1133
ORD-05009,2025-02-24,South,Home Office,Office Supplies,Storage,Organizer,5,49.8,0.2,199.2,28.57,CUST-0216
ORD-00177,2025-02-24,South,Consumer,Technology,Computers,Monitor,5,297.33,0.0,1486.65,332.15,CUST-0068
ORD-05282,2025-02-24,Central,Consumer,Furniture,Chairs,Task Chair,3,177.85,0.0,533.55,90.61,CUST-0179
ORD-04178,2025-02-24,South,Consumer,Technology,Computers,Laptop,4,188.71,0.15,641.61,118.24,CUST-1090
ORD-00212,2025-02-24,Central,Consumer,Technology,Phones,Phone B,4,229.86,0.05,873.47,177.95,CUST-0738
ORD-00015,2025-02-25,East,Home Office,Furniture,Bookcases,Shelf Unit,5,112.84,0.2,451.36,41.23,CUST-0168
ORD-05867,2025-02-25,East,Consumer,Technology,Computers,Laptop,1,187.95,0.0,187.95,50.2,CUST-0530
ORD-02131,2025-02-25,West,Consumer,Office Supplies,Paper,Notebooks,6,45.99,0.2,220.75,31.93,CUST-0697
ORD-01675,2025-02-25,Central,Home Office,Furniture,Tables,Meeting Table,4,173.93,0.15,591.36,82.62,CUST-0514
ORD-02981,2025-02-25,West,Consumer,Office Supplies,Paper,Notebooks,1,59.05,0.2,47.24,-0.08,CUST-0613
ORD-01332,2025-02-25,South,Home Office,Furniture,Chairs,Office Chair,7,191.76,0.05,1275.2,195.6,CUST-1121
ORD-04414,2025-02-25,Central,Consumer,Furniture,Tables,Meeting Table,7,103.54,0.1,652.3,83.76,CUST-0968
ORD-00774,2025-02-25,South,Consumer,Technology,Computers,Monitor,7,240.97,0.1,1518.11,294.23,CUST-0982
ORD-04864,2025-02-26,West,Consumer,Office Supplies,Paper,Labels,4,38.3,0.15,130.22,25.05,CUST-0746
ORD-05967,2025-02-26,West,Corporate,Furniture,Tables,Side Table,4,161.79,0.0,647.16,109.83,CUST-0763
ORD-05699,2025-02-26,East,Consumer,Office Supplies,Storage,Organizer,7,73.42,0.05,488.24,89.82,CUST-1122
ORD-02064,2025-02-27,East,Consumer,Furniture,Tables,Desk,2,211.84,0.0,423.68,80.36,CUST-1120
ORD-02969,2025-02-27,Central,Consumer,Technology,Computers,Monitor,5,169.36,0.0,846.8,203.14,CUST-1100
ORD-02985,2025-02-27,Central,Consumer,Furniture,Bookcases,Bookcase,6,192.77,0.1,1040.96,144.64,CUST-1048
ORD-00236,2025-02-27,East,Consumer,Office Supplies,Paper,Labels,6,60.66,0.05,345.76,58.52,CUST-0202
ORD-01750,2025-02-27,East,Consumer,Furniture,Chairs,Task Chair,4,275.89,0.05,1048.38,162.12,CUST-0924
ORD-02019,2025-02-27,Central,Consumer,Office Supplies,Storage,Drawer Unit,4,36.71,0.05,139.5,17.0,CUST-0605
ORD-03093,2025-02-27,Central,Consumer,Furniture,Bookcases,Shelf Unit,4,163.5,0.2,523.2,56.33,CUST-0283
ORD-04904,2025-02-28,Central,Consumer,Technology,Phones,Phone C,6,207.9,0.05,1185.03,267.66,CUST-0859
ORD-00395,2025-02-28,Central,Corporate,Technology,Computers,Laptop,7,303.59,0.0,2125.13,477.71,CUST-0001
ORD-01208,2025-02-28,East,Consumer,Technology,Accessories,Mouse,3,184.74,0.05,526.51,106.0,CUST-0640
ORD-01903,2025-02-28,East,Consumer,Furniture,Bookcases,Shelf Unit,4,167.61,0.2,536.35,60.15,CUST-0170
ORD-00727,2025-03-01,South,Consumer,Technology,Phones,Phone A,1,241.23,0.15,205.05,32.7,CUST-1004
ORD-03641,2025-03-01,East,Corporate,Technology,Phones,Phone B,7,187.71,0.0,1313.97,292.8,CUST-0167
ORD-04421,2025-03-01,East,Consumer,Office Supplies,Paper,Labels,6,57.8,0.15,294.78,40.23,CUST-1142
ORD-00225,2025-03-01,East,Consumer,Furniture,Chairs,Task Chair,1,218.53,0.2,174.82,23.92,CUST-0309
ORD-01641,2025-03-01,East,Corporate,Furniture,Chairs,Office Chair,5,160.66,0.0,803.3,137.32,CUST-0625
ORD-04386,2025-03-01,South,Consumer,Office Supplies,Paper,Notebooks,5,42.05,0.15,178.71,25.96,CUST-0711
ORD-02938,2025-03-02,West,Home Office,Furniture,Chairs,Office Chair,3,260.64,0.1,703.73,113.4,CUST-0618
ORD-00174,2025-03-02,South,Consumer,Office Supplies,Binders,Binder,7,68.65,0.1,432.5,69.2,CUST-0712
ORD-03400,2025-03-02,South,Corporate,Furniture,Bookcases,Storage Cabinet,1,147.5,0.15,125.38,11.85,CUST-0186
ORD-00697,2025-03-02,West,Consumer,Office Supplies,Binders,File Folder,5,73.76,0.1,331.92,58.26,CUST-1160
ORD-05167,2025-03-02,Central,Corporate,Technology,Accessories,Headset,6,199.83,0.15,1019.13,183.03,CUST-0605
ORD-03731,2025-03-02,South,Home Office,Office Supplies,Binders,File Folder,7,54.16,0.15,322.25,44.96,CUST-1172
ORD-02793,2025-03-02,East,Corporate,Technology,Accessories,Mouse,4,195.0,0.0,780.0,171.54,CUST-1111
ORD-00793,2025-03-02,East,Consumer,Office Supplies,Storage,Drawer Unit,2,51.44,0.1,92.59,18.1,CUST-0653
ORD-01119,2025-03-03,West,Consumer,Office Supplies,Storage,Organizer,7,61.98,0.15,368.78,41.19,CUST-0566
ORD-04946,2025-03-03,East,Corporate,Furniture,Bookcases,Bookcase,1,211.61,0.05,201.03,18.86,CUST-0194
ORD-02598,2025-03-03,West,Consumer,Office Supplies,Paper,Copy Paper,7,42.96,0.0,300.72,61.23,CUST-0923
ORD-03939,2025-03-03,East,Corporate,Technology,Computers,Laptop,2,234.99,0.1,422.98,94.77,CUST-0533
ORD-00681,2025-03-03,Central,Corporate,Furniture,Bookcases,Shelf Unit,3,130.35,0.15,332.39,10.8,CUST-0668
ORD-00461,2025-03-03,West,Home Office,Office Supplies,Binders,File Folder,3,46.77,0.1,126.28,26.18,CUST-0698
ORD-04538,2025-03-03,South,Home Office,Technology,Accessories,Headset,6,265.63,0.0,1593.78,373.06,CUST-0057
ORD-02855,2025-03-04,East,Consumer,Office Supplies,Storage,Organizer,1,67.92,0.0,67.92,18.6,CUST-0587
ORD-05504,2025-03-04,Central,Home Office,Office Supplies,Paper,Labels,1,37.75,0.15,32.09,3.14,CUST-0081
ORD-04690,2025-03-04,West,Consumer,Furniture,Chairs,Conference Chair,5,177.22,0.1,797.49,108.89,CUST-0243
ORD-02067,2025-03-05,Central,Home Office,Technology,Phones,Phone A,5,220.65,0.05,1048.09,223.14,CUST-0187
ORD-03836,2025-03-05,East,Consumer,Office Supplies,Paper,Copy Paper,3,54.92,0.1,148.28,25.92,CUST-0414
ORD-01598,2025-03-05,East,Consumer,Technology,Phones,Phone A,5,168.42,0.15,715.78,126.02,CUST-0111
ORD-01137,2025-03-05,West,Corporate,Office Supplies,Paper,Notebooks,6,74.88,0.0,449.28,83.71,CUST-0230
ORD-02859,2025-03-05,Central,Corporate,Technology,Phones,Phone C,5,282.43,0.1,1270.94,260.36,CUST-0205
ORD-04141,2025-03-06,West,Corporate,Office Supplies,Storage,Storage Box,4,53.15,0.2,170.08,28.42,CUST-0913
ORD-02018,2025-03-06,West,Consumer,Furniture,Tables,Side Table,5,187.46,0.1,843.57,120.43,CUST-0725
ORD-04852,2025-03-06,South,Consumer,Office Supplies,Paper,Notebooks,1,56.0,0.15,47.6,-2.07,CUST-1154
ORD-00676,2025-03-06,South,Consumer,Technology,Accessories,Mouse,4,314.79,0.25,944.37,145.79,CUST-0807
ORD-01670,2025-03-06,East,Consumer,Furniture,Tables,Desk,4,219.09,0.1,788.72,105.16,CUST-1040
ORD-04121,2025-03-06,West,Consumer,Technology,Phones,Phone C,6,235.15,0.05,1340.36,287.38,CUST-0052
ORD-03715,2025-03-06,Central,Consumer,Furniture,Bookcases,Storage Cabinet,7,145.39,0.1,915.96,118.82,CUST-0949
ORD-05135,2025-03-06,East,Corporate,Office Supplies,Binders,Binder,3,72.3,0.2,173.52,11.08,CUST-0941
ORD-04941,2025-03-07,East,Corporate,Office Supplies,Paper,Notebooks,2,56.54,0.15,96.12,8.87,CUST-0796
ORD-00318,2025-03-07,East,Consumer,Technology,Computers,Monitor,6,176.37,0.05,1005.31,217.0,CUST-0372
ORD-01879,2025-03-07,West,Consumer,Technology,Accessories,Headset,3,289.38,0.0,868.14,198.11,CUST-1093
ORD-01785,2025-03-08,South,Home Office,Furniture,Chairs,Office Chair,4,189.31,0.0,757.24,118.1,CUST-0619
ORD-02268,2025-03-08,South,Corporate,Technology,Phones,Phone B,3,213.71,0.05,609.07,129.24,CUST-0828
ORD-00713,2025-03-08,South,Home Office,Furniture,Tables,Meeting Table,7,181.44,0.0,1270.08,206.77,CUST-0783
ORD-04686,2025-03-08,South,Consumer,Technology,Computers,Laptop,3,226.5,0.1,611.55,125.01,CUST-0121
ORD-03047,2025-03-08,West,Corporate,Technology,Accessories,Keyboard,7,216.67,0.2,1213.35,227.34,CUST-0462
ORD-03953,2025-03-09,East,Consumer,Office Supplies,Binders,Presentation Binder,2,52.32,0.0,104.64,18.65,CUST-0126
ORD-04594,2025-03-09,South,Consumer,Technology,Accessories,Headset,6,216.59,0.1,1169.59,243.48,CUST-0917
ORD-00731,2025-03-09,South,Consumer,Furniture,Tables,Side Table,2,200.71,0.0,401.42,58.41,CUST-0550
ORD-03354,2025-03-09,West,Corporate,Furniture,Tables,Side Table,7,119.43,0.25,627.01,66.1,CUST-0831
ORD-03245,2025-03-09,East,Home Office,Technology,Computers,Laptop,1,246.68,0.1,222.01,41.21,CUST-1144
ORD-03934,2025-03-10,Central,Corporate,Office Supplies,Binders,Presentation Binder,2,67.76,0.05,128.74,8.18,CUST-0826
ORD-00760,2025-03-10,East,Consumer,Technology,Computers,Monitor,6,244.48,0.0,1466.88,343.24,CUST-0628
ORD-02691,2025-03-10,West,Consumer,Technology,Phones,Phone A,6,268.56,0.25,1208.52,205.78,CUST-0599
ORD-04600,2025-03-10,Central,Corporate,Furniture,Bookcases,Bookcase,6,160.21,0.05,913.2,132.69,CUST-0621
ORD-03280,2025-03-10,East,Corporate,Technology,Computers,Monitor,1,261.78,0.1,235.6,44.69,CUST-1114
ORD-05294,2025-03-10,East,Home Office,Technology,Phones,Phone A,5,150.85,0.1,678.82,144.76,CUST-0279
ORD-05407,2025-03-11,East,Consumer,Furniture,Bookcases,Bookcase,7,144.76,0.1,911.99,119.2,CUST-0344
ORD-02573,2025-03-11,West,Consumer,Furniture,Chairs,Office Chair,6,158.99,0.05,906.24,130.9,CUST-0357
ORD-01033,2025-03-11,Central,Corporate,Technology,Computers,Monitor,3,364.98,0.1,985.45,201.49,CUST-0610
ORD-04133,2025-03-11,East,Consumer,Office Supplies,Paper,Labels,3,48.19,0.1,130.11,27.56,CUST-0284
ORD-02709,2025-03-11,East,Consumer,Office Supplies,Binders,File Folder,5,31.75,0.15,134.94,13.71,CUST-0923
ORD-00737,2025-03-11,East,Consumer,Furniture,Chairs,Conference Chair,4,175.1,0.0,700.4,105.14,CUST-0293
ORD-00317,2025-03-11,Central,Home Office,Office Supplies,Binders,Presentation Binder,2,53.45,0.1,96.21,-4.57,CUST-0463
ORD-01724,2025-03-12,Central,Consumer,Technology,Computers,Laptop,2,179.67,0.1,323.41,45.25,CUST-0751
ORD-03999,2025-03-12,South,Home Office,Furniture,Chairs,Conference Chair,4,184.38,0.15,626.89,76.76,CUST-0762
ORD-05616,2025-03-12,Central,Consumer,Technology,Accessories,Mouse,3,112.22,0.2,269.33,45.22,CUST-0908
ORD-03031,2025-03-13,West,Consumer,Technology,Computers,Monitor,5,215.73,0.0,1078.65,259.27,CUST-1143
ORD-01218,2025-03-13,East,Consumer,Furniture,Tables,Meeting Table,1,206.64,0.25,154.98,12.86,CUST-0206
ORD-01009,2025-03-14,East,Consumer,Furniture,Tables,Meeting Table,2,201.54,0.0,403.08,75.13,CUST-0649
ORD-05791,2025-03-14,South,Corporate,Office Supplies,Binders,Binder,1,52.15,0.2,41.72,16.08,CUST-1185
ORD-04279,2025-03-14,Central,Consumer,Furniture,Bookcases,Bookcase,1,197.03,0.0,197.03,30.66,CUST-0991
ORD-05191,2025-03-14,Central,Consumer,Technology,Computers,Laptop,5,245.43,0.1,1104.44,224.72,CUST-0444
ORD-03946,2025-03-14,Central,Consumer,Office Supplies,Binders,Binder,5,68.59,0.0,342.95,53.03,CUST-0740
ORD-02087,2025-03-14,South,Corporate,Furniture,Tables,Desk,6,187.81,0.0,1126.86,178.38,CUST-0899
ORD-01714,2025-03-14,South,Consumer,Furniture,Bookcases,Storage Cabinet,4,169.58,0.1,610.49,81.12,CUST-0751
ORD-03680,2025-03-14,West,Corporate,Furniture,Tables,Meeting Table,6,214.39,0.0,1286.34,218.15,CUST-0272
ORD-02965,2025-03-15,Central,Consumer,Furniture,Bookcases,Bookcase,4,176.71,0.05,671.5,93.68,CUST-0470
ORD-03851,2025-03-15,South,Corporate,Technology,Phones,Phone A,7,301.03,0.2,1685.77,282.76,CUST-1014
ORD-01232,2025-03-15,East,Corporate,Office Supplies,Paper,Notebooks,1,68.31,0.1,61.48,18.02,CUST-1198
ORD-04932,2025-03-15,Central,Corporate,Furniture,Bookcases,Storage Cabinet,3,265.53,0.0,796.59,131.51,CUST-0768
ORD-01573,2025-03-15,East,Consumer,Office Supplies,Storage,Storage Box,5,67.06,0.1,301.77,48.26,CUST-0195
ORD-03958,2025-03-15,Central,Consumer,Technology,Phones,Phone C,3,298.85,0.1,806.9,144.56,CUST-0935
ORD-00886,2025-03-16,East,Home Office,Furniture,Chairs,Office Chair,2,179.23,0.1,322.61,41.59,CUST-1164
ORD-03541,2025-03-16,South,Consumer,Office Supplies,Storage,Organizer,2,62.7,0.05,119.13,23.62,CUST-0634
ORD-01860,2025-03-16,East,Consumer,Office Supplies,Storage,Storage Box,4,50.65,0.0,202.6,30.28,CUST-0237
ORD-02400,2025-03-16,East,Home Office,Technology,Computers,Laptop,4,215.3,0.05,818.14,173.27,CUST-0670
ORD-02057,2025-03-16,West,Consumer,Office Supplies,Paper,Labels,6,54.97,0.0,329.82,48.44,CUST-0139
ORD-03473,2025-03-16,South,Consumer,Office Supplies,Paper,Copy Paper,5,39.7,0.25,148.88,23.27,CUST-0783
ORD-01349,2025-03-16,West,Consumer,Office Supplies,Paper,Labels,6,48.91,0.15,249.44,43.89,CUST-0101
ORD-04705,2025-03-16,West,Consumer,Furniture,Chairs,Task Chair,7,198.74,0.1,1252.06,168.32,CUST-0136
ORD-00662,2025-03-16,South,Corporate,Furniture,Bookcases,Bookcase,3,149.08,0.05,424.88,58.13,CUST-0805
ORD-00557,2025-03-17,West,Consumer,Office Supplies,Paper,Labels,7,51.29,0.2,287.22,33.35,CUST-0273
ORD-04669,2025-03-17,Central,Corporate,Office Supplies,Binders,Binder,6,50.43,0.25,226.94,31.17,CUST-0002
ORD-01591,2025-03-17,East,Consumer,Office Supplies,Binders,Binder,4,48.91,0.0,195.64,23.25,CUST-0784
ORD-00013,2025-03-17,Central,Home Office,Office Supplies,Paper,Notebooks,6,69.39,0.1,374.71,57.68,CUST-0329
ORD-01002,2025-03-18,West,Corporate,Furniture,Chairs,Task Chair,4,164.1,0.2,525.12,53.63,CUST-0612
ORD-05660,2025-03-18,West,Consumer,Office Supplies,Paper,Labels,6,48.21,0.2,231.41,20.92,CUST-1035
ORD-04091,2025-03-18,West,Consumer,Office Supplies,Paper,Notebooks,2,61.98,0.15,105.37,14.24,CUST-0020
ORD-00631,2025-03-18,East,Corporate,Furniture,Tables,Meeting Table,7,181.25,0.1,1141.88,151.43,CUST-0177
ORD-03388,2025-03-18,East,Corporate,Technology,Phones,Phone C,1,223.34,0.05,212.17,45.09,CUST-0233
ORD-03014,2025-03-18,Central,Consumer,Technology,Accessories,Mouse,2,186.25,0.05,353.88,62.48,CUST-0247
ORD-00377,2025-03-18,East,Home Office,Office Supplies,Paper,Labels,6,42.59,0.1,229.99,38.97,CUST-0189
ORD-00215,2025-03-18,East,Consumer,Technology,Accessories,Keyboard,4,173.56,0.0,694.24,147.8,CUST-0592
ORD-00757,2025-03-19,East,Corporate,Technology,Computers,Desktop,3,205.35,0.0,616.05,136.53,CUST-1065
ORD-04445,2025-03-19,East,Consumer,Technology,Phones,Phone A,4,254.98,0.0,1019.92,248.83,CUST-0223
ORD-02344,2025-03-19,Central,Consumer,Furniture,Tables,Meeting Table,3,163.01,0.2,391.22,37.28,CUST-1121
ORD-03229,2025-03-19,West,Home Office,Technology,Phones,Phone A,7,134.01,0.0,938.07,206.63,CUST-0862
ORD-04069,2025-03-19,West,Consumer,Office Supplies,Paper,Labels,1,45.82,0.05,43.53,0.29,CUST-0739
ORD-03650,2025-03-19,West,Consumer,Technology,Accessories,Keyboard,7,197.51,0.05,1313.44,281.97,CUST-1063
ORD-05873,2025-03-19,East,Home Office,Furniture,Chairs,Conference Chair,1,183.47,0.1,165.12,37.73,CUST-0825
ORD-00471,2025-03-20,West,Corporate,Technology,Computers,Laptop,1,213.24,0.2,170.59,19.83,CUST-0871
ORD-00805,2025-03-20,East,Consumer,Office Supplies,Storage,Storage Box,4,76.07,0.1,273.85,54.16,CUST-0783
ORD-00432,2025-03-20,Central,Consumer,Office Supplies,Storage,Storage Box,3,47.46,0.0,142.38,21.34,CUST-0462
ORD-00603,2025-03-20,West,Corporate,Office Supplies,Paper,Copy Paper,5,63.56,0.15,270.13,40.58,CUST-0884
ORD-01602,2025-03-20,South,Corporate,Technology,Accessories,Keyboard,2,302.78,0.15,514.73,91.58,CUST-1050
ORD-02058,2025-03-20,West,Consumer,Office Supplies,Storage,Storage Box,4,39.71,0.2,127.07,9.47,CUST-0533
ORD-00739,2025-03-20,South,Corporate,Technology,Accessories,Mouse,6,225.17,0.1,1215.92,254.43,CUST-1188
ORD-03267,2025-03-20,East,Consumer,Furniture,Bookcases,Shelf Unit,4,226.41,0.1,815.08,119.93,CUST-0558
ORD-03195,2025-03-21,East,Consumer,Technology,Phones,Phone B,6,225.21,0.15,1148.57,223.53,CUST-1126
ORD-05652,2025-03-21,South,Consumer,Furniture,Tables,Desk,1,192.87,0.15,163.94,22.81,CUST-0620
ORD-01449,2025-03-21,Central,Consumer,Technology,Accessories,Mouse,7,293.14,0.0,2051.98,461.48,CUST-1186
ORD-05372,2025-03-21,West,Consumer,Technology,Phones,Phone B,2,220.76,0.15,375.29,66.35,CUST-0006
ORD-05337,2025-03-21,South,Consumer,Furniture,Tables,Desk,4,138.93,0.25,416.79,39.71,CUST-0439
ORD-01282,2025-03-21,West,Home Office,Office Supplies,Storage,Storage Box,4,65.84,0.1,237.02,36.57,CUST-1117
ORD-01281,2025-03-21,East,Corporate,Office Supplies,Storage,Organizer,6,57.48,0.1,310.39,54.82,CUST-0111
ORD-01861,2025-03-21,West,Consumer,Office Supplies,Binders,Presentation Binder,7,59.56,0.0,416.92,74.55,CUST-0907
ORD-03930,2025-03-21,South,Corporate,Furniture,Tables,Side Table,5,182.79,0.15,776.86,90.76,CUST-0370
ORD-04307,2025-03-21,East,Home Office,Technology,Phones,Phone C,4,194.98,0.1,701.93,129.92,CUST-0967
ORD-05586,2025-03-21,West,Consumer,Technology,Accessories,Mouse,4,252.53,0.0,1010.12,246.18,CUST-0973
ORD-03849,2025-03-22,East,Consumer,Office Supplies,Binders,Binder,4,53.67,0.1,193.21,40.07,CUST-0076
ORD-05452,2025-03-22,East,Home Office,Furniture,Chairs,Conference Chair,4,217.24,0.05,825.51,118.73,CUST-1133
ORD-04339,2025-03-22,East,Corporate,Office Supplies,Storage,Storage Box,1,40.31,0.1,36.28,7.79,CUST-0380
ORD-02115,2025-03-23,East,Corporate,Technology,Computers,Monitor,5,168.72,0.1,759.24,160.99,CUST-1024
ORD-04193,2025-03-23,Central,Consumer,Furniture,Bookcases,Storage Cabinet,2,196.51,0.0,393.02,63.85,CUST-0560
ORD-01966,2025-03-23,East,Consumer,Office Supplies,Storage,Drawer Unit,5,48.84,0.15,207.57,48.22,CUST-0388
ORD-01722,2025-03-23,West,Consumer,Furniture,Tables,Meeting Table,6,134.4,0.05,766.08,119.14,CUST-0234
ORD-03263,2025-03-23,East,Consumer,Furniture,Bookcases,Storage Cabinet,3,190.92,0.0,572.76,97.58,CUST-0724
ORD-01394,2025-03-24,Central,Corporate,Office Supplies,Paper,Labels,2,45.31,0.1,81.56,20.04,CUST-0705
ORD-01036,2025-03-24,West,Home Office,Office Supplies,Storage,Drawer Unit,5,37.41,0.2,149.64,16.57,CUST-0619
ORD-05375,2025-03-24,Central,Consumer,Office Supplies,Paper,Labels,5,87.37,0.1,393.16,78.3,CUST-0269
ORD-01742,2025-03-25,East,Corporate,Furniture,Bookcases,Bookcase,1,172.99,0.1,155.69,33.33,CUST-0914
ORD-00059,2025-03-25,East,Consumer,Office Supplies,Storage,Storage Box,4,54.46,0.0,217.84,31.16,CUST-0085
ORD-02638,2025-03-25,Central,Corporate,Technology,Phones,Phone C,3,216.56,0.0,649.68,137.99,CUST-1133
ORD-03626,2025-03-25,South,Corporate,Technology,Accessories,Mouse,1,247.58,0.25,185.68,22.85,CUST-0696
ORD-05927,2025-03-25,Central,Consumer,Furniture,Chairs,Conference Chair,3,179.06,0.25,402.89,39.26,CUST-1154
ORD-01845,2025-03-25,West,Consumer,Office Supplies,Storage,Organizer,3,69.96,0.0,209.88,21.94,CUST-0828
ORD-01139,2025-03-26,Central,Consumer,Technology,Phones,Phone B,7,179.25,0.0,1254.75,278.81,CUST-1126
ORD-05891,2025-03-26,South,Home Office,Furniture,Tables,Side Table,3,132.08,0.25,297.18,27.08,CUST-0185
ORD-01513,2025-03-26,South,Consumer,Technology,Phones,Phone B,5,258.8,0.2,1035.2,182.11,CUST-0628
ORD-03494,2025-03-26,East,Corporate,Office Supplies,Binders,Presentation Binder,7,39.33,0.25,206.48,12.02,CUST-0523
ORD-05965,2025-03-26,West,Consumer,Office Supplies,Binders,File Folder,3,63.2,0.1,170.64,32.36,CUST-0330
ORD-03362,2025-03-27,Central,Consumer,Furniture,Bookcases,Bookcase,6,223.45,0.1,1206.63,156.83,CUST-0453
ORD-00062,2025-03-27,West,Home Office,Office Supplies,Storage,Drawer Unit,6,48.83,0.15,249.03,39.45,CUST-0989
ORD-05308,2025-03-27,Central,Home Office,Technology,Accessories,Keyboard,2,220.01,0.2,352.02,60.72,CUST-0737
ORD-03020,2025-03-27,South,Consumer,Furniture,Bookcases,Shelf Unit,1,201.78,0.25,151.34,21.82,CUST-0991
ORD-02172,2025-03-27,Central,Corporate,Office Supplies,Binders,Presentation Binder,4,69.87,0.25,209.61,10.53,CUST-0464
ORD-00878,2025-03-27,South,Home Office,Office Supplies,Paper,Labels,4,49.64,0.2,158.85,10.6,CUST-0946
ORD-05358,2025-03-28,East,Home Office,Office Supplies,Paper,Copy Paper,5,78.66,0.0,393.3,70.23,CUST-0935
ORD-00512,2025-03-28,Central,Consumer,Furniture,Chairs,Conference Chair,6,144.85,0.0,869.1,139.12,CUST-0073
ORD-04647,2025-03-28,East,Corporate,Office Supplies,Paper,Notebooks,2,62.53,0.05,118.81,2.99,CUST-0014
ORD-04815,2025-03-28,Central,Consumer,Office Supplies,Binders,Presentation Binder,3,72.35,0.25,162.79,23.05,CUST-0214
ORD-03472,2025-03-28,Central,Consumer,Office Supplies,Binders,Presentation Binder,2,28.91,0.0,57.82,10.36,CUST-0408
ORD-02403,2025-03-28,West,Consumer,Furniture,Bookcases,Shelf Unit,1,156.85,0.0,156.85,29.81,CUST-0389
ORD-02125,2025-03-28,Central,Home Office,Technology,Accessories,Mouse,1,238.66,0.0,238.66,38.06,CUST-1050
ORD-05971,2025-03-28,South,Corporate,Office Supplies,Storage,Storage Box,7,59.56,0.0,416.92,94.65,CUST-0098
ORD-04997,2025-03-29,East,Consumer,Furniture,Chairs,Task Chair,2,191.73,0.0,383.46,77.89,CUST-0262
ORD-00378,2025-03-29,South,Consumer,Technology,Accessories,Headset,2,196.46,0.1,353.63,75.21,CUST-0865
ORD-05126,2025-03-29,West,Home Office,Office Supplies,Binders,Binder,7,67.06,0.1,422.48,71.97,CUST-0190
ORD-02043,2025-03-29,West,Corporate,Technology,Accessories,Mouse,1,205.67,0.1,185.1,33.4,CUST-1185
ORD-00391,2025-03-29,East,Corporate,Furniture,Bookcases,Shelf Unit,5,126.44,0.1,568.98,70.06,CUST-0458
ORD-03252,2025-03-29,East,Consumer,Technology,Phones,Phone A,2,263.68,0.1,474.62,107.58,CUST-0945
ORD-01899,2025-03-29,South,Consumer,Office Supplies,Paper,Labels,6,64.31,0.1,347.27,49.61,CUST-0278
ORD-04202,2025-03-29,West,Consumer,Furniture,Chairs,Office Chair,6,180.7,0.0,1084.2,162.5,CUST-1031
ORD-02325,2025-03-29,East,Consumer,Technology,Phones,Phone A,7,153.21,0.05,1018.85,223.73,CUST-0474
ORD-03183,2025-03-29,South,Home Office,Furniture,Chairs,Conference Chair,3,211.88,0.0,635.64,94.96,CUST-0536
ORD-02987,2025-03-30,East,Consumer,Technology,Accessories,Headset,3,213.67,0.05,608.96,133.97,CUST-1052
ORD-03028,2025-03-30,East,Consumer,Technology,Computers,Laptop,4,196.8,0.15,669.12,116.99,CUST-1068
ORD-05718,2025-03-30,East,Corporate,Office Supplies,Storage,Organizer,6,55.18,0.15,281.42,39.08,CUST-0217
ORD-04778,2025-03-30,South,Home Office,Technology,Accessories,Mouse,4,232.99,0.0,931.96,207.2,CUST-0530
ORD-03076,2025-03-30,West,Home Office,Office Supplies,Paper,Copy Paper,7,49.84,0.1,313.99,53.74,CUST-0489
ORD-02294,2025-03-31,Central,Corporate,Technology,Computers,Laptop,4,259.7,0.1,934.92,190.32,CUST-0200
ORD-03167,2025-03-31,Central,Consumer,Office Supplies,Storage,Drawer Unit,3,46.26,0.2,111.02,29.25,CUST-0672
ORD-04470,2025-03-31,Central,Consumer,Technology,Computers,Laptop,1,276.48,0.15,235.01,41.54,CUST-0001
ORD-00463,2025-03-31,East,Consumer,Office Supplies,Storage,Storage Box,4,60.62,0.0,242.48,50.8,CUST-0093
ORD-00360,2025-03-31,Central,Consumer,Technology,Computers,Monitor,3,224.87,0.0,674.61,148.86,CUST-0591
ORD-03466,2025-04-01,South,Corporate,Furniture,Chairs,Office Chair,1,171.83,0.15,146.06,23.96,CUST-0498
ORD-03768,2025-04-01,West,Consumer,Office Supplies,Paper,Labels,6,62.16,0.2,298.37,41.56,CUST-0647
ORD-01234,2025-04-01,Central,Consumer,Furniture,Chairs,Conference Chair,6,83.08,0.1,448.63,49.86,CUST-0001
ORD-03366,2025-04-01,West,Home Office,Furniture,Tables,Meeting Table,1,166.91,0.05,158.56,25.41,CUST-1069
ORD-00895,2025-04-01,South,Consumer,Office Supplies,Paper,Labels,7,72.09,0.0,504.63,104.61,CUST-0378
ORD-02044,2025-04-01,West,Consumer,Technology,Phones,Phone B,4,196.98,0.05,748.52,153.36,CUST-0243
ORD-01984,2025-04-02,East,Consumer,Technology,Phones,Phone C,6,204.19,0.1,1102.63,222.19,CUST-0413
ORD-02352,2025-04-02,Central,Consumer,Furniture,Chairs,Conference Chair,1,149.15,0.0,149.15,23.17,CUST-1083
ORD-03457,2025-04-02,West,Consumer,Office Supplies,Binders,Presentation Binder,6,57.43,0.1,310.12,58.8,CUST-0537
ORD-05741,2025-04-02,East,Corporate,Furniture,Tables,Meeting Table,4,164.86,0.0,659.44,107.16,CUST-0565
ORD-03723,2025-04-02,West,Consumer,Office Supplies,Paper,Labels,2,38.55,0.25,57.82,6.1,CUST-0631
ORD-04559,2025-04-02,South,Home Office,Office Supplies,Paper,Labels,1,68.63,0.25,51.47,14.87,CUST-0936
ORD-02049,2025-04-03,East,Consumer,Furniture,Bookcases,Storage Cabinet,1,179.2,0.1,161.28,26.09,CUST-0788
ORD-02362,2025-04-03,East,Consumer,Technology,Computers,Monitor,5,243.81,0.0,1219.05,278.1,CUST-1109
ORD-02099,2025-04-03,South,Consumer,Office Supplies,Paper,Notebooks,1,67.41,0.1,60.67,7.19,CUST-1105
ORD-04534,2025-04-03,East,Home Office,Office Supplies,Binders,Presentation Binder,3,34.74,0.25,78.16,21.93,CUST-0753
ORD-03053,2025-04-03,South,Consumer,Office Supplies,Storage,Organizer,2,65.82,0.0,131.64,24.86,CUST-0385
ORD-05523,2025-04-03,South,Consumer,Furniture,Bookcases,Storage Cabinet,2,136.8,0.05,259.92,35.69,CUST-0897
ORD-03096,2025-04-03,West,Consumer,Technology,Phones,Phone C,4,266.85,0.0,1067.4,232.71,CUST-0546
ORD-03615,2025-04-03,South,Consumer,Furniture,Chairs,Task Chair,3,220.65,0.1,595.76,92.52,CUST-0232
ORD-04845,2025-04-03,East,Corporate,Office Supplies,Storage,Storage Box,5,76.81,0.25,288.04,35.05,CUST-0096
ORD-05146,2025-04-03,Central,Home Office,Office Supplies,Storage,Storage Box,2,26.69,0.1,48.04,5.54,CUST-0821
ORD-01667,2025-04-03,South,Consumer,Office Supplies,Paper,Copy Paper,1,49.22,0.1,44.3,1.34,CUST-0200
ORD-03585,2025-04-04,West,Corporate,Furniture,Bookcases,Bookcase,3,172.87,0.05,492.68,68.3,CUST-0347
ORD-04315,2025-04-04,West,Consumer,Furniture,Tables,Desk,4,164.81,0.05,626.28,94.04,CUST-0774
ORD-01378,2025-04-04,East,Consumer,Technology,Computers,Desktop,7,246.35,0.1,1552.0,328.22,CUST-0576
ORD-02348,2025-04-04,Central,Consumer,Furniture,Chairs,Task Chair,3,202.04,0.1,545.51,80.12,CUST-0180
ORD-05599,2025-04-05,West,Consumer,Office Supplies,Binders,Binder,6,79.55,0.0,477.3,96.84,CUST-0163
ORD-00493,2025-04-05,South,Home Office,Office Supplies,Binders,Binder,2,55.4,0.15,94.18,15.38,CUST-0985
ORD-05641,2025-04-05,West,Corporate,Office Supplies,Paper,Labels,3,35.6,0.2,85.44,29.32,CUST-1024
ORD-01065,2025-04-05,East,Corporate,Furniture,Chairs,Office Chair,5,193.56,0.15,822.63,117.17,CUST-1160
ORD-04806,2025-04-05,Central,Consumer,Office Supplies,Paper,Notebooks,5,54.46,0.2,217.84,31.42,CUST-0478
ORD-02503,2025-04-05,East,Consumer,Technology,Phones,Phone B,4,164.28,0.0,657.12,153.57,CUST-0858
ORD-05999,2025-04-05,South,Consumer,Office Supplies,Binders,Binder,5,68.46,0.25,256.72,22.81,CUST-0576
ORD-01790,2025-04-05,Central,Consumer,Technology,Computers,Laptop,5,242.02,0.15,1028.58,198.05,CUST-1159
ORD-05208,2025-04-05,West,Home Office,Furniture,Chairs,Office Chair,5,96.61,0.0,483.05,73.97,CUST-0892
ORD-05550,2025-04-06,Central,Consumer,Office Supplies,Paper,Notebooks,2,55.57,0.15,94.47,20.44,CUST-0348
ORD-03992,2025-04-06,East,Consumer,Furniture,Tables,Desk,4,129.68,0.2,414.98,45.89,CUST-0711
ORD-02514,2025-04-06,West,Consumer,Furniture,Tables,Desk,6,181.54,0.2,871.39,83.8,CUST-0515
ORD-01995,2025-04-06,Central,Home Office,Technology,Accessories,Keyboard,2,212.22,0.05,403.22,86.57,CUST-0780
ORD-03991,2025-04-06,East,Consumer,Furniture,Chairs,Office Chair,3,137.37,0.05,391.5,56.23,CUST-0062
ORD-03282,2025-04-07,East,Home Office,Technology,Computers,Monitor,6,174.21,0.0,1045.26,244.38,CUST-0951
ORD-02429,2025-04-07,South,Consumer,Furniture,Bookcases,Storage Cabinet,3,130.56,0.1,352.51,39.89,CUST-0216
ORD-03569,2025-04-07,Central,Home Office,Office Supplies,Storage,Storage Box,5,56.4,0.0,282.0,54.3,CUST-0377
ORD-04546,2025-04-07,West,Corporate,Office Supplies,Storage,Storage Box,1,49.86,0.2,39.89,1.93,CUST-0476
ORD-01098,2025-04-07,Central,Home Office,Technology,Accessories,Headset,4,279.56,0.05,1062.33,225.66,CUST-0646
ORD-04784,2025-04-08,East,Consumer,Technology,Phones,Phone C,7,217.8,0.05,1448.37,310.6,CUST-0358
ORD-02606,2025-04-08,Central,Consumer,Furniture,Chairs,Task Chair,3,272.88,0.0,818.64,133.33,CUST-0418
ORD-04880,2025-04-08,South,Consumer,Furniture,Tables,Desk,3,133.49,0.0,400.47,70.91,CUST-0644
ORD-03708,2025-04-08,West,Consumer,Technology,Phones,Phone C,6,320.09,0.05,1824.51,389.22,CUST-0789
ORD-04899,2025-04-09,South,Consumer,Technology,Computers,Desktop,3,299.61,0.05,853.89,172.85,CUST-0465
ORD-04337,2025-04-09,Central,Consumer,Office Supplies,Storage,Storage Box,6,67.38,0.05,384.07,66.97,CUST-0286
ORD-04264,2025-04-09,East,Consumer,Technology,Computers,Desktop,4,166.05,0.15,564.57,88.42,CUST-0592
ORD-01073,2025-04-09,West,Consumer,Furniture,Chairs,Conference Chair,6,161.12,0.0,966.72,155.15,CUST-0959
ORD-04604,2025-04-09,Central,Consumer,Furniture,Bookcases,Bookcase,1,177.77,0.15,151.1,-10.82,CUST-0914
ORD-04065,2025-04-09,West,Consumer,Furniture,Bookcases,Storage Cabinet,2,205.68,0.1,370.22,45.2,CUST-0868
ORD-00247,2025-04-10,West,Consumer,Office Supplies,Binders,Presentation Binder,4,47.9,0.05,182.02,35.33,CUST-0277
ORD-02605,2025-04-10,West,Consumer,Technology,Accessories,Keyboard,6,174.52,0.05,994.76,221.8,CUST-0059
ORD-04860,2025-04-10,Central,Home Office,Technology,Phones,Phone B,2,195.29,0.15,331.99,57.83,CUST-1002
ORD-02422,2025-04-10,West,Consumer,Furniture,Chairs,Office Chair,3,203.21,0.15,518.19,56.84,CUST-0497
ORD-05710,2025-04-10,West,Corporate,Office Supplies,Paper,Copy Paper,2,63.09,0.1,113.56,16.87,CUST-0977
ORD-00042,2025-04-10,South,Consumer,Office Supplies,Storage,Organizer,3,72.5,0.0,217.5,49.72,CUST-1191
ORD-05107,2025-04-11,East,Corporate,Furniture,Bookcases,Shelf Unit,4,216.99,0.1,781.16,118.01,CUST-0581
ORD-00234,2025-04-11,East,Home Office,Furniture,Tables,Desk,2,189.6,0.05,360.24,59.58,CUST-1200
ORD-01674,2025-04-11,West,Corporate,Furniture,Tables,Desk,7,133.07,0.05,884.92,139.39,CUST-0666
ORD-05669,2025-04-11,Central,Consumer,Technology,Computers,Laptop,3,292.98,0.1,791.05,168.91,CUST-0350
ORD-05689,2025-04-11,East,Corporate,Furniture,Tables,Side Table,4,179.89,0.05,683.58,92.03,CUST-0750
ORD-05687,2025-04-11,South,Consumer,Office Supplies,Storage,Organizer,3,71.62,0.0,214.86,41.03,CUST-0727
ORD-03784,2025-04-12,East,Consumer,Technology,Phones,Phone A,4,274.23,0.05,1042.07,218.47,CUST-0159
ORD-03346,2025-04-12,Central,Consumer,Technology,Phones,Phone A,4,251.58,0.0,1006.32,220.38,CUST-1123
ORD-02365,2025-04-12,South,Corporate,Office Supplies,Storage,Storage Box,7,35.75,0.25,187.69,18.5,CUST-0839
ORD-04239,2025-04-12,West,Consumer,Furniture,Bookcases,Bookcase,6,194.58,0.1,1050.73,128.93,CUST-0520
ORD-04043,2025-04-12,East,Consumer,Office Supplies,Paper,Copy Paper,2,67.94,0.0,135.88,22.09,CUST-1130
ORD-00051,2025-04-12,South,Consumer,Office Supplies,Paper,Labels,4,53.52,0.2,171.26,34.63,CUST-0472
ORD-03700,2025-04-12,Central,Consumer,Furniture,Tables,Side Table,4,138.25,0.0,553.0,96.41,CUST-0892
ORD-01301,2025-04-12,West,Consumer,Technology,Accessories,Headset,3,147.21,0.05,419.55,91.44,CUST-0937
ORD-01868,2025-04-12,East,Consumer,Furniture,Chairs,Task Chair,2,155.22,0.05,294.92,35.5,CUST-0285
ORD-05284,2025-04-12,West,Corporate,Technology,Computers,Desktop,4,199.76,0.05,759.09,159.9,CUST-0300
ORD-03634,2025-04-13,Central,Consumer,Technology,Phones,Phone B,2,213.77,0.1,384.79,86.2,CUST-0674
ORD-03048,2025-04-13,East,Consumer,Furniture,Chairs,Conference Chair,4,247.07,0.15,840.04,96.9,CUST-0381
ORD-03133,2025-04-13,Central,Consumer,Technology,Phones,Phone A,7,206.06,0.15,1226.06,228.11,CUST-0379
ORD-02783,2025-04-14,West,Corporate,Technology,Computers,Monitor,5,239.39,0.1,1077.25,212.46,CUST-0321
ORD-05571,2025-04-14,Central,Home Office,Furniture,Tables,Meeting Table,3,153.44,0.1,414.29,49.61,CUST-0180
ORD-01204,2025-04-14,Central,Consumer,Office Supplies,Binders,Binder,6,47.71,0.1,257.63,28.16,CUST-0543
ORD-00014,2025-04-14,Central,Consumer,Office Supplies,Paper,Copy Paper,2,77.43,0.0,154.86,35.8,CUST-0254
ORD-01275,2025-04-15,East,Consumer,Technology,Computers,Desktop,6,266.17,0.15,1357.47,270.8,CUST-0121
ORD-05319,2025-04-15,West,Corporate,Furniture,Chairs,Conference Chair,5,198.63,0.15,844.18,114.28,CUST-0736
ORD-04772,2025-04-15,East,Consumer,Technology,Phones,Phone C,7,232.16,0.0,1625.12,343.3,CUST-1115
ORD-02176,2025-04-15,East,Consumer,Furniture,Chairs,Task Chair,4,188.84,0.0,755.36,104.04,CUST-0831
ORD-00742,2025-04-15,East,Consumer,Furniture,Tables,Desk,4,180.97,0.1,651.49,85.37,CUST-0003
ORD-04629,2025-04-15,East,Home Office,Technology,Phones,Phone B,1,178.03,0.15,151.33,31.97,CUST-0710
ORD-01134,2025-04-16,West,Home Office,Technology,Accessories,Mouse,5,264.42,0.0,1322.1,310.26,CUST-1089
ORD-03906,2025-04-16,South,Home Office,Office Supplies,Storage,Organizer,4,45.48,0.15,154.63,16.13,CUST-0669
ORD-02943,2025-04-16,East,Consumer,Technology,Phones,Phone B,4,302.92,0.0,1211.68,284.98,CUST-0660
ORD-04733,2025-04-16,West,Consumer,Technology,Accessories,Headset,5,173.65,0.0,868.25,195.66,CUST-1065
ORD-02281,2025-04-16,South,Consumer,Technology,Computers,Monitor,3,328.28,0.15,837.11,162.88,CUST-0963
ORD-03145,2025-04-16,Central,Consumer,Office Supplies,Binders,Binder,4,74.74,0.05,284.01,47.46,CUST-0821
ORD-03112,2025-04-16,West,Consumer,Office Supplies,Paper,Notebooks,3,65.93,0.0,197.79,43.5,CUST-0468
ORD-01671,2025-04-16,East,Consumer,Office Supplies,Paper,Notebooks,4,45.3,0.1,163.08,25.87,CUST-0574
ORD-04841,2025-04-16,South,Consumer,Technology,Phones,Phone C,3,297.44,0.1,803.09,162.89,CUST-0546
ORD-02843,2025-04-17,East,Corporate,Office Supplies,Paper,Labels,4,41.97,0.05,159.49,20.22,CUST-0276
ORD-00714,2025-04-17,Central,Corporate,Office Supplies,Storage,Organizer,6,56.28,0.0,337.68,57.92,CUST-0805
ORD-04636,2025-04-17,East,Consumer,Office Supplies,Binders,Binder,4,37.6,0.1,135.36,18.68,CUST-1005
ORD-04576,2025-04-17,South,Corporate,Technology,Phones,Phone A,5,166.2,0.15,706.35,140.15,CUST-0728
ORD-00207,2025-04-17,East,Corporate,Furniture,Bookcases,Storage Cabinet,4,230.19,0.15,782.65,90.43,CUST-0748
ORD-04080,2025-04-17,South,Home Office,Furniture,Tables,Side Table,3,169.56,0.1,457.81,50.42,CUST-0062
ORD-04289,2025-04-17,Central,Corporate,Technology,Computers,Monitor,6,268.01,0.15,1366.85,255.41,CUST-0323
ORD-04423,2025-04-17,West,Home Office,Office Supplies,Paper,Copy Paper,5,48.72,0.1,219.24,23.0,CUST-0565
ORD-04846,2025-04-18,East,Consumer,Furniture,Bookcases,Shelf Unit,4,146.12,0.05,555.26,88.17,CUST-1101
ORD-01822,2025-04-18,East,Consumer,Office Supplies,Binders,File Folder,3,67.32,0.1,181.76,36.97,CUST-0447
ORD-03582,2025-04-18,Central,Consumer,Office Supplies,Binders,Presentation Binder,6,71.43,0.05,407.15,76.81,CUST-1122
ORD-00128,2025-04-18,East,Corporate,Technology,Accessories,Keyboard,7,162.93,0.05,1083.48,245.21,CUST-0794
ORD-00489,2025-04-18,East,Home Office,Furniture,Bookcases,Storage Cabinet,5,105.18,0.0,525.9,68.8,CUST-0205
ORD-02174,2025-04-18,East,Home Office,Technology,Phones,Phone A,2,192.98,0.2,308.77,61.97,CUST-0526
ORD-04053,2025-04-18,West,Consumer,Furniture,Bookcases,Bookcase,7,219.25,0.15,1304.54,151.44,CUST-0934
ORD-05488,2025-04-18,East,Corporate,Technology,Phones,Phone B,7,232.29,0.0,1626.03,374.29,CUST-0558
ORD-04278,2025-04-18,Central,Home Office,Furniture,Chairs,Conference Chair,3,224.02,0.1,604.85,76.85,CUST-0382
ORD-03187,2025-04-19,Central,Consumer,Furniture,Chairs,Task Chair,7,165.72,0.1,1044.04,136.91,CUST-0985
ORD-04747,2025-04-19,West,Home Office,Furniture,Tables,Meeting Table,5,173.98,0.05,826.4,124.42,CUST-0123
ORD-00423,2025-04-19,Central,Corporate,Furniture,Chairs,Office Chair,5,211.76,0.1,952.92,122.09,CUST-1166
ORD-00657,2025-04-19,East,Consumer,Technology,Computers,Monitor,4,183.9,0.0,735.6,161.09,CUST-0475
ORD-02107,2025-04-19,East,Corporate,Office Supplies,Paper,Notebooks,7,52.54,0.0,367.78,63.29,CUST-0813
ORD-05635,2025-04-20,East,Consumer,Technology,Accessories,Headset,6,199.84,0.15,1019.18,200.56,CUST-0996
ORD-04349,2025-04-20,East,Corporate,Office Supplies,Paper,Copy Paper,7,56.76,0.1,357.59,38.01,CUST-1084
ORD-04286,2025-04-20,South,Corporate,Office Supplies,Binders,Binder,5,40.22,0.05,191.04,33.87,CUST-0654
ORD-05698,2025-04-21,West,Home Office,Furniture,Tables,Desk,1,141.13,0.05,134.07,5.17,CUST-0723
ORD-03247,2025-04-21,South,Consumer,Office Supplies,Storage,Drawer Unit,5,46.21,0.05,219.5,40.79,CUST-1057
ORD-04709,2025-04-21,West,Home Office,Technology,Accessories,Headset,7,156.57,0.1,986.39,206.53,CUST-0361
ORD-02937,2025-04-21,East,Home Office,Technology,Computers,Laptop,3,127.78,0.15,325.84,58.5,CUST-0900
ORD-05182,2025-04-21,Central,Home Office,Office Supplies,Binders,File Folder,6,69.47,0.05,395.98,69.26,CUST-0912
ORD-00089,2025-04-21,West,Consumer,Technology,Phones,Phone B,1,247.35,0.0,247.35,49.23,CUST-0511
ORD-01148,2025-04-22,Central,Consumer,Technology,Phones,Phone B,4,216.7,0.1,780.12,149.28,CUST-0638
ORD-01775,2025-04-22,East,Consumer,Furniture,Bookcases,Bookcase,5,84.02,0.0,420.1,76.85,CUST-0872
ORD-02121,2025-04-22,Central,Home Office,Furniture,Tables,Meeting Table,5,176.26,0.0,881.3,147.51,CUST-0493
ORD-00320,2025-04-22,West,Consumer,Technology,Phones,Phone C,4,247.82,0.15,842.59,152.75,CUST-0832
ORD-04083,2025-04-23,South,Consumer,Office Supplies,Binders,File Folder,6,62.69,0.15,319.72,49.29,CUST-1076
ORD-03678,2025-04-23,South,Corporate,Technology,Phones,Phone B,2,309.15,0.2,494.64,96.73,CUST-1129
ORD-03203,2025-04-23,Central,Corporate,Technology,Phones,Phone B,5,224.13,0.15,952.55,192.7,CUST-0965
ORD-04306,2025-04-24,West,Consumer,Technology,Accessories,Keyboard,1,133.14,0.15,113.17,12.01,CUST-0560
ORD-03432,2025-04-24,West,Home Office,Furniture,Tables,Desk,3,250.99,0.1,677.67,72.5,CUST-1059
ORD-03627,2025-04-24,Central,Consumer,Furniture,Tables,Desk,4,132.27,0.25,396.81,34.09,CUST-0961
ORD-02922,2025-04-24,East,Corporate,Office Supplies,Binders,Binder,4,60.75,0.05,230.85,43.31,CUST-0682
ORD-01061,2025-04-24,South,Home Office,Furniture,Chairs,Conference Chair,4,133.08,0.0,532.32,80.95,CUST-1045
ORD-00645,2025-04-24,East,Home Office,Office Supplies,Paper,Copy Paper,1,72.95,0.05,69.3,5.19,CUST-0038
ORD-00911,2025-04-24,West,Consumer,Office Supplies,Binders,Binder,4,86.63,0.1,311.87,52.29,CUST-1141
ORD-02995,2025-04-24,Central,Consumer,Technology,Computers,Laptop,2,258.47,0.15,439.4,94.68,CUST-0233
ORD-05600,2025-04-24,West,Corporate,Furniture,Chairs,Task Chair,5,202.76,0.2,811.04,90.81,CUST-1025
ORD-03157,2025-04-24,West,Home Office,Office Supplies,Paper,Copy Paper,1,67.63,0.15,57.49,16.05,CUST-0630
ORD-04429,2025-04-24,Central,Consumer,Furniture,Chairs,Office Chair,7,186.62,0.1,1175.71,158.29,CUST-1168
ORD-05497,2025-04-24,East,Home Office,Office Supplies,Binders,Binder,7,53.59,0.0,375.13,80.11,CUST-0077
ORD-04298,2025-04-24,East,Consumer,Furniture,Tables,Side Table,3,226.92,0.15,578.65,57.21,CUST-0229
ORD-05047,2025-04-25,Central,Home Office,Office Supplies,Paper,Labels,3,40.6,0.15,103.53,3.08,CUST-0519
ORD-03226,2025-04-25,East,Consumer,Office Supplies,Binders,Presentation Binder,3,51.68,0.1,139.54,31.2,CUST-0919
ORD-04504,2025-04-25,West,Consumer,Office Supplies,Storage,Storage Box,4,69.8,0.0,279.2,55.75,CUST-0315
ORD-00173,2025-04-25,Central,Consumer,Furniture,Bookcases,Bookcase,6,183.51,0.05,1046.01,155.62,CUST-0467
ORD-03847,2025-04-25,East,Consumer,Office Supplies,Binders,Presentation Binder,7,42.9,0.2,240.24,48.78,CUST-0828
ORD-00864,2025-04-26,West,Home Office,Office Supplies,Storage,Storage Box,5,43.27,0.2,173.08,14.67,CUST-1092
ORD-04974,2025-04-26,East,Consumer,Office Supplies,Paper,Labels,4,55.34,0.1,199.22,36.95,CUST-0972
ORD-01058,2025-04-26,South,Consumer,Office Supplies,Storage,Drawer Unit,1,73.09,0.1,65.78,-1.38,CUST-0629
ORD-00370,2025-04-26,West,Corporate,Technology,Accessories,Keyboard,2,261.84,0.1,471.31,74.94,CUST-0683
ORD-05005,2025-04-26,Central,Consumer,Furniture,Chairs,Office Chair,2,180.69,0.05,343.31,56.26,CUST-0664
ORD-01691,2025-04-26,West,Home Office,Technology,Phones,Phone A,4,133.2,0.25,399.6,59.2,CUST-0222
ORD-01825,2025-04-26,West,Consumer,Technology,Accessories,Mouse,2,138.58,0.0,277.16,72.94,CUST-0288
ORD-01870,2025-04-26,Central,Home Office,Furniture,Chairs,Task Chair,6,165.59,0.15,844.51,93.34,CUST-0708
ORD-02575,2025-04-27,West,Corporate,Furniture,Tables,Desk,7,181.2,0.0,1268.4,195.8,CUST-1197
ORD-01278,2025-04-27,South,Consumer,Office Supplies,Storage,Organizer,4,54.96,0.15,186.86,33.65,CUST-0790
ORD-01558,2025-04-27,Central,Consumer,Furniture,Bookcases,Shelf Unit,2,199.54,0.2,319.26,33.42,CUST-0600
ORD-02447,2025-04-27,South,Corporate,Furniture,Tables,Desk,5,138.26,0.0,691.3,125.81,CUST-0410
ORD-05228,2025-04-27,East,Consumer,Office Supplies,Storage,Storage Box,4,65.09,0.2,208.29,31.49,CUST-0083
ORD-02212,2025-04-28,East,Corporate,Office Supplies,Storage,Organizer,1,64.49,0.1,58.04,1.47,CUST-0313
ORD-04276,2025-04-28,Central,Home Office,Technology,Phones,Phone A,7,270.58,0.15,1609.95,298.64,CUST-0998
ORD-00002,2025-04-28,Central,Consumer,Technology,Accessories,Headset,4,179.06,0.05,680.43,154.48,CUST-0601
ORD-05495,2025-04-28,Central,Consumer,Technology,Phones,Phone A,4,260.93,0.05,991.53,207.14,CUST-0579
ORD-03387,2025-04-28,East,Consumer,Office Supplies,Binders,Binder,3,59.27,0.25,133.36,26.53,CUST-0785
ORD-00734,2025-04-28,Central,Consumer,Office Supplies,Binders,Binder,6,64.21,0.15,327.47,61.47,CUST-0825
ORD-03544,2025-04-28,West,Consumer,Furniture,Chairs,Task Chair,7,141.67,0.0,991.69,160.19,CUST-0736
ORD-02320,2025-04-28,West,Consumer,Office Supplies,Storage,Organizer,2,58.53,0.0,117.06,26.41,CUST-1135
ORD-02662,2025-04-29,East,Consumer,Technology,Computers,Desktop,2,256.33,0.0,512.66,119.38,CUST-0801
ORD-01339,2025-04-29,West,Consumer,Furniture,Tables,Desk,5,211.41,0.05,1004.2,154.3,CUST-1186
ORD-03223,2025-04-30,Central,Corporate,Technology,Phones,Phone C,2,192.35,0.1,346.23,67.26,CUST-0948
ORD-01611,2025-04-30,South,Consumer,Furniture,Bookcases,Storage Cabinet,2,123.48,0.1,222.26,31.0,CUST-0476
ORD-03224,2025-04-30,East,Corporate,Office Supplies,Paper,Notebooks,5,49.59,0.1,223.16,33.75,CUST-0217
ORD-00836,2025-05-01,West,Consumer,Office Supplies,Storage,Storage Box,3,51.14,0.05,145.75,17.36,CUST-0176
ORD-05904,2025-05-01,West,Consumer,Office Supplies,Paper,Copy Paper,1,33.85,0.0,33.85,3.93,CUST-0904
ORD-01242,2025-05-01,South,Consumer,Office Supplies,Storage,Drawer Unit,3,52.46,0.15,133.77,31.6,CUST-0513
ORD-01914,2025-05-01,South,Corporate,Office Supplies,Binders,Binder,1,57.48,0.1,51.73,-1.61,CUST-0604
ORD-03866,2025-05-01,West,Home Office,Technology,Computers,Monitor,5,215.31,0.15,915.07,173.71,CUST-0710
ORD-05841,2025-05-02,East,Consumer,Furniture,Bookcases,Shelf Unit,2,152.98,0.15,260.07,28.94,CUST-0435
ORD-03001,2025-05-02,West,Consumer,Technology,Computers,Desktop,6,227.54,0.2,1092.19,195.51,CUST-0322
ORD-01469,2025-05-02,South,Consumer,Furniture,Tables,Meeting Table,6,170.29,0.1,919.57,141.53,CUST-0570
ORD-00815,2025-05-02,West,Home Office,Technology,Computers,Laptop,4,259.86,0.1,935.5,198.09,CUST-0483
ORD-00402,2025-05-02,South,Corporate,Furniture,Chairs,Task Chair,5,207.94,0.05,987.72,146.42,CUST-0491
ORD-02449,2025-05-02,West,Corporate,Furniture,Chairs,Conference Chair,7,178.19,0.15,1060.23,136.42,CUST-0614
ORD-04915,2025-05-02,South,Home Office,Technology,Computers,Monitor,5,159.87,0.0,799.35,189.52,CUST-1138
ORD-02096,2025-05-02,Central,Corporate,Office Supplies,Paper,Notebooks,1,60.73,0.1,54.66,5.96,CUST-1033
ORD-00602,2025-05-03,East,Consumer,Technology,Phones,Phone C,4,225.08,0.0,900.32,202.79,CUST-0224
ORD-00210,2025-05-03,East,Corporate,Office Supplies,Storage,Organizer,2,59.98,0.0,119.96,31.05,CUST-0560
ORD-01731,2025-05-03,West,Consumer,Technology,Computers,Laptop,4,183.77,0.05,698.33,146.64,CUST-0516
ORD-00050,2025-05-03,East,Consumer,Office Supplies,Binders,File Folder,7,55.96,0.0,391.72,78.41,CUST-0097
ORD-03429,2025-05-04,West,Home Office,Furniture,Tables,Side Table,1,245.09,0.15,208.33,11.18,CUST-0007
ORD-01313,2025-05-04,East,Corporate,Office Supplies,Storage,Storage Box,3,47.98,0.0,143.94,31.82,CUST-0764
ORD-01441,2025-05-04,East,Consumer,Technology,Accessories,Headset,2,245.11,0.1,441.2,92.65,CUST-0980
ORD-00598,2025-05-04,South,Consumer,Furniture,Bookcases,Bookcase,4,131.25,0.25,393.75,48.02,CUST-0511
ORD-03480,2025-05-04,West,Consumer,Technology,Phones,Phone A,1,264.71,0.05,251.47,71.07,CUST-0891
ORD-02858,2025-05-04,West,Consumer,Furniture,Tables,Desk,6,142.13,0.0,852.78,129.89,CUST-1152
ORD-00766,2025-05-05,South,Consumer,Technology,Phones,Phone B,5,262.12,0.15,1114.01,209.45,CUST-0892
ORD-00107,2025-05-05,West,Consumer,Furniture,Chairs,Conference Chair,3,135.57,0.2,325.37,39.0,CUST-1182
ORD-01498,2025-05-05,West,Corporate,Office Supplies,Binders,File Folder,2,76.82,0.15,130.59,17.49,CUST-0367
ORD-03350,2025-05-05,Central,Consumer,Technology,Phones,Phone A,4,255.63,0.05,971.39,203.47,CUST-0652
ORD-00112,2025-05-05,East,Consumer,Furniture,Tables,Desk,1,101.52,0.0,101.52,21.7,CUST-0912
ORD-02603,2025-05-05,South,Consumer,Technology,Computers,Monitor,2,197.66,0.05,375.55,79.43,CUST-1109
ORD-05019,2025-05-05,West,Consumer,Office Supplies,Paper,Labels,3,51.71,0.05,147.37,35.66,CUST-1116
ORD-05185,2025-05-05,West,Home Office,Technology,Accessories,Mouse,3,261.27,0.15,666.24,122.4,CUST-0154
ORD-04225,2025-05-06,Central,Corporate,Technology,Phones,Phone C,1,198.82,0.2,159.06,18.86,CUST-0025
ORD-02988,2025-05-06,West,Consumer,Technology,Accessories,Keyboard,6,157.52,0.2,756.1,130.3,CUST-0870
ORD-00025,2025-05-06,West,Corporate,Office Supplies,Paper,Labels,4,56.13,0.1,202.07,34.25,CUST-0890
ORD-03565,2025-05-06,West,Consumer,Furniture,Chairs,Task Chair,5,139.51,0.1,627.79,80.97,CUST-0924
ORD-00806,2025-05-06,East,Home Office,Office Supplies,Binders,Binder,5,39.48,0.2,157.92,19.73,CUST-0908
ORD-05074,2025-05-06,West,Corporate,Technology,Phones,Phone C,5,244.58,0.15,1039.47,205.62,CUST-0819
ORD-04072,2025-05-07,East,Consumer,Office Supplies,Paper,Copy Paper,4,51.67,0.05,196.35,38.32,CUST-0642
ORD-04953,2025-05-07,South,Home Office,Furniture,Tables,Side Table,4,217.67,0.05,827.15,115.86,CUST-0690
ORD-00278,2025-05-07,West,Consumer,Office Supplies,Paper,Copy Paper,1,48.26,0.15,41.02,1.09,CUST-0493
ORD-05492,2025-05-07,South,Corporate,Furniture,Bookcases,Bookcase,4,174.22,0.05,662.04,94.99,CUST-0491
ORD-00690,2025-05-07,West,Consumer,Office Supplies,Storage,Storage Box,7,50.43,0.0,353.01,71.64,CUST-0726
ORD-01212,2025-05-07,West,Consumer,Furniture,Bookcases,Bookcase,1,217.91,0.0,217.91,29.12,CUST-0577
ORD-03074,2025-05-07,East,Consumer,Furniture,Bookcases,Shelf Unit,2,122.88,0.1,221.18,27.11,CUST-0230
ORD-03326,2025-05-08,East,Consumer,Furniture,Bookcases,Shelf Unit,5,206.66,0.15,878.3,99.84,CUST-0144
ORD-05371,2025-05-08,West,Corporate,Furniture,Bookcases,Storage Cabinet,7,189.58,0.05,1260.71,186.84,CUST-0465
ORD-01726,2025-05-08,West,Home Office,Furniture,Tables,Side Table,5,183.76,0.1,826.92,104.72,CUST-1150
ORD-05355,2025-05-09,West,Home Office,Technology,Computers,Laptop,6,214.84,0.2,1031.23,181.65,CUST-0746
ORD-01416,2025-05-09,Central,Home Office,Furniture,Bookcases,Shelf Unit,4,255.26,0.05,969.99,141.47,CUST-0056
ORD-00918,2025-05-09,West,Consumer,Technology,Computers,Desktop,5,211.78,0.05,1005.96,214.01,CUST-0345
ORD-00613,2025-05-09,Central,Corporate,Furniture,Tables,Meeting Table,6,78.05,0.0,468.3,73.61,CUST-0651
ORD-00160,2025-05-09,West,Consumer,Technology,Accessories,Mouse,3,258.25,0.0,774.75,178.16,CUST-0965
ORD-03967,2025-05-10,West,Corporate,Office Supplies,Storage,Storage Box,2,67.84,0.0,135.68,26.38,CUST-0059
ORD-00476,2025-05-10,West,Home Office,Furniture,Tables,Side Table,1,181.27,0.25,135.95,11.32,CUST-0209
ORD-04362,2025-05-10,Central,Consumer,Office Supplies,Binders,File Folder,1,53.45,0.05,50.78,15.35,CUST-0494
ORD-05454,2025-05-10,South,Corporate,Furniture,Tables,Meeting Table,1,182.31,0.05,173.19,21.06,CUST-1019
ORD-00955,2025-05-10,East,Corporate,Furniture,Bookcases,Storage Cabinet,2,181.33,0.2,290.13,41.21,CUST-0645
ORD-00725,2025-05-11,South,Corporate,Office Supplies,Binders,File Folder,7,65.38,0.25,343.24,50.77,CUST-0622
ORD-00016,2025-05-11,Central,Home Office,Office Supplies,Storage,Organizer,4,68.1,0.0,272.4,49.85,CUST-0519
ORD-03323,2025-05-12,South,Consumer,Office Supplies,Binders,File Folder,3,46.5,0.05,132.52,20.71,CUST-0044
ORD-03382,2025-05-12,South,Consumer,Technology,Computers,Monitor,5,194.19,0.05,922.4,199.12,CUST-1192
ORD-04613,2025-05-12,Central,Corporate,Furniture,Chairs,Task Chair,7,182.23,0.1,1148.05,146.97,CUST-0107
ORD-05217,2025-05-12,South,Home Office,Office Supplies,Storage,Drawer Unit,1,43.01,0.0,43.01,-6.17,CUST-0984
ORD-02648,2025-05-12,East,Consumer,Technology,Phones,Phone A,6,192.26,0.25,865.17,138.02,CUST-0592
ORD-05563,2025-05-12,South,Home Office,Furniture,Chairs,Task Chair,3,172.58,0.05,491.85,72.24,CUST-0601
ORD-00106,2025-05-12,Central,Corporate,Furniture,Bookcases,Shelf Unit,2,109.95,0.0,219.9,31.36,CUST-0170
ORD-05871,2025-05-12,West,Corporate,Technology,Phones,Phone A,1,195.24,0.1,175.72,26.67,CUST-1024
ORD-05682,2025-05-12,Central,Corporate,Office Supplies,Storage,Storage Box,1,73.89,0.15,62.81,13.46,CUST-0444
ORD-00249,2025-05-12,South,Corporate,Furniture,Bookcases,Bookcase,4,124.9,0.15,424.66,47.34,CUST-0902
ORD-00990,2025-05-13,South,Consumer,Furniture,Chairs,Task Chair,5,186.52,0.0,932.6,149.58,CUST-0379
ORD-01430,2025-05-13,East,Corporate,Technology,Computers,Desktop,2,136.87,0.25,205.3,25.4,CUST-0062
ORD-02284,2025-05-13,West,Consumer,Technology,Computers,Monitor,3,230.12,0.05,655.84,146.57,CUST-0132
ORD-02009,2025-05-13,Central,Consumer,Furniture,Chairs,Conference Chair,3,152.43,0.15,388.7,49.1,CUST-0655
ORD-03055,2025-05-13,East,Home Office,Technology,Computers,Desktop,7,235.54,0.15,1401.46,257.5,CUST-1165
ORD-04084,2025-05-13,East,Corporate,Technology,Accessories,Keyboard,5,219.09,0.05,1040.68,217.15,CUST-0575
ORD-03422,2025-05-13,West,Consumer,Technology,Accessories,Headset,2,236.91,0.0,473.82,104.86,CUST-0975
ORD-04125,2025-05-14,West,Home Office,Technology,Accessories,Mouse,2,151.38,0.0,302.76,77.74,CUST-0974
ORD-00213,2025-05-14,South,Consumer,Furniture,Bookcases,Bookcase,1,193.86,0.0,193.86,31.97,CUST-0327
ORD-03915,2025-05-15,Central,Consumer,Office Supplies,Paper,Notebooks,3,78.68,0.05,224.24,46.42,CUST-0774
ORD-04908,2025-05-16,South,Consumer,Technology,Computers,Laptop,1,150.48,0.2,120.38,44.59,CUST-1129
ORD-02236,2025-05-16,Central,Corporate,Technology,Computers,Monitor,6,238.95,0.0,1433.7,328.79,CUST-1106
ORD-05982,2025-05-16,Central,Corporate,Office Supplies,Storage,Drawer Unit,3,50.79,0.05,144.75,30.58,CUST-0779
ORD-01461,2025-05-16,West,Home Office,Technology,Computers,Monitor,6,294.35,0.05,1677.8,360.66,CUST-1123
ORD-02725,2025-05-16,South,Consumer,Technology,Phones,Phone B,2,252.63,0.15,429.47,75.57,CUST-0940
ORD-02671,2025-05-17,Central,Consumer,Furniture,Tables,Side Table,7,177.29,0.1,1116.93,164.51,CUST-0059
ORD-02809,2025-05-17,East,Consumer,Technology,Phones,Phone A,3,255.64,0.1,690.23,146.9,CUST-0769
ORD-03130,2025-05-17,East,Home Office,Furniture,Tables,Meeting Table,3,226.52,0.2,543.65,55.81,CUST-0520
ORD-00639,2025-05-18,South,Corporate,Furniture,Chairs,Office Chair,5,219.31,0.0,1096.55,180.22,CUST-0413
ORD-04804,2025-05-18,West,Corporate,Office Supplies,Storage,Organizer,1,30.08,0.05,28.58,-5.29,CUST-0519
ORD-02801,2025-05-18,West,Corporate,Furniture,Chairs,Task Chair,7,171.55,0.2,960.68,88.6,CUST-0792
ORD-00559,2025-05-18,Central,Consumer,Technology,Phones,Phone B,4,233.96,0.15,795.46,153.49,CUST-0276
ORD-01414,2025-05-18,East,Consumer,Office Supplies,Storage,Storage Box,6,62.54,0.0,375.24,66.97,CUST-0343
ORD-00261,2025-05-19,East,Home Office,Technology,Accessories,Headset,6,271.03,0.2,1300.94,228.87,CUST-0325
ORD-04099,2025-05-19,East,Corporate,Technology,Accessories,Mouse,1,164.01,0.2,131.21,42.12,CUST-0895
ORD-01986,2025-05-19,West,Consumer,Furniture,Bookcases,Shelf Unit,1,145.32,0.05,138.05,18.97,CUST-1074
ORD-04516,2025-05-19,West,Home Office,Technology,Computers,Laptop,6,247.68,0.2,1188.86,203.46,CUST-0835
ORD-01254,2025-05-19,West,Consumer,Technology,Accessories,Mouse,2,196.89,0.0,393.78,89.8,CUST-0600
ORD-03154,2025-05-19,West,Consumer,Furniture,Tables,Side Table,4,183.94,0.1,662.18,95.06,CUST-0877
ORD-01980,2025-05-20,South,Corporate,Office Supplies,Paper,Copy Paper,6,72.19,0.1,389.83,70.66,CUST-0116
ORD-01133,2025-05-20,West,Consumer,Technology,Phones,Phone C,7,227.54,0.15,1353.86,256.89,CUST-0839
ORD-01617,2025-05-20,East,Consumer,Furniture,Bookcases,Storage Cabinet,5,131.52,0.15,558.96,61.71,CUST-0458
ORD-00692,2025-05-21,Central,Consumer,Technology,Accessories,Mouse,6,203.53,0.05,1160.12,253.66,CUST-0478
ORD-03483,2025-05-21,South,Consumer,Furniture,Bookcases,Storage Cabinet,2,192.15,0.05,365.08,49.92,CUST-0465
ORD-02547,2025-05-21,South,Corporate,Technology,Phones,Phone B,7,177.4,0.0,1241.8,287.93,CUST-0653
ORD-03396,2025-05-21,Central,Consumer,Office Supplies,Paper,Labels,6,67.65,0.15,345.02,47.48,CUST-0636
ORD-05909,2025-05-21,West,Consumer,Technology,Computers,Desktop,2,152.49,0.15,259.23,54.13,CUST-0662
ORD-04712,2025-05-21,Central,Corporate,Technology,Phones,Phone B,2,270.86,0.15,460.46,87.52,CUST-0364
ORD-00135,2025-05-21,Central,Consumer,Furniture,Bookcases,Storage Cabinet,6,197.04,0.1,1064.02,144.44,CUST-0718
ORD-00745,2025-05-21,East,Corporate,Technology,Accessories,Keyboard,7,287.86,0.15,1712.77,320.65,CUST-0847
ORD-02702,2025-05-21,East,Corporate,Office Supplies,Paper,Copy Paper,4,54.19,0.0,216.76,43.93,CUST-0699
ORD-00071,2025-05-22,East,Consumer,Technology,Computers,Monitor,4,117.86,0.05,447.87,91.36,CUST-0719
ORD-02257,2025-05-22,Central,Consumer,Furniture,Tables,Meeting Table,3,180.45,0.2,433.08,30.43,CUST-0160
ORD-03296,2025-05-22,South,Corporate,Office Supplies,Paper,Notebooks,4,63.01,0.2,201.63,33.19,CUST-0625
ORD-02899,2025-05-22,West,Consumer,Office Supplies,Storage,Drawer Unit,1,49.07,0.2,39.26,11.78,CUST-0404
ORD-01684,2025-05-22,Central,Home Office,Furniture,Bookcases,Bookcase,6,179.56,0.0,1077.36,172.74,CUST-0255
ORD-02832,2025-05-22,West,Consumer,Technology,Computers,Desktop,1,181.87,0.1,163.68,34.5,CUST-0069
ORD-03393,2025-05-23,West,Corporate,Technology,Computers,Monitor,5,219.76,0.0,1098.8,250.1,CUST-0938
ORD-05922,2025-05-23,Central,Corporate,Technology,Phones,Phone B,2,155.55,0.1,279.99,69.97,CUST-0775
ORD-05617,2025-05-23,Central,Consumer,Furniture,Chairs,Task Chair,6,192.06,0.1,1037.12,150.51,CUST-0800
ORD-03564,2025-05-23,South,Home Office,Technology,Phones,Phone A,2,135.07,0.05,256.63,66.9,CUST-0810
ORD-00105,2025-05-23,Central,Corporate,Furniture,Tables,Desk,2,146.18,0.1,263.12,42.88,CUST-0506
ORD-00484,2025-05-23,Central,Corporate,Technology,Accessories,Keyboard,2,296.07,0.05,562.53,118.29,CUST-0522
ORD-02206,2025-05-24,East,Consumer,Office Supplies,Storage,Storage Box,7,51.37,0.1,323.63,64.4,CUST-0634
ORD-05512,2025-05-24,West,Home Office,Technology,Computers,Desktop,5,248.0,0.1,1116.0,214.16,CUST-0806
ORD-03385,2025-05-24,East,Corporate,Furniture,Chairs,Conference Chair,5,172.04,0.15,731.17,85.34,CUST-0092
ORD-05896,2025-05-24,East,Home Office,Furniture,Bookcases,Shelf Unit,1,193.11,0.1,173.8,35.85,CUST-0951
ORD-02005,2025-05-24,East,Corporate,Furniture,Chairs,Conference Chair,5,237.98,0.0,1189.9,190.04,CUST-0388
ORD-01736,2025-05-24,Central,Consumer,Office Supplies,Storage,Storage Box,7,46.68,0.0,326.76,59.7,CUST-0685
ORD-04467,2025-05-25,East,Consumer,Technology,Phones,Phone A,1,206.54,0.2,165.23,15.33,CUST-0554
ORD-00716,2025-05-25,South,Consumer,Technology,Computers,Monitor,6,187.58,0.0,1125.48,253.03,CUST-0540
ORD-04909,2025-05-25,West,Consumer,Office Supplies,Binders,Presentation Binder,6,68.31,0.2,327.89,52.68,CUST-0761
ORD-01578,2025-05-25,East,Consumer,Technology,Computers,Monitor,3,240.84,0.05,686.39,145.95,CUST-0527
ORD-03481,2025-05-25,Central,Home Office,Furniture,Bookcases,Storage Cabinet,6,224.52,0.05,1279.76,179.03,CUST-0987
ORD-04308,2025-05-25,South,Consumer,Technology,Computers,Desktop,3,269.41,0.1,727.41,148.42,CUST-0974
ORD-04271,2025-05-25,South,Consumer,Technology,Phones,Phone A,6,219.46,0.1,1185.08,239.78,CUST-0732
ORD-02557,2025-05-25,West,Consumer,Office Supplies,Paper,Labels,1,71.31,0.05,67.74,2.92,CUST-0548
ORD-03752,2025-05-25,East,Consumer,Office Supplies,Storage,Storage Box,4,61.23,0.1,220.43,44.62,CUST-0169
ORD-05296,2025-05-25,West,Home Office,Technology,Computers,Desktop,6,236.04,0.0,1416.24,316.56,CUST-0544
ORD-03571,2025-05-26,Central,Corporate,Office Supplies,Storage,Organizer,5,56.53,0.1,254.38,28.25,CUST-0489
ORD-05473,2025-05-26,West,Consumer,Technology,Computers,Desktop,1,227.76,0.15,193.6,31.96,CUST-0510
ORD-05544,2025-05-26,South,Home Office,Office Supplies,Paper,Copy Paper,1,67.72,0.05,64.33,25.57,CUST-0053
ORD-01012,2025-05-26,East,Consumer,Furniture,Chairs,Task Chair,7,116.64,0.0,816.48,124.95,CUST-0002
ORD-01284,2025-05-27,East,Home Office,Furniture,Chairs,Task Chair,6,227.66,0.15,1161.07,145.26,CUST-0183
ORD-02902,2025-05-27,East,Consumer,Furniture,Chairs,Office Chair,3,130.31,0.15,332.29,40.74,CUST-0781
ORD-00591,2025-05-27,South,Corporate,Furniture,Tables,Side Table,2,222.61,0.1,400.7,54.36,CUST-1133
ORD-00860,2025-05-27,East,Consumer,Office Supplies,Paper,Labels,5,67.08,0.0,335.4,61.66,CUST-0629
ORD-05362,2025-05-27,South,Consumer,Technology,Computers,Desktop,2,187.42,0.15,318.61,63.34,CUST-0534
ORD-04525,2025-05-27,East,Consumer,Office Supplies,Paper,Notebooks,3,45.16,0.1,121.93,23.81,CUST-0917
ORD-02983,2025-05-27,South,Consumer,Office Supplies,Storage,Storage Box,3,45.71,0.05,130.27,16.31,CUST-0161
ORD-00686,2025-05-27,East,Consumer,Technology,Computers,Desktop,4,236.3,0.25,708.9,110.26,CUST-0408
ORD-05155,2025-05-27,Central,Consumer,Office Supplies,Binders,File Folder,1,54.69,0.05,51.96,5.53,CUST-1022
ORD-02567,2025-05-27,Central,Consumer,Technology,Computers,Monitor,5,309.42,0.05,1469.74,337.06,CUST-0274
ORD-04005,2025-05-27,South,Consumer,Furniture,Chairs,Task Chair,1,158.64,0.0,158.64,36.83,CUST-0607
ORD-05393,2025-05-28,West,Consumer,Technology,Accessories,Keyboard,3,197.51,0.05,562.9,118.8,CUST-1083
ORD-02296,2025-05-28,Central,Home Office,Office Supplies,Paper,Notebooks,4,47.15,0.0,188.6,48.11,CUST-0078
ORD-02497,2025-05-28,South,Consumer,Office Supplies,Storage,Storage Box,4,51.29,0.1,184.64,22.18,CUST-0375
ORD-04975,2025-05-28,Central,Consumer,Technology,Phones,Phone A,7,256.5,0.0,1795.5,410.42,CUST-0541
ORD-01087,2025-05-28,West,Corporate,Technology,Computers,Monitor,5,174.66,0.2,698.64,108.41,CUST-1080
ORD-02535,2025-05-28,South,Consumer,Technology,Phones,Phone B,7,224.54,0.2,1257.42,215.5,CUST-0835
ORD-05421,2025-05-28,West,Home Office,Furniture,Chairs,Conference Chair,6,89.3,0.0,535.8,77.84,CUST-0048
ORD-00852,2025-05-28,East,Corporate,Technology,Accessories,Mouse,3,241.69,0.1,652.56,123.19,CUST-0175
ORD-03818,2025-05-29,East,Home Office,Technology,Phones,Phone A,2,286.37,0.15,486.83,108.74,CUST-1098
ORD-04309,2025-05-29,East,Consumer,Furniture,Tables,Side Table,6,244.84,0.0,1469.04,242.8,CUST-1121
ORD-01199,2025-05-29,East,Corporate,Technology,Phones,Phone A,5,230.53,0.1,1037.39,206.74,CUST-0040
ORD-03057,2025-05-29,East,Consumer,Technology,Computers,Desktop,1,329.98,0.05,313.48,78.79,CUST-1011
ORD-01260,2025-05-29,East,Home Office,Office Supplies,Paper,Copy Paper,3,52.38,0.15,133.57,24.58,CUST-0729
ORD-03037,2025-05-29,South,Consumer,Furniture,Tables,Meeting Table,5,132.0,0.15,561.0,59.41,CUST-0095
ORD-04976,2025-05-29,South,Corporate,Furniture,Bookcases,Storage Cabinet,7,237.76,0.15,1414.67,153.24,CUST-0764
ORD-00596,2025-05-29,South,Consumer,Technology,Phones,Phone C,1,227.48,0.0,227.48,43.21,CUST-0514
ORD-02571,2025-05-29,East,Home Office,Furniture,Bookcases,Shelf Unit,6,96.99,0.2,465.55,57.45,CUST-0033
ORD-03300,2025-05-29,South,Consumer,Technology,Phones,Phone B,2,209.91,0.2,335.86,50.12,CUST-0399
ORD-00551,2025-05-30,South,Home Office,Office Supplies,Paper,Notebooks,5,54.55,0.1,245.48,30.65,CUST-1133
ORD-05215,2025-05-30,East,Consumer,Office Supplies,Paper,Copy Paper,2,45.54,0.1,81.97,21.14,CUST-0053
ORD-00428,2025-05-31,South,Consumer,Office Supplies,Paper,Copy Paper,6,43.64,0.25,196.38,7.16,CUST-0290
ORD-00472,2025-05-31,West,Consumer,Furniture,Tables,Meeting Table,6,173.01,0.15,882.35,102.13,CUST-0392
ORD-00654,2025-05-31,East,Corporate,Technology,Accessories,Keyboard,2,176.46,0.2,282.34,54.14,CUST-0455
ORD-00103,2025-06-01,South,Consumer,Office Supplies,Storage,Drawer Unit,5,45.41,0.0,227.05,34.03,CUST-0578
ORD-00092,2025-06-01,South,Consumer,Furniture,Bookcases,Bookcase,3,128.74,0.0,386.22,50.21,CUST-0593
ORD-01749,2025-06-01,South,Consumer,Furniture,Tables,Desk,4,221.89,0.15,754.43,85.97,CUST-0785
ORD-02545,2025-06-01,Central,Consumer,Furniture,Bookcases,Bookcase,1,136.68,0.1,123.01,8.44,CUST-0372
ORD-02093,2025-06-01,West,Corporate,Office Supplies,Binders,Presentation Binder,7,48.57,0.1,305.99,46.06,CUST-0133
ORD-03803,2025-06-01,West,Consumer,Technology,Accessories,Headset,1,196.35,0.15,166.9,32.41,CUST-0124
ORD-02532,2025-06-02,South,Consumer,Office Supplies,Storage,Organizer,4,60.62,0.05,230.36,41.23,CUST-0909
ORD-04753,2025-06-02,South,Home Office,Technology,Phones,Phone A,1,254.43,0.1,228.99,49.71,CUST-0695
ORD-04810,2025-06-02,East,Home Office,Furniture,Tables,Side Table,7,219.12,0.15,1303.76,155.74,CUST-1131
ORD-04288,2025-06-02,East,Home Office,Furniture,Tables,Meeting Table,3,163.34,0.0,490.02,80.39,CUST-0014
ORD-05332,2025-06-02,Central,Corporate,Technology,Accessories,Mouse,6,185.41,0.1,1001.21,196.7,CUST-0291
ORD-03713,2025-06-03,West,Corporate,Technology,Computers,Desktop,2,149.15,0.0,298.3,79.92,CUST-0385
ORD-04206,2025-06-03,West,Consumer,Office Supplies,Storage,Storage Box,5,38.23,0.05,181.59,35.51,CUST-0185
ORD-05079,2025-06-03,South,Consumer,Technology,Accessories,Mouse,3,216.91,0.05,618.19,143.36,CUST-0048
ORD-01334,2025-06-03,West,Consumer,Office Supplies,Binders,File Folder,5,57.24,0.0,286.2,49.16,CUST-0196
ORD-05444,2025-06-03,West,Consumer,Furniture,Bookcases,Bookcase,7,245.84,0.0,1720.88,272.34,CUST-0786
ORD-00291,2025-06-04,West,Consumer,Office Supplies,Paper,Notebooks,3,67.13,0.05,191.32,37.56,CUST-1085
ORD-02935,2025-06-04,East,Home Office,Technology,Computers,Desktop,4,292.02,0.0,1168.08,263.16,CUST-0206
ORD-00837,2025-06-04,Central,Consumer,Technology,Phones,Phone A,1,245.16,0.05,232.9,56.37,CUST-0779
ORD-05045,2025-06-04,South,Corporate,Furniture,Tables,Side Table,4,180.41,0.15,613.39,68.47,CUST-0911
ORD-01001,2025-06-04,Central,Corporate,Office Supplies,Paper,Copy Paper,5,52.96,0.15,225.08,33.95,CUST-0669
ORD-03833,2025-06-04,East,Consumer,Office Supplies,Storage,Storage Box,1,60.14,0.0,60.14,4.97,CUST-0611
ORD-03769,2025-06-04,South,Corporate,Office Supplies,Paper,Copy Paper,1,37.88,0.0,37.88,16.92,CUST-0730
ORD-00336,2025-06-04,West,Corporate,Technology,Computers,Desktop,7,246.41,0.2,1379.9,216.47,CUST-0977
ORD-05589,2025-06-04,West,Corporate,Technology,Phones,Phone A,5,173.38,0.15,736.86,142.54,CUST-0983
ORD-00227,2025-06-05,Central,Home Office,Technology,Phones,Phone A,2,268.6,0.15,456.62,81.91,CUST-0787
ORD-01219,2025-06-05,South,Consumer,Furniture,Bookcases,Shelf Unit,7,129.93,0.25,682.13,66.2,CUST-0147
ORD-02161,2025-06-05,South,Consumer,Office Supplies,Paper,Labels,2,44.72,0.2,71.55,15.58,CUST-1104
ORD-02748,2025-06-05,South,Consumer,Office Supplies,Paper,Copy Paper,5,66.4,0.05,315.4,56.26,CUST-0975
ORD-03246,2025-06-06,East,Corporate,Office Supplies,Paper,Copy Paper,3,44.47,0.1,120.07,17.41,CUST-0259
ORD-02684,2025-06-07,Central,Home Office,Office Supplies,Storage,Storage Box,6,54.23,0.25,244.04,38.37,CUST-0276
ORD-04054,2025-06-07,West,Consumer,Office Supplies,Paper,Notebooks,7,41.42,0.0,289.94,52.71,CUST-0141
ORD-03868,2025-06-07,East,Corporate,Office Supplies,Binders,File Folder,5,51.07,0.05,242.58,45.28,CUST-0732
ORD-03198,2025-06-08,East,Consumer,Technology,Accessories,Headset,4,226.16,0.1,814.18,157.05,CUST-0925
ORD-03508,2025-06-08,East,Consumer,Technology,Accessories,Mouse,4,216.09,0.1,777.92,149.38,CUST-0546
ORD-05408,2025-06-09,Central,Corporate,Office Supplies,Paper,Notebooks,4,41.71,0.15,141.81,39.05,CUST-1090
ORD-05658,2025-06-09,West,Consumer,Technology,Accessories,Keyboard,6,302.78,0.0,1816.68,412.68,CUST-0700
ORD-03010,2025-06-09,South,Consumer,Technology,Accessories,Mouse,1,220.23,0.15,187.2,23.38,CUST-1056
ORD-01574,2025-06-10,West,Consumer,Technology,Phones,Phone B,4,134.31,0.25,402.93,75.57,CUST-0069
ORD-02159,2025-06-10,West,Consumer,Office Supplies,Storage,Drawer Unit,7,73.17,0.15,435.36,64.88,CUST-0855
ORD-00885,2025-06-10,South,Consumer,Office Supplies,Storage,Storage Box,3,49.81,0.15,127.02,15.21,CUST-0486
ORD-05306,2025-06-11,East,Consumer,Furniture,Bookcases,Storage Cabinet,7,191.93,0.2,1074.81,106.95,CUST-1082
ORD-03401,2025-06-11,East,Corporate,Office Supplies,Binders,Presentation Binder,3,69.03,0.15,176.03,19.24,CUST-0901
ORD-01426,2025-06-11,West,Consumer,Technology,Accessories,Mouse,6,319.29,0.05,1819.95,388.3,CUST-0021
ORD-00166,2025-06-11,Central,Consumer,Technology,Phones,Phone B,3,207.11,0.15,528.13,104.31,CUST-0340
ORD-03208,2025-06-11,West,Consumer,Office Supplies,Binders,Presentation Binder,1,81.89,0.0,81.89,15.13,CUST-0834
ORD-03078,2025-06-12,West,Home Office,Furniture,Bookcases,Shelf Unit,3,228.65,0.1,617.36,74.7,CUST-0430
ORD-05886,2025-06-12,East,Corporate,Technology,Phones,Phone A,7,193.24,0.1,1217.41,238.28,CUST-1128
ORD-05706,2025-06-12,West,Consumer,Office Supplies,Paper,Copy Paper,3,47.02,0.25,105.8,27.81,CUST-0586
ORD-01535,2025-06-13,West,Consumer,Technology,Computers,Laptop,2,270.16,0.15,459.27,74.34,CUST-1134
ORD-04970,2025-06-13,East,Corporate,Technology,Accessories,Keyboard,7,264.92,0.05,1761.72,387.13,CUST-1003
ORD-02196,2025-06-13,South,Corporate,Office Supplies,Storage,Drawer Unit,3,50.47,0.15,128.7,27.74,CUST-0717
ORD-00514,2025-06-13,South,Corporate,Furniture,Chairs,Office Chair,4,173.99,0.2,556.77,66.93,CUST-0890
ORD-01843,2025-06-13,East,Consumer,Technology,Phones,Phone B,1,177.06,0.2,141.65,28.0,CUST-0027
ORD-05121,2025-06-13,West,Consumer,Office Supplies,Storage,Drawer Unit,2,63.61,0.0,127.22,34.91,CUST-0754
ORD-04392,2025-06-13,East,Home Office,Technology,Phones,Phone B,7,276.49,0.1,1741.89,352.97,CUST-0566
ORD-05539,2025-06-13,East,Home Office,Furniture,Tables,Meeting Table,2,152.88,0.2,244.61,32.83,CUST-0254
ORD-00741,2025-06-14,East,Consumer,Furniture,Chairs,Office Chair,3,249.25,0.25,560.81,46.8,CUST-0539
ORD-01965,2025-06-14,East,Consumer,Furniture,Tables,Side Table,5,123.52,0.25,463.2,35.76,CUST-0286
ORD-05189,2025-06-15,Central,Corporate,Office Supplies,Paper,Labels,7,56.0,0.15,333.2,61.09,CUST-0693
ORD-04374,2025-06-15,South,Corporate,Office Supplies,Paper,Notebooks,4,46.87,0.1,168.73,32.66,CUST-0767
ORD-03455,2025-06-15,Central,Consumer,Office Supplies,Binders,File Folder,4,65.8,0.1,236.88,31.18,CUST-0573
ORD-01964,2025-06-15,East,Corporate,Office Supplies,Binders,File Folder,4,66.59,0.05,253.04,45.33,CUST-0055
ORD-05356,2025-06-15,South,Corporate,Technology,Phones,Phone C,5,151.14,0.0,755.7,175.32,CUST-1097
ORD-02873,2025-06-15,East,Corporate,Technology,Accessories,Keyboard,4,140.31,0.2,448.99,86.34,CUST-0018
ORD-05224,2025-06-16,South,Home Office,Office Supplies,Paper,Labels,2,44.69,0.15,75.97,9.07,CUST-0828
ORD-02338,2025-06-16,Central,Consumer,Furniture,Bookcases,Shelf Unit,2,149.22,0.2,238.75,30.46,CUST-0752
ORD-05394,2025-06-17,Central,Home Office,Furniture,Tables,Desk,1,288.62,0.05,274.19,46.89,CUST-0133
ORD-05952,2025-06-17,West,Corporate,Office Supplies,Paper,Labels,1,48.66,0.05,46.23,3.08,CUST-0802
ORD-00867,2025-06-17,Central,Consumer,Furniture,Tables,Side Table,4,195.89,0.15,666.03,73.08,CUST-1006
ORD-02516,2025-06-17,South,Consumer,Technology,Phones,Phone A,2,228.1,0.0,456.2,107.93,CUST-0775
ORD-04998,2025-06-17,West,Consumer,Office Supplies,Binders,Presentation Binder,2,32.74,0.0,65.48,7.79,CUST-0462
ORD-00849,2025-06-17,East,Consumer,Office Supplies,Storage,Storage Box,3,47.1,0.1,127.17,16.23,CUST-1138
ORD-03364,2025-06-18,East,Corporate,Furniture,Tables,Desk,4,194.34,0.1,699.62,90.02,CUST-0482
ORD-03082,2025-06-18,East,Home Office,Furniture,Chairs,Office Chair,1,143.48,0.0,143.48,22.06,CUST-1032
ORD-05984,2025-06-19,South,Corporate,Furniture,Tables,Meeting Table,7,189.66,0.15,1128.48,122.65,CUST-1099
ORD-02288,2025-06-19,Central,Home Office,Office Supplies,Paper,Notebooks,1,55.66,0.05,52.88,2.66,CUST-0778
ORD-00149,2025-06-19,South,Consumer,Technology,Phones,Phone C,4,266.41,0.25,799.23,118.64,CUST-1103
ORD-01025,2025-06-19,South,Consumer,Office Supplies,Paper,Notebooks,2,91.92,0.2,147.07,22.75,CUST-0963
ORD-01231,2025-06-19,South,Consumer,Technology,Phones,Phone B,4,226.95,0.15,771.63,132.77,CUST-0580
ORD-02984,2025-06-20,West,Consumer,Office Supplies,Paper,Labels,3,52.55,0.05,149.77,11.55,CUST-1070
ORD-02945,2025-06-20,East,Consumer,Office Supplies,Storage,Organizer,4,22.97,0.15,78.1,14.35,CUST-0783
ORD-01264,2025-06-20,South,Consumer,Technology,Phones,Phone C,3,152.03,0.1,410.48,69.84,CUST-1013
ORD-03169,2025-06-20,West,Consumer,Office Supplies,Storage,Organizer,3,57.12,0.1,154.22,16.07,CUST-0165
ORD-05278,2025-06-20,Central,Consumer,Technology,Accessories,Mouse,3,182.53,0.0,547.59,113.02,CUST-0673
ORD-05833,2025-06-20,East,Home Office,Technology,Accessories,Keyboard,6,262.84,0.0,1577.04,374.15,CUST-0103
ORD-00028,2025-06-20,South,Corporate,Furniture,Chairs,Office Chair,5,155.81,0.2,623.24,57.93,CUST-0086
ORD-02372,2025-06-21,South,Consumer,Furniture,Chairs,Task Chair,2,169.94,0.05,322.89,55.73,CUST-0028
ORD-05238,2025-06-21,West,Corporate,Office Supplies,Binders,Presentation Binder,6,35.09,0.1,189.49,33.84,CUST-0201
ORD-02334,2025-06-21,East,Consumer,Office Supplies,Binders,Presentation Binder,4,55.18,0.15,187.61,30.74,CUST-1190
ORD-01587,2025-06-21,West,Corporate,Office Supplies,Binders,File Folder,3,63.72,0.2,152.93,18.46,CUST-0582
ORD-02326,2025-06-21,East,Consumer,Furniture,Chairs,Task Chair,7,232.32,0.2,1300.99,135.43,CUST-0859
ORD-00524,2025-06-22,West,Consumer,Technology,Accessories,Headset,3,266.61,0.05,759.84,157.85,CUST-0075
ORD-05993,2025-06-22,East,Consumer,Technology,Accessories,Mouse,3,239.4,0.15,610.47,105.95,CUST-0891
ORD-04356,2025-06-22,West,Corporate,Technology,Accessories,Mouse,4,244.86,0.1,881.5,186.14,CUST-0157
ORD-04637,2025-06-22,West,Consumer,Office Supplies,Paper,Notebooks,5,58.04,0.2,232.16,20.1,CUST-0325
ORD-03890,2025-06-22,Central,Consumer,Office Supplies,Storage,Organizer,5,54.41,0.0,272.05,33.23,CUST-0207
ORD-04243,2025-06-22,Central,Home Office,Office Supplies,Paper,Labels,7,43.37,0.0,303.59,55.69,CUST-0140
ORD-01923,2025-06-23,East,Corporate,Office Supplies,Binders,File Folder,2,48.69,0.1,87.64,12.39,CUST-1163
ORD-04223,2025-06-23,West,Corporate,Furniture,Chairs,Conference Chair,7,229.1,0.1,1443.33,181.03,CUST-0948
ORD-00794,2025-06-23,East,Consumer,Technology,Phones,Phone A,7,190.63,0.1,1200.97,247.57,CUST-0210
ORD-01603,2025-06-24,South,Home Office,Technology,Computers,Laptop,6,281.98,0.0,1691.88,400.0,CUST-1079
ORD-03521,2025-06-24,South,Consumer,Furniture,Chairs,Office Chair,1,130.16,0.0,130.16,12.31,CUST-0559
ORD-05668,2025-06-24,Central,Corporate,Office Supplies,Paper,Copy Paper,3,42.44,0.1,114.59,21.98,CUST-0184
ORD-00433,2025-06-24,South,Corporate,Office Supplies,Paper,Labels,2,49.14,0.0,98.28,13.8,CUST-0842
ORD-00605,2025-06-24,South,Consumer,Furniture,Chairs,Task Chair,4,204.15,0.0,816.6,132.13,CUST-0955
ORD-04623,2025-06-24,East,Corporate,Office Supplies,Paper,Notebooks,3,59.96,0.0,179.88,39.53,CUST-0117
ORD-00302,2025-06-24,West,Consumer,Technology,Accessories,Mouse,3,147.1,0.05,419.23,87.97,CUST-0773
ORD-02424,2025-06-24,East,Consumer,Technology,Computers,Desktop,1,191.08,0.25,143.31,31.0,CUST-0955
ORD-05283,2025-06-24,West,Corporate,Office Supplies,Binders,File Folder,3,35.29,0.0,105.87,11.22,CUST-0786
ORD-04934,2025-06-25,East,Consumer,Technology,Accessories,Headset,5,237.55,0.0,1187.75,268.38,CUST-0344
ORD-02081,2025-06-25,East,Corporate,Office Supplies,Storage,Storage Box,2,62.8,0.1,113.04,7.31,CUST-0036
ORD-02610,2025-06-25,Central,Consumer,Furniture,Bookcases,Bookcase,5,160.53,0.15,682.25,99.37,CUST-0972
ORD-05427,2025-06-25,South,Consumer,Office Supplies,Paper,Copy Paper,4,57.54,0.05,218.65,34.66,CUST-0396
ORD-04735,2025-06-25,South,Home Office,Furniture,Tables,Desk,3,240.07,0.05,684.2,98.09,CUST-0811
ORD-05148,2025-06-25,East,Home Office,Furniture,Bookcases,Bookcase,4,158.87,0.1,571.93,81.46,CUST-0963
ORD-01987,2025-06-25,Central,Consumer,Technology,Accessories,Headset,1,262.2,0.05,249.09,61.31,CUST-0142
ORD-01040,2025-06-25,South,Consumer,Technology,Computers,Desktop,6,133.45,0.15,680.59,126.75,CUST-0046
ORD-03540,2025-06-25,Central,Corporate,Technology,Computers,Laptop,3,207.47,0.0,622.41,142.85,CUST-0751
ORD-04666,2025-06-25,West,Consumer,Technology,Computers,Monitor,4,63.34,0.2,202.69,35.71,CUST-0044
ORD-03523,2025-06-26,East,Home Office,Office Supplies,Paper,Labels,3,67.85,0.1,183.2,25.16,CUST-1031
ORD-04862,2025-06-26,East,Home Office,Furniture,Bookcases,Shelf Unit,2,139.19,0.2,222.7,17.83,CUST-0703
ORD-00553,2025-06-26,West,Corporate,Furniture,Tables,Side Table,4,136.01,0.0,544.04,78.72,CUST-1150
ORD-00038,2025-06-26,East,Corporate,Technology,Phones,Phone A,6,295.88,0.25,1331.46,206.54,CUST-0225
ORD-05058,2025-06-27,West,Consumer,Office Supplies,Binders,Presentation Binder,7,42.42,0.0,296.94,52.48,CUST-1142
ORD-03067,2025-06-27,West,Consumer,Technology,Computers,Laptop,4,180.1,0.2,576.32,103.84,CUST-0980
ORD-05008,2025-06-27,South,Home Office,Furniture,Tables,Desk,4,129.09,0.15,438.91,41.01,CUST-1111
ORD-05291,2025-06-27,Central,Home Office,Office Supplies,Binders,Binder,4,57.69,0.05,219.22,46.97,CUST-0204
ORD-01971,2025-06-27,Central,Corporate,Office Supplies,Paper,Copy Paper,5,54.8,0.25,205.5,30.19,CUST-1114
ORD-02406,2025-06-27,Central,Consumer,Furniture,Chairs,Task Chair,5,196.39,0.0,981.95,149.37,CUST-0489
ORD-03440,2025-06-28,Central,Consumer,Technology,Accessories,Headset,3,214.83,0.1,580.04,120.67,CUST-0633
ORD-02822,2025-06-28,South,Consumer,Technology,Accessories,Mouse,5,199.54,0.1,897.93,189.73,CUST-0815
ORD-00334,2025-06-28,East,Corporate,Furniture,Chairs,Task Chair,3,81.78,0.15,208.54,28.1,CUST-1067
ORD-03630,2025-06-28,Central,Corporate,Office Supplies,Storage,Drawer Unit,5,62.92,0.0,314.6,51.72,CUST-0883
ORD-05963,2025-06-28,Central,Consumer,Furniture,Chairs,Office Chair,2,171.07,0.1,307.93,40.49,CUST-0268
ORD-00482,2025-06-28,Central,Consumer,Technology,Phones,Phone C,4,222.02,0.0,888.08,199.33,CUST-0933
ORD-02455,2025-06-28,South,Corporate,Technology,Computers,Monitor,5,277.53,0.15,1179.5,228.55,CUST-0435
ORD-05087,2025-06-29,South,Consumer,Office Supplies,Paper,Notebooks,7,47.67,0.05,317.01,67.64,CUST-0914
ORD-04722,2025-06-29,South,Consumer,Office Supplies,Paper,Notebooks,5,59.81,0.0,299.05,55.21,CUST-0003
ORD-05657,2025-06-29,East,Home Office,Office Supplies,Storage,Drawer Unit,2,45.89,0.0,91.78,21.83,CUST-0103
ORD-00545,2025-06-29,West,Corporate,Office Supplies,Storage,Organizer,7,52.74,0.15,313.8,42.42,CUST-0502
ORD-00388,2025-06-29,South,Corporate,Technology,Accessories,Headset,2,276.37,0.05,525.1,109.55,CUST-0719
ORD-04675,2025-07-01,West,Corporate,Office Supplies,Paper,Copy Paper,1,73.55,0.15,62.52,18.64,CUST-0963
ORD-02246,2025-07-01,Central,Consumer,Technology,Computers,Desktop,1,193.53,0.05,183.85,36.02,CUST-0778
ORD-03625,2025-07-01,East,Home Office,Furniture,Bookcases,Shelf Unit,7,113.25,0.25,594.56,65.75,CUST-0174
ORD-04661,2025-07-01,West,Corporate,Furniture,Tables,Desk,2,159.19,0.05,302.46,39.38,CUST-1059
ORD-03381,2025-07-01,Central,Corporate,Technology,Phones,Phone C,5,203.32,0.2,813.28,123.72,CUST-0338
ORD-00084,2025-07-01,South,Consumer,Office Supplies,Binders,File Folder,3,53.58,0.0,160.74,25.98,CUST-1189
ORD-00101,2025-07-01,South,Consumer,Furniture,Tables,Desk,1,180.11,0.05,171.1,20.23,CUST-1133
ORD-00090,2025-07-01,South,Consumer,Furniture,Bookcases,Storage Cabinet,5,180.09,0.1,810.41,105.28,CUST-0186
ORD-03127,2025-07-01,East,Consumer,Technology,Accessories,Keyboard,6,274.04,0.1,1479.82,295.6,CUST-0505
ORD-02286,2025-07-01,East,Consumer,Technology,Computers,Desktop,5,220.31,0.15,936.32,185.52,CUST-1088
ORD-03740,2025-07-01,West,Corporate,Technology,Computers,Monitor,1,153.48,0.0,153.48,32.18,CUST-0700
ORD-05265,2025-07-02,Central,Corporate,Office Supplies,Binders,File Folder,7,49.34,0.1,310.84,45.39,CUST-0328
ORD-00611,2025-07-02,Central,Home Office,Technology,Computers,Laptop,7,227.41,0.15,1353.09,239.01,CUST-0944
ORD-00582,2025-07-02,South,Consumer,Technology,Computers,Monitor,3,203.09,0.05,578.81,111.51,CUST-1011
ORD-05883,2025-07-02,Central,Consumer,Office Supplies,Storage,Organizer,7,44.45,0.25,233.36,23.88,CUST-1159
ORD-04539,2025-07-03,East,Consumer,Technology,Accessories,Keyboard,1,136.93,0.1,123.24,33.81,CUST-0782
ORD-02790,2025-07-03,West,Consumer,Technology,Computers,Monitor,6,192.22,0.2,922.66,155.2,CUST-0202
ORD-01933,2025-07-03,South,Corporate,Furniture,Bookcases,Storage Cabinet,4,228.3,0.1,821.88,112.2,CUST-0507
ORD-04073,2025-07-03,West,Corporate,Office Supplies,Binders,Presentation Binder,7,72.76,0.0,509.32,78.71,CUST-0814
ORD-03190,2025-07-03,Central,Consumer,Office Supplies,Binders,Binder,3,60.96,0.0,182.88,38.16,CUST-0837
ORD-04696,2025-07-04,Central,Consumer,Technology,Computers,Laptop,3,279.72,0.0,839.16,192.39,CUST-0349
ORD-04483,2025-07-04,Central,Consumer,Office Supplies,Storage,Storage Box,4,54.37,0.15,184.86,34.55,CUST-0688
ORD-01097,2025-07-04,Central,Consumer,Furniture,Chairs,Conference Chair,3,99.37,0.05,283.2,34.55,CUST-0992
ORD-03230,2025-07-04,West,Corporate,Office Supplies,Storage,Organizer,7,59.61,0.1,375.54,63.48,CUST-1180
ORD-05731,2025-07-04,East,Corporate,Office Supplies,Storage,Storage Box,6,73.16,0.15,373.12,41.38,CUST-1090
ORD-02863,2025-07-04,Central,Home Office,Technology,Accessories,Keyboard,1,196.2,0.2,156.96,21.09,CUST-1007
ORD-01865,2025-07-04,Central,Consumer,Office Supplies,Storage,Drawer Unit,1,51.93,0.15,44.14,-14.33,CUST-0638
ORD-05032,2025-07-05,West,Corporate,Furniture,Chairs,Office Chair,6,151.82,0.0,910.92,155.3,CUST-1034
ORD-05164,2025-07-05,East,Corporate,Office Supplies,Paper,Notebooks,5,67.87,0.0,339.35,56.84,CUST-0407
ORD-01650,2025-07-05,West,Consumer,Office Supplies,Paper,Labels,7,38.95,0.05,259.02,54.48,CUST-0287
ORD-01080,2025-07-05,West,Corporate,Technology,Phones,Phone C,1,239.33,0.05,227.36,47.34,CUST-0437
ORD-05203,2025-07-05,East,Home Office,Office Supplies,Paper,Notebooks,2,53.77,0.05,102.16,2.35,CUST-0542
ORD-04973,2025-07-05,West,Consumer,Office Supplies,Storage,Organizer,2,38.23,0.15,64.99,13.62,CUST-0231
ORD-05582,2025-07-05,West,Consumer,Furniture,Bookcases,Shelf Unit,3,174.14,0.1,470.18,72.29,CUST-1085
ORD-03051,2025-07-05,West,Consumer,Office Supplies,Storage,Drawer Unit,1,67.4,0.05,64.03,6.58,CUST-0757
ORD-03148,2025-07-05,West,Corporate,Office Supplies,Binders,Presentation Binder,7,60.94,0.0,426.58,81.75,CUST-0515
ORD-00816,2025-07-06,West,Consumer,Office Supplies,Storage,Storage Box,1,67.08,0.1,60.37,5.03,CUST-1136
ORD-02784,2025-07-06,South,Corporate,Office Supplies,Storage,Organizer,3,44.18,0.15,112.66,13.28,CUST-0050
ORD-05506,2025-07-06,East,Corporate,Office Supplies,Storage,Drawer Unit,5,53.58,0.0,267.9,43.51,CUST-0556
ORD-04943,2025-07-06,Central,Corporate,Technology,Accessories,Headset,6,269.56,0.0,1617.36,386.49,CUST-0226
ORD-03507,2025-07-06,South,Corporate,Office Supplies,Storage,Drawer Unit,6,56.55,0.05,322.33,37.87,CUST-0322
ORD-01016,2025-07-06,West,Consumer,Technology,Accessories,Keyboard,6,196.62,0.0,1179.72,254.85,CUST-0804
ORD-00589,2025-07-06,Central,Corporate,Technology,Accessories,Headset,2,181.78,0.05,345.38,59.59,CUST-0186
ORD-00868,2025-07-07,East,Corporate,Technology,Phones,Phone A,7,211.2,0.15,1256.64,215.4,CUST-0239
ORD-05935,2025-07-07,South,Home Office,Furniture,Chairs,Conference Chair,1,183.66,0.0,183.66,21.74,CUST-0170
ORD-04366,2025-07-07,East,Consumer,Office Supplies,Paper,Labels,1,56.1,0.0,56.1,3.64,CUST-0298
ORD-02704,2025-07-07,Central,Consumer,Technology,Accessories,Keyboard,4,269.32,0.05,1023.42,213.87,CUST-0297
ORD-04847,2025-07-07,West,Corporate,Office Supplies,Storage,Organizer,7,50.23,0.1,316.45,46.59,CUST-1013
ORD-04891,2025-07-07,West,Home Office,Furniture,Bookcases,Shelf Unit,7,202.55,0.1,1276.06,163.95,CUST-0773
ORD-01969,2025-07-08,East,Corporate,Technology,Accessories,Headset,5,117.89,0.05,559.98,105.87,CUST-0382
ORD-02208,2025-07-08,South,Corporate,Technology,Accessories,Keyboard,2,224.97,0.15,382.45,67.56,CUST-1046
ORD-01086,2025-07-08,South,Corporate,Furniture,Chairs,Conference Chair,5,192.03,0.05,912.14,125.5,CUST-0094
ORD-01659,2025-07-08,Central,Consumer,Furniture,Chairs,Office Chair,1,199.34,0.2,159.47,13.31,CUST-0756
ORD-01961,2025-07-09,East,Consumer,Office Supplies,Paper,Copy Paper,7,59.32,0.1,373.72,58.92,CUST-0199
ORD-00019,2025-07-09,West,Corporate,Technology,Computers,Desktop,4,225.14,0.1,810.5,161.06,CUST-1109
ORD-00963,2025-07-09,Central,Consumer,Furniture,Tables,Side Table,1,218.28,0.15,185.54,19.58,CUST-0371
ORD-02451,2025-07-09,East,Home Office,Technology,Accessories,Keyboard,2,286.96,0.2,459.14,89.1,CUST-0617
ORD-01125,2025-07-10,South,Consumer,Furniture,Tables,Meeting Table,5,163.84,0.05,778.24,118.46,CUST-1173
ORD-03459,2025-07-10,West,Corporate,Office Supplies,Paper,Copy Paper,6,77.97,0.0,467.82,93.33,CUST-0469
ORD-05538,2025-07-10,South,Home Office,Furniture,Tables,Desk,1,132.84,0.05,126.2,11.47,CUST-0278
ORD-05322,2025-07-10,West,Corporate,Office Supplies,Storage,Drawer Unit,1,45.2,0.1,40.68,19.93,CUST-0972
ORD-00513,2025-07-10,South,Consumer,Office Supplies,Storage,Drawer Unit,4,55.42,0.15,188.43,32.23,CUST-0488
ORD-03231,2025-07-10,South,Consumer,Technology,Accessories,Keyboard,7,69.87,0.2,391.27,75.3,CUST-0345
ORD-00459,2025-07-10,East,Corporate,Furniture,Bookcases,Storage Cabinet,3,264.95,0.1,715.36,87.12,CUST-0412
ORD-02457,2025-07-10,East,Consumer,Office Supplies,Binders,Presentation Binder,6,50.7,0.25,228.15,25.27,CUST-0618
ORD-01500,2025-07-10,Central,Corporate,Technology,Accessories,Keyboard,7,253.26,0.1,1595.54,307.87,CUST-0832
ORD-00093,2025-07-11,South,Consumer,Technology,Accessories,Mouse,7,197.73,0.1,1245.7,255.47,CUST-0868
ORD-01024,2025-07-11,South,Home Office,Furniture,Tables,Side Table,5,169.43,0.1,762.44,109.33,CUST-1116
ORD-03572,2025-07-11,West,Home Office,Furniture,Tables,Meeting Table,2,208.91,0.0,417.82,47.67,CUST-0045
ORD-04641,2025-07-12,East,Consumer,Technology,Phones,Phone C,1,217.75,0.1,195.98,55.23,CUST-0340
ORD-02826,2025-07-12,East,Consumer,Office Supplies,Storage,Organizer,1,33.99,0.05,32.29,8.25,CUST-1048
ORD-04002,2025-07-12,South,Corporate,Office Supplies,Storage,Storage Box,6,75.46,0.2,362.21,44.47,CUST-0983
ORD-05453,2025-07-12,East,Consumer,Technology,Phones,Phone A,1,199.66,0.05,189.68,37.57,CUST-0129
ORD-04548,2025-07-12,East,Consumer,Furniture,Bookcases,Storage Cabinet,7,207.06,0.15,1232.01,162.77,CUST-0454
ORD-01093,2025-07-12,South,Consumer,Technology,Phones,Phone C,3,211.51,0.2,507.62,82.26,CUST-0423
ORD-04108,2025-07-12,Central,Consumer,Furniture,Bookcases,Bookcase,7,220.69,0.15,1313.11,161.59,CUST-1135
ORD-05733,2025-07-12,West,Consumer,Office Supplies,Storage,Organizer,6,36.65,0.0,219.9,36.22,CUST-0856
ORD-01126,2025-07-13,East,Consumer,Office Supplies,Paper,Notebooks,5,62.74,0.05,298.02,50.68,CUST-0882
ORD-02168,2025-07-13,Central,Home Office,Technology,Phones,Phone C,4,185.26,0.1,666.94,147.69,CUST-0757
ORD-00590,2025-07-13,West,Consumer,Office Supplies,Binders,File Folder,4,50.23,0.2,160.74,28.08,CUST-0010
ORD-05484,2025-07-14,Central,Consumer,Furniture,Bookcases,Storage Cabinet,5,143.93,0.15,611.7,67.76,CUST-0283
ORD-02439,2025-07-14,South,Corporate,Technology,Accessories,Keyboard,2,150.1,0.0,300.2,75.37,CUST-0785
ORD-04785,2025-07-14,West,Home Office,Technology,Computers,Laptop,5,194.69,0.1,876.1,174.58,CUST-0373
ORD-04919,2025-07-14,South,Consumer,Technology,Computers,Desktop,2,150.1,0.2,240.16,44.71,CUST-0409
ORD-04280,2025-07-14,Central,Corporate,Furniture,Chairs,Task Chair,4,162.62,0.1,585.43,68.6,CUST-0683
ORD-01144,2025-07-14,West,Consumer,Office Supplies,Binders,Binder,2,60.62,0.05,115.18,6.52,CUST-0830
ORD-03998,2025-07-15,West,Consumer,Furniture,Tables,Meeting Table,4,181.62,0.0,726.48,124.43,CUST-0345
ORD-05011,2025-07-15,South,Home Office,Furniture,Chairs,Office Chair,1,236.18,0.25,177.14,13.61,CUST-0828
ORD-03629,2025-07-15,East,Consumer,Technology,Computers,Desktop,3,128.42,0.05,366.0,72.22,CUST-1125
ORD-00361,2025-07-15,West,Consumer,Office Supplies,Paper,Labels,5,55.97,0.2,223.88,32.98,CUST-0986
ORD-01844,2025-07-15,West,Corporate,Furniture,Chairs,Office Chair,6,171.78,0.0,1030.68,149.24,CUST-0906
ORD-00723,2025-07-15,South,Consumer,Office Supplies,Storage,Storage Box,7,65.33,0.05,434.44,77.31,CUST-0156
ORD-01599,2025-07-15,West,Consumer,Office Supplies,Binders,Presentation Binder,4,73.96,0.1,266.26,49.52,CUST-0556
ORD-03316,2025-07-16,West,Consumer,Office Supplies,Binders,File Folder,4,40.62,0.0,162.48,38.4,CUST-0793
ORD-05590,2025-07-16,Central,Consumer,Technology,Accessories,Keyboard,4,234.73,0.1,845.03,160.25,CUST-1101
ORD-02036,2025-07-16,East,Home Office,Office Supplies,Paper,Copy Paper,1,54.42,0.05,51.7,11.63,CUST-1113
ORD-05300,2025-07-16,West,Corporate,Technology,Phones,Phone A,6,272.01,0.15,1387.25,232.91,CUST-1024
ORD-01884,2025-07-16,West,Home Office,Technology,Accessories,Mouse,3,198.69,0.25,447.05,72.7,CUST-0363
ORD-04857,2025-07-16,East,Home Office,Office Supplies,Paper,Labels,7,39.38,0.0,275.66,51.2,CUST-0100
ORD-00865,2025-07-16,South,Consumer,Furniture,Chairs,Task Chair,7,209.63,0.2,1173.93,125.72,CUST-0745
ORD-00775,2025-07-16,South,Corporate,Furniture,Tables,Side Table,1,144.35,0.2,115.48,5.21,CUST-0149
ORD-02621,2025-07-17,West,Corporate,Technology,Phones,Phone A,1,200.32,0.15,170.27,23.43,CUST-0617
ORD-01657,2025-07-17,South,Corporate,Furniture,Tables,Meeting Table,2,217.64,0.0,435.28,61.51,CUST-0961
ORD-02149,2025-07-17,South,Consumer,Technology,Computers,Monitor,4,257.43,0.1,926.75,186.5,CUST-0190
ORD-00477,2025-07-17,South,Consumer,Technology,Accessories,Keyboard,4,129.43,0.05,491.83,102.84,CUST-0381
ORD-04057,2025-07-17,South,Consumer,Furniture,Bookcases,Storage Cabinet,3,167.55,0.1,452.39,67.61,CUST-1037
ORD-03334,2025-07-18,West,Consumer,Office Supplies,Binders,Presentation Binder,4,59.86,0.0,239.44,35.1,CUST-0056
ORD-01863,2025-07-18,East,Consumer,Technology,Accessories,Keyboard,5,164.18,0.15,697.77,125.84,CUST-1022
ORD-01163,2025-07-18,South,Consumer,Furniture,Chairs,Conference Chair,5,153.9,0.0,769.5,127.84,CUST-0647
ORD-04762,2025-07-18,South,Consumer,Furniture,Tables,Meeting Table,5,223.3,0.15,949.02,98.86,CUST-1051
ORD-03156,2025-07-18,East,Consumer,Technology,Computers,Monitor,5,227.67,0.15,967.6,179.13,CUST-0463
ORD-02919,2025-07-19,South,Home Office,Furniture,Tables,Desk,2,144.41,0.1,259.94,30.55,CUST-0990
ORD-04781,2025-07-19,Central,Consumer,Office Supplies,Storage,Organizer,1,51.33,0.2,41.06,-7.55,CUST-0734
ORD-00856,2025-07-19,East,Consumer,Office Supplies,Storage,Drawer Unit,2,51.24,0.05,97.36,14.0,CUST-0248
ORD-01548,2025-07-19,East,Consumer,Furniture,Chairs,Office Chair,2,213.48,0.1,384.26,32.85,CUST-0031
ORD-03936,2025-07-19,Central,Consumer,Office Supplies,Binders,File Folder,5,80.49,0.0,402.45,79.65,CUST-0349
ORD-00650,2025-07-19,South,Consumer,Technology,Accessories,Keyboard,7,239.21,0.0,1674.47,383.0,CUST-0272
ORD-03806,2025-07-19,Central,Consumer,Furniture,Chairs,Task Chair,4,135.38,0.15,460.29,61.81,CUST-0454
ORD-01007,2025-07-20,West,Consumer,Office Supplies,Binders,Binder,1,49.52,0.15,42.09,14.41,CUST-0194
ORD-03710,2025-07-20,East,Consumer,Office Supplies,Binders,File Folder,3,57.84,0.1,156.17,28.23,CUST-0514
ORD-03918,2025-07-20,Central,Home Office,Office Supplies,Binders,Binder,1,50.37,0.05,47.85,2.92,CUST-0193
ORD-01158,2025-07-20,East,Corporate,Office Supplies,Binders,Binder,5,48.71,0.25,182.66,17.65,CUST-0907
ORD-05595,2025-07-20,East,Consumer,Furniture,Tables,Side Table,1,153.77,0.0,153.77,13.11,CUST-0107
ORD-00297,2025-07-20,Central,Consumer,Technology,Computers,Laptop,4,132.98,0.0,531.92,120.95,CUST-0651
ORD-00780,2025-07-21,South,Corporate,Furniture,Chairs,Office Chair,2,210.24,0.0,420.48,74.36,CUST-0367
ORD-04327,2025-07-21,South,Home Office,Office Supplies,Paper,Notebooks,6,59.18,0.05,337.33,48.44,CUST-0175
ORD-03332,2025-07-21,South,Corporate,Office Supplies,Storage,Drawer Unit,5,73.47,0.1,330.62,49.19,CUST-0327
ORD-04475,2025-07-21,West,Consumer,Technology,Accessories,Mouse,7,256.61,0.0,1796.27,414.44,CUST-1131
ORD-04897,2025-07-21,Central,Consumer,Office Supplies,Storage,Drawer Unit,1,39.07,0.0,39.07,-0.22,CUST-0733
ORD-04839,2025-07-21,Central,Consumer,Furniture,Tables,Side Table,7,160.43,0.1,1010.71,131.39,CUST-0794
ORD-00882,2025-07-21,South,Consumer,Furniture,Chairs,Conference Chair,5,250.64,0.0,1253.2,212.93,CUST-0414
ORD-03778,2025-07-21,West,Consumer,Technology,Computers,Laptop,5,202.01,0.2,808.04,144.47,CUST-1072
ORD-00560,2025-07-21,West,Corporate,Office Supplies,Storage,Storage Box,5,65.59,0.05,311.55,50.38,CUST-0737
ORD-02655,2025-07-21,West,Consumer,Technology,Phones,Phone A,7,157.56,0.25,827.19,144.57,CUST-0833
ORD-02319,2025-07-21,West,Corporate,Furniture,Chairs,Conference Chair,5,182.04,0.1,819.18,110.13,CUST-0458
ORD-01896,2025-07-22,West,Home Office,Office Supplies,Binders,File Folder,4,59.03,0.15,200.7,33.78,CUST-0168
ORD-02640,2025-07-22,Central,Home Office,Office Supplies,Binders,Binder,3,54.42,0.0,163.26,27.42,CUST-0701
ORD-01150,2025-07-22,West,Corporate,Technology,Computers,Laptop,4,226.85,0.15,771.29,152.39,CUST-0157
ORD-02673,2025-07-22,West,Consumer,Furniture,Tables,Desk,4,191.87,0.2,613.98,50.77,CUST-0392
ORD-04319,2025-07-22,West,Corporate,Furniture,Chairs,Task Chair,7,220.66,0.1,1390.16,188.4,CUST-0403
ORD-03966,2025-07-22,Central,Corporate,Office Supplies,Storage,Organizer,4,57.37,0.05,218.01,30.82,CUST-1058
ORD-01856,2025-07-22,South,Consumer,Furniture,Chairs,Conference Chair,2,182.13,0.0,364.26,54.01,CUST-0173
ORD-05401,2025-07-22,West,Consumer,Technology,Computers,Laptop,1,207.9,0.0,207.9,61.32,CUST-0445
ORD-01465,2025-07-22,East,Consumer,Technology,Computers,Desktop,1,259.65,0.2,207.72,20.47,CUST-0526
ORD-04184,2025-07-23,West,Consumer,Furniture,Tables,Side Table,2,217.86,0.0,435.72,72.92,CUST-0605
ORD-01310,2025-07-23,Central,Consumer,Office Supplies,Paper,Labels,5,63.04,0.0,315.2,57.31,CUST-0076
ORD-02512,2025-07-23,West,Home Office,Technology,Computers,Laptop,7,229.15,0.0,1604.05,375.47,CUST-0632
ORD-05364,2025-07-24,West,Corporate,Technology,Phones,Phone A,2,163.37,0.0,326.74,70.14,CUST-1117
ORD-01552,2025-07-24,Central,Consumer,Furniture,Chairs,Office Chair,7,222.66,0.15,1324.83,155.03,CUST-0664
ORD-02377,2025-07-24,East,Home Office,Office Supplies,Storage,Organizer,3,53.21,0.05,151.65,36.55,CUST-0829
ORD-01314,2025-07-24,South,Home Office,Office Supplies,Paper,Labels,3,35.11,0.0,105.33,19.88,CUST-0084
ORD-00146,2025-07-24,Central,Corporate,Technology,Computers,Laptop,6,233.29,0.25,1049.8,160.29,CUST-0717
ORD-04704,2025-07-24,Central,Consumer,Technology,Phones,Phone A,2,258.33,0.25,387.5,68.84,CUST-0199
ORD-02150,2025-07-24,East,Corporate,Technology,Computers,Monitor,4,106.37,0.2,340.38,62.3,CUST-0197
ORD-05997,2025-07-25,South,Corporate,Office Supplies,Binders,Presentation Binder,3,27.96,0.05,79.69,4.56,CUST-0085
ORD-00643,2025-07-25,South,Home Office,Furniture,Tables,Meeting Table,4,125.56,0.0,502.24,81.3,CUST-1177
ORD-00835,2025-07-25,West,Home Office,Technology,Accessories,Mouse,3,212.98,0.0,638.94,141.31,CUST-0699
ORD-01127,2025-07-25,West,Consumer,Office Supplies,Storage,Organizer,1,59.18,0.0,59.18,7.57,CUST-0329
ORD-05181,2025-07-25,East,Consumer,Technology,Accessories,Headset,1,274.83,0.05,261.09,48.08,CUST-1192
ORD-05836,2025-07-25,East,Consumer,Office Supplies,Binders,Binder,2,65.92,0.0,131.84,31.3,CUST-1089
ORD-01401,2025-07-25,South,Home Office,Office Supplies,Binders,File Folder,4,40.34,0.05,153.29,18.68,CUST-1050
ORD-04067,2025-07-25,Central,Corporate,Furniture,Bookcases,Bookcase,1,252.01,0.1,226.81,18.66,CUST-0621
ORD-01347,2025-07-26,Central,Consumer,Furniture,Bookcases,Storage Cabinet,1,189.99,0.0,189.99,36.54,CUST-0192
ORD-00125,2025-07-26,East,Home Office,Furniture,Bookcases,Shelf Unit,7,229.98,0.2,1287.89,127.48,CUST-0437
ORD-04971,2025-07-26,Central,Corporate,Office Supplies,Binders,Binder,6,44.13,0.1,238.3,22.88,CUST-1007
ORD-04148,2025-07-26,Central,Consumer,Office Supplies,Binders,File Folder,1,53.57,0.1,48.21,17.1,CUST-0745
ORD-00151,2025-07-26,East,Consumer,Technology,Computers,Monitor,7,353.37,0.1,2226.23,453.79,CUST-0267
ORD-02672,2025-07-26,South,Corporate,Furniture,Tables,Side Table,4,222.56,0.1,801.22,117.83,CUST-0025
ORD-01560,2025-07-26,Central,Home Office,Technology,Accessories,Keyboard,6,132.51,0.1,715.55,140.14,CUST-1186
ORD-02994,2025-07-27,South,Consumer,Technology,Accessories,Keyboard,5,266.85,0.05,1267.54,269.17,CUST-0753
ORD-03578,2025-07-27,Central,Home Office,Technology,Computers,Desktop,3,184.36,0.1,497.77,87.67,CUST-0424
ORD-02153,2025-07-27,West,Consumer,Furniture,Tables,Desk,1,183.34,0.05,174.17,26.29,CUST-0055
ORD-01042,2025-07-27,Central,Consumer,Furniture,Bookcases,Bookcase,4,106.91,0.05,406.26,52.62,CUST-0988
ORD-00232,2025-07-27,East,Corporate,Office Supplies,Paper,Labels,3,37.26,0.05,106.19,26.48,CUST-0564
ORD-03985,2025-07-28,West,Consumer,Office Supplies,Binders,Presentation Binder,1,37.23,0.15,31.65,12.17,CUST-1151
ORD-00610,2025-07-28,East,Consumer,Furniture,Tables,Desk,1,111.2,0.05,105.64,25.14,CUST-0927
ORD-04312,2025-07-28,West,Corporate,Office Supplies,Storage,Drawer Unit,4,43.28,0.25,129.84,14.49,CUST-0360
ORD-00037,2025-07-29,Central,Home Office,Office Supplies,Storage,Organizer,7,61.45,0.2,344.12,32.87,CUST-0738
ORD-03379,2025-07-29,West,Corporate,Office Supplies,Paper,Labels,1,74.3,0.1,66.87,4.19,CUST-0293
ORD-01292,2025-07-29,East,Corporate,Technology,Accessories,Headset,5,264.79,0.15,1125.36,213.45,CUST-0622
ORD-03339,2025-07-29,East,Corporate,Office Supplies,Storage,Storage Box,1,60.64,0.0,60.64,27.29,CUST-0366
ORD-05156,2025-07-30,South,Corporate,Office Supplies,Paper,Labels,7,61.51,0.0,430.57,69.18,CUST-0570
ORD-00006,2025-07-30,Central,Corporate,Technology,Computers,Laptop,3,246.19,0.1,664.71,119.07,CUST-0261
ORD-04451,2025-07-30,East,Consumer,Office Supplies,Paper,Labels,6,54.46,0.1,294.08,51.48,CUST-1047
ORD-01706,2025-07-30,West,Corporate,Furniture,Chairs,Office Chair,4,200.55,0.0,802.2,123.02,CUST-0466
ORD-02869,2025-07-31,East,Consumer,Office Supplies,Binders,File Folder,5,44.78,0.1,201.51,34.85,CUST-1115
ORD-03962,2025-07-31,East,Corporate,Technology,Computers,Desktop,3,214.84,0.0,644.52,146.06,CUST-1130
ORD-03732,2025-07-31,West,Consumer,Technology,Accessories,Headset,5,202.67,0.05,962.68,207.44,CUST-0099
ORD-04558,2025-07-31,West,Home Office,Office Supplies,Storage,Organizer,4,60.45,0.1,217.62,39.11,CUST-0916
ORD-04142,2025-07-31,Central,Consumer,Office Supplies,Storage,Organizer,7,53.65,0.0,375.55,69.29,CUST-0570
ORD-02482,2025-07-31,East,Corporate,Technology,Accessories,Headset,2,202.0,0.1,363.6,74.4,CUST-0626
ORD-01247,2025-07-31,South,Consumer,Furniture,Bookcases,Storage Cabinet,5,201.23,0.05,955.84,125.78,CUST-0413
ORD-05430,2025-08-01,Central,Corporate,Technology,Phones,Phone B,5,210.48,0.25,789.3,124.07,CUST-0526
ORD-02198,2025-08-01,West,Consumer,Technology,Computers,Laptop,6,228.51,0.1,1233.95,255.67,CUST-0540
ORD-05489,2025-08-01,South,Consumer,Furniture,Chairs,Task Chair,4,140.02,0.25,420.06,32.23,CUST-0249
ORD-03107,2025-08-01,South,Corporate,Technology,Computers,Laptop,6,223.91,0.25,1007.6,152.8,CUST-0986
ORD-00668,2025-08-01,East,Home Office,Office Supplies,Storage,Storage Box,7,49.9,0.15,296.91,52.54,CUST-0558
ORD-01419,2025-08-01,East,Consumer,Furniture,Tables,Desk,2,185.46,0.0,370.92,68.34,CUST-0298
ORD-04333,2025-08-01,West,Consumer,Office Supplies,Paper,Notebooks,5,44.22,0.1,198.99,15.79,CUST-0767
ORD-02098,2025-08-01,Central,Corporate,Furniture,Bookcases,Storage Cabinet,3,206.39,0.1,557.25,80.92,CUST-0038
ORD-05236,2025-08-01,East,Consumer,Furniture,Bookcases,Storage Cabinet,2,188.53,0.1,339.35,40.55,CUST-1158
ORD-02332,2025-08-01,Central,Home Office,Technology,Phones,Phone B,1,186.41,0.0,186.41,43.84,CUST-0697
ORD-05663,2025-08-01,South,Corporate,Furniture,Chairs,Office Chair,2,154.89,0.2,247.82,19.51,CUST-0628
ORD-01735,2025-08-01,South,Consumer,Furniture,Tables,Desk,6,228.36,0.2,1096.13,105.31,CUST-0594
ORD-01589,2025-08-02,Central,Consumer,Office Supplies,Paper,Copy Paper,3,59.48,0.0,178.44,47.22,CUST-1070
ORD-03264,2025-08-02,Central,Consumer,Furniture,Bookcases,Storage Cabinet,5,178.54,0.1,803.43,105.76,CUST-0264
ORD-05187,2025-08-03,West,Consumer,Technology,Computers,Desktop,7,190.22,0.1,1198.39,221.64,CUST-0388
ORD-02847,2025-08-03,South,Corporate,Office Supplies,Paper,Notebooks,2,45.72,0.15,77.72,19.8,CUST-0437
ORD-04149,2025-08-03,Central,Consumer,Furniture,Bookcases,Bookcase,3,170.45,0.15,434.65,53.52,CUST-0706
ORD-02903,2025-08-03,East,Consumer,Office Supplies,Paper,Labels,6,65.91,0.1,355.91,59.74,CUST-1083
ORD-05288,2025-08-03,South,Consumer,Office Supplies,Paper,Notebooks,5,59.86,0.0,299.3,72.03,CUST-0706
ORD-04694,2025-08-03,East,Consumer,Furniture,Chairs,Conference Chair,4,153.85,0.15,523.09,66.94,CUST-0906
ORD-01486,2025-08-03,West,Corporate,Office Supplies,Paper,Labels,1,79.09,0.05,75.14,22.47,CUST-1051
ORD-00829,2025-08-04,South,Consumer,Office Supplies,Paper,Notebooks,6,54.56,0.1,294.62,44.42,CUST-0769
ORD-02601,2025-08-04,West,Home Office,Furniture,Bookcases,Shelf Unit,7,254.21,0.1,1601.52,208.23,CUST-1155
ORD-01509,2025-08-04,Central,Consumer,Furniture,Chairs,Conference Chair,2,135.38,0.15,230.15,26.99,CUST-0367
ORD-01521,2025-08-04,East,Home Office,Office Supplies,Paper,Copy Paper,7,57.6,0.2,322.56,35.7,CUST-0780
ORD-02906,2025-08-05,South,Corporate,Technology,Phones,Phone B,2,218.17,0.25,327.26,49.54,CUST-0654
ORD-03881,2025-08-05,East,Consumer,Technology,Computers,Laptop,5,285.44,0.25,1070.4,167.39,CUST-0838
ORD-03873,2025-08-05,West,Consumer,Office Supplies,Storage,Drawer Unit,4,43.99,0.25,131.97,18.23,CUST-0147
ORD-04944,2025-08-05,West,Consumer,Technology,Phones,Phone C,2,336.16,0.0,672.32,149.1,CUST-0643
ORD-04749,2025-08-05,West,Consumer,Technology,Phones,Phone A,3,216.39,0.1,584.25,120.51,CUST-0445
ORD-00427,2025-08-05,East,Consumer,Office Supplies,Paper,Copy Paper,6,66.57,0.05,379.45,65.8,CUST-0117
ORD-03456,2025-08-06,Central,Home Office,Office Supplies,Storage,Drawer Unit,3,50.26,0.1,135.7,31.27,CUST-0128
ORD-01280,2025-08-06,Central,Home Office,Technology,Accessories,Mouse,7,238.37,0.05,1585.16,358.74,CUST-1160
ORD-01734,2025-08-06,East,Home Office,Furniture,Bookcases,Bookcase,3,179.06,0.0,537.18,81.59,CUST-0526
ORD-01325,2025-08-07,East,Consumer,Technology,Phones,Phone C,1,168.46,0.25,126.34,20.43,CUST-0656
ORD-02558,2025-08-07,West,Home Office,Office Supplies,Paper,Labels,7,66.82,0.15,397.58,50.12,CUST-0411
ORD-03470,2025-08-07,South,Consumer,Furniture,Bookcases,Bookcase,6,194.09,0.2,931.63,87.5,CUST-0398
ORD-03120,2025-08-08,East,Consumer,Office Supplies,Storage,Storage Box,6,51.72,0.05,294.8,69.96,CUST-0712
ORD-03463,2025-08-08,Central,Consumer,Technology,Accessories,Keyboard,6,199.12,0.15,1015.51,183.64,CUST-0343
ORD-03340,2025-08-08,Central,Corporate,Furniture,Tables,Meeting Table,3,153.48,0.25,345.33,30.81,CUST-0268
ORD-02818,2025-08-08,East,Consumer,Technology,Phones,Phone C,7,224.34,0.05,1491.86,321.04,CUST-0731
ORD-05989,2025-08-08,East,Consumer,Furniture,Tables,Desk,4,147.66,0.1,531.58,76.52,CUST-0346
ORD-05173,2025-08-08,Central,Corporate,Furniture,Bookcases,Storage Cabinet,4,145.76,0.2,466.43,44.16,CUST-0835
ORD-01214,2025-08-08,East,Corporate,Technology,Accessories,Headset,2,269.15,0.0,538.3,119.7,CUST-0606
ORD-00504,2025-08-08,Central,Consumer,Office Supplies,Binders,Presentation Binder,6,45.09,0.1,243.49,46.44,CUST-0174
ORD-05797,2025-08-09,West,Consumer,Office Supplies,Binders,Presentation Binder,5,51.33,0.2,205.32,25.17,CUST-1061
ORD-00492,2025-08-09,East,Home Office,Technology,Computers,Monitor,5,251.79,0.15,1070.11,189.3,CUST-1076
ORD-04674,2025-08-09,West,Consumer,Technology,Computers,Desktop,1,148.94,0.15,126.6,28.73,CUST-0763
ORD-01023,2025-08-09,West,Consumer,Office Supplies,Paper,Notebooks,5,60.47,0.25,226.76,12.76,CUST-0012
ORD-04479,2025-08-10,West,Corporate,Technology,Accessories,Keyboard,7,249.78,0.1,1573.61,318.79,CUST-0981
ORD-04540,2025-08-10,East,Home Office,Furniture,Bookcases,Bookcase,7,162.72,0.05,1082.09,164.97,CUST-0318
ORD-04550,2025-08-10,East,Consumer,Technology,Accessories,Headset,2,162.64,0.05,309.02,75.36,CUST-0536
ORD-05514,2025-08-11,South,Corporate,Technology,Accessories,Keyboard,2,147.91,0.0,295.82,58.98,CUST-0306
ORD-03841,2025-08-12,Central,Corporate,Office Supplies,Storage,Storage Box,3,28.16,0.0,84.48,29.27,CUST-1034
ORD-02797,2025-08-12,West,Consumer,Office Supplies,Paper,Labels,2,52.13,0.0,104.26,18.1,CUST-0782
ORD-05400,2025-08-12,South,Corporate,Furniture,Tables,Side Table,2,172.79,0.0,345.58,54.32,CUST-0119
ORD-02105,2025-08-12,South,Home Office,Technology,Accessories,Headset,5,174.91,0.15,743.37,122.99,CUST-0192
ORD-02879,2025-08-12,Central,Consumer,Technology,Computers,Monitor,2,199.1,0.05,378.29,73.55,CUST-1107
ORD-04754,2025-08-13,South,Consumer,Office Supplies,Storage,Drawer Unit,4,67.95,0.1,244.62,42.08,CUST-0826
ORD-05025,2025-08-13,East,Corporate,Office Supplies,Storage,Drawer Unit,4,54.81,0.15,186.35,39.21,CUST-0644
ORD-02756,2025-08-13,Central,Corporate,Office Supplies,Storage,Organizer,2,68.93,0.0,137.86,27.34,CUST-0571
ORD-04609,2025-08-14,West,Consumer,Technology,Accessories,Keyboard,4,240.02,0.0,960.08,217.4,CUST-0353
ORD-03905,2025-08-14,West,Consumer,Furniture,Tables,Meeting Table,5,109.83,0.1,494.24,73.73,CUST-0998
ORD-05119,2025-08-14,West,Corporate,Furniture,Tables,Desk,4,230.17,0.1,828.61,110.42,CUST-1087
ORD-05823,2025-08-14,Central,Consumer,Office Supplies,Paper,Notebooks,5,35.02,0.0,175.1,42.73,CUST-0950
ORD-03160,2025-08-14,South,Home Office,Furniture,Bookcases,Storage Cabinet,4,196.03,0.15,666.5,68.09,CUST-0667
ORD-04817,2025-08-14,Central,Consumer,Technology,Phones,Phone C,7,147.57,0.15,878.04,171.65,CUST-0468
ORD-00921,2025-08-14,East,Consumer,Technology,Computers,Laptop,4,155.93,0.05,592.53,116.6,CUST-0872
ORD-04922,2025-08-14,West,Consumer,Office Supplies,Paper,Notebooks,6,31.2,0.0,187.2,39.67,CUST-0422
ORD-04426,2025-08-14,East,Consumer,Technology,Accessories,Headset,3,172.88,0.15,440.84,91.18,CUST-0451
ORD-02390,2025-08-14,South,Consumer,Office Supplies,Paper,Labels,7,46.66,0.0,326.62,61.19,CUST-0471
ORD-05845,2025-08-15,Central,Consumer,Furniture,Tables,Desk,3,107.54,0.2,258.1,22.41,CUST-0113
ORD-05624,2025-08-15,Central,Corporate,Office Supplies,Storage,Drawer Unit,3,40.19,0.05,114.54,23.37,CUST-1018
ORD-01658,2025-08-15,East,Corporate,Technology,Computers,Laptop,1,285.43,0.0,285.43,66.19,CUST-1112
ORD-01898,2025-08-16,West,Corporate,Office Supplies,Binders,Presentation Binder,4,52.24,0.05,198.51,33.42,CUST-0472
ORD-01408,2025-08-16,West,Corporate,Furniture,Tables,Side Table,3,210.61,0.05,600.24,92.59,CUST-0089
ORD-00396,2025-08-16,South,Corporate,Office Supplies,Storage,Organizer,4,79.86,0.15,271.52,36.77,CUST-0771
ORD-05390,2025-08-16,Central,Consumer,Furniture,Bookcases,Storage Cabinet,1,180.23,0.15,153.2,25.33,CUST-0694
ORD-01943,2025-08-16,Central,Consumer,Technology,Phones,Phone A,5,292.62,0.05,1389.94,297.5,CUST-0422
ORD-02710,2025-08-16,Central,Corporate,Office Supplies,Storage,Drawer Unit,1,63.99,0.1,57.59,13.17,CUST-0643
ORD-05386,2025-08-17,West,Corporate,Office Supplies,Binders,File Folder,1,59.51,0.0,59.51,7.75,CUST-0558
ORD-01245,2025-08-17,Central,Consumer,Technology,Phones,Phone A,7,275.13,0.1,1733.32,353.59,CUST-1134
ORD-02142,2025-08-17,Central,Consumer,Technology,Accessories,Keyboard,7,233.62,0.0,1635.34,379.83,CUST-0203
ORD-03418,2025-08-17,East,Consumer,Office Supplies,Paper,Copy Paper,2,66.36,0.0,132.72,19.34,CUST-0492
ORD-00558,2025-08-17,South,Corporate,Technology,Accessories,Headset,3,241.43,0.15,615.65,126.38,CUST-0574
ORD-05900,2025-08-17,East,Corporate,Technology,Accessories,Mouse,7,256.58,0.2,1436.85,255.03,CUST-1122
ORD-02386,2025-08-17,Central,Consumer,Technology,Phones,Phone A,5,241.81,0.25,906.79,140.67,CUST-0912
ORD-05960,2025-08-17,Central,Consumer,Office Supplies,Storage,Drawer Unit,1,64.97,0.0,64.97,31.91,CUST-0716
ORD-04472,2025-08-18,South,Corporate,Office Supplies,Paper,Notebooks,2,60.85,0.1,109.53,13.94,CUST-0950
ORD-01824,2025-08-18,Central,Consumer,Office Supplies,Binders,File Folder,4,51.15,0.05,194.37,45.55,CUST-0298
ORD-03358,2025-08-18,South,Consumer,Technology,Accessories,Mouse,5,183.81,0.25,689.29,99.03,CUST-0001
ORD-05837,2025-08-19,Central,Corporate,Office Supplies,Storage,Organizer,6,53.74,0.15,274.07,51.48,CUST-0353
ORD-02227,2025-08-19,East,Consumer,Furniture,Bookcases,Storage Cabinet,3,270.67,0.1,730.81,100.46,CUST-0208
ORD-05242,2025-08-19,South,Consumer,Technology,Phones,Phone B,2,218.6,0.05,415.34,88.4,CUST-0692
ORD-02001,2025-08-20,East,Corporate,Furniture,Chairs,Office Chair,1,143.83,0.05,136.64,22.58,CUST-0135
ORD-05647,2025-08-20,Central,Consumer,Office Supplies,Paper,Copy Paper,3,52.52,0.15,133.93,11.98,CUST-1097
ORD-02678,2025-08-20,Central,Home Office,Furniture,Chairs,Task Chair,1,190.2,0.1,171.18,10.0,CUST-0697
ORD-00781,2025-08-20,East,Consumer,Technology,Computers,Laptop,1,185.16,0.0,185.16,40.6,CUST-0632
ORD-01716,2025-08-20,East,Consumer,Technology,Phones,Phone B,3,159.83,0.05,455.52,102.81,CUST-0798
ORD-00812,2025-08-21,East,Consumer,Furniture,Chairs,Office Chair,4,195.89,0.05,744.38,103.16,CUST-1031
ORD-01201,2025-08-21,East,Corporate,Technology,Computers,Laptop,5,244.2,0.2,976.8,178.22,CUST-0522
ORD-01893,2025-08-21,West,Home Office,Furniture,Bookcases,Shelf Unit,2,160.79,0.05,305.5,43.66,CUST-0059
ORD-04865,2025-08-21,Central,Consumer,Office Supplies,Binders,Binder,7,40.43,0.05,268.86,31.96,CUST-0502
ORD-02304,2025-08-21,West,Home Office,Furniture,Bookcases,Bookcase,3,125.25,0.2,300.6,24.36,CUST-0484
ORD-02652,2025-08-21,West,Consumer,Office Supplies,Storage,Drawer Unit,2,69.56,0.2,111.3,8.94,CUST-0185
ORD-04330,2025-08-21,West,Consumer,Office Supplies,Paper,Labels,1,53.75,0.05,51.06,8.36,CUST-0829
ORD-01634,2025-08-22,East,Corporate,Technology,Phones,Phone B,4,137.51,0.1,495.04,116.74,CUST-0058
ORD-01713,2025-08-22,Central,Consumer,Furniture,Chairs,Office Chair,4,194.71,0.0,778.84,136.64,CUST-0510
ORD-05751,2025-08-23,Central,Consumer,Furniture,Tables,Desk,5,109.99,0.05,522.45,77.54,CUST-0308
ORD-04139,2025-08-23,Central,Consumer,Technology,Phones,Phone A,3,312.29,0.15,796.34,155.65,CUST-0153
ORD-05021,2025-08-23,East,Corporate,Office Supplies,Paper,Labels,2,46.87,0.0,93.74,9.84,CUST-1060
ORD-01141,2025-08-23,West,Consumer,Furniture,Bookcases,Shelf Unit,4,186.97,0.05,710.49,96.04,CUST-0837
ORD-01371,2025-08-23,West,Consumer,Furniture,Chairs,Task Chair,4,152.6,0.0,610.4,85.61,CUST-0970
ORD-02651,2025-08-23,South,Consumer,Technology,Phones,Phone C,4,265.4,0.0,1061.6,237.53,CUST-0080
ORD-01792,2025-08-23,East,Corporate,Furniture,Bookcases,Shelf Unit,5,267.33,0.15,1136.15,142.79,CUST-0754
ORD-02701,2025-08-23,South,Consumer,Office Supplies,Storage,Drawer Unit,6,51.8,0.05,295.26,56.1,CUST-0930
ORD-03581,2025-08-24,South,Consumer,Technology,Computers,Desktop,4,296.32,0.05,1126.02,234.66,CUST-1129
ORD-03579,2025-08-24,South,Consumer,Office Supplies,Storage,Storage Box,1,73.41,0.05,69.74,-10.72,CUST-0015
ORD-05868,2025-08-24,West,Consumer,Technology,Computers,Laptop,6,185.04,0.15,943.7,188.98,CUST-1025
ORD-03548,2025-08-24,Central,Consumer,Office Supplies,Paper,Copy Paper,4,48.62,0.2,155.58,24.95,CUST-1036
ORD-00517,2025-08-24,Central,Home Office,Furniture,Bookcases,Shelf Unit,5,74.37,0.1,334.66,44.18,CUST-0637
ORD-05510,2025-08-24,South,Home Office,Technology,Accessories,Keyboard,3,213.71,0.05,609.07,125.46,CUST-0658
ORD-05292,2025-08-24,South,Consumer,Furniture,Tables,Side Table,7,141.57,0.05,941.44,143.22,CUST-0370
ORD-03046,2025-08-25,West,Corporate,Technology,Accessories,Mouse,1,189.83,0.05,180.34,44.88,CUST-0932
ORD-03239,2025-08-25,South,Home Office,Furniture,Chairs,Conference Chair,1,132.72,0.2,106.18,13.42,CUST-1007
ORD-01815,2025-08-26,West,Consumer,Office Supplies,Paper,Notebooks,6,48.02,0.2,230.5,34.56,CUST-0366
ORD-05783,2025-08-26,South,Corporate,Office Supplies,Paper,Notebooks,7,35.89,0.25,188.42,7.05,CUST-0076
ORD-03428,2025-08-26,West,Home Office,Office Supplies,Binders,Presentation Binder,4,39.11,0.15,132.97,32.38,CUST-0690
ORD-04990,2025-08-26,South,Consumer,Furniture,Chairs,Task Chair,5,209.4,0.1,942.3,123.83,CUST-0458
ORD-00904,2025-08-27,West,Consumer,Office Supplies,Paper,Labels,5,55.8,0.2,223.2,23.52,CUST-0383
ORD-02757,2025-08-27,East,Home Office,Furniture,Tables,Desk,3,230.72,0.0,692.16,107.99,CUST-0034
ORD-02240,2025-08-27,Central,Consumer,Technology,Accessories,Keyboard,5,161.94,0.1,728.73,140.99,CUST-1081
ORD-04012,2025-08-28,South,Corporate,Office Supplies,Storage,Storage Box,7,46.09,0.0,322.63,64.45,CUST-0229
ORD-03474,2025-08-28,Central,Consumer,Furniture,Chairs,Conference Chair,4,204.44,0.25,613.32,59.29,CUST-0608
ORD-00375,2025-08-29,West,Corporate,Office Supplies,Binders,File Folder,7,59.88,0.1,377.24,65.63,CUST-1008
ORD-01324,2025-08-29,East,Corporate,Furniture,Bookcases,Storage Cabinet,3,206.98,0.1,558.85,68.37,CUST-0553
ORD-05693,2025-08-29,East,Corporate,Technology,Computers,Desktop,3,177.63,0.05,506.25,108.59,CUST-0012
ORD-04728,2025-08-29,East,Corporate,Technology,Computers,Monitor,7,286.8,0.2,1606.08,274.32,CUST-0284
ORD-05222,2025-08-29,South,Consumer,Office Supplies,Storage,Storage Box,2,40.42,0.0,80.84,21.67,CUST-1194
ORD-04713,2025-08-29,West,Home Office,Furniture,Bookcases,Shelf Unit,4,165.62,0.0,662.48,108.84,CUST-0625
ORD-01004,2025-08-29,East,Consumer,Technology,Accessories,Mouse,1,263.54,0.2,210.83,29.78,CUST-0100
ORD-02091,2025-08-30,West,Corporate,Technology,Accessories,Headset,6,314.69,0.05,1793.73,394.14,CUST-0062
ORD-05091,2025-08-30,West,Consumer,Office Supplies,Paper,Copy Paper,6,65.73,0.1,354.94,50.15,CUST-0331
ORD-01752,2025-08-30,West,Consumer,Furniture,Bookcases,Storage Cabinet,5,199.24,0.0,996.2,164.67,CUST-0189
ORD-05546,2025-08-30,West,Corporate,Furniture,Tables,Desk,2,175.43,0.1,315.77,48.54,CUST-0729
ORD-01375,2025-08-30,Central,Corporate,Furniture,Chairs,Conference Chair,4,244.72,0.05,929.94,129.99,CUST-0681
ORD-05266,2025-08-30,South,Corporate,Office Supplies,Storage,Organizer,5,40.61,0.05,192.9,28.48,CUST-1155
ORD-01912,2025-08-31,West,Corporate,Furniture,Tables,Meeting Table,6,178.88,0.15,912.29,116.86,CUST-0083
ORD-04574,2025-08-31,West,Corporate,Furniture,Chairs,Conference Chair,6,183.74,0.1,992.2,124.62,CUST-0050
ORD-02498,2025-08-31,West,Home Office,Office Supplies,Storage,Storage Box,7,54.6,0.15,324.87,37.93,CUST-0297
ORD-03506,2025-08-31,East,Consumer,Office Supplies,Paper,Notebooks,3,41.64,0.15,106.18,1.02,CUST-0890
ORD-00035,2025-08-31,South,Consumer,Office Supplies,Paper,Labels,3,79.63,0.1,215.0,42.35,CUST-0476
ORD-04701,2025-08-31,East,Home Office,Technology,Phones,Phone A,7,213.8,0.05,1421.77,306.47,CUST-1067
ORD-04469,2025-09-01,South,Consumer,Office Supplies,Storage,Storage Box,4,104.46,0.15,355.16,51.44,CUST-0117
ORD-04717,2025-09-01,West,Corporate,Office Supplies,Binders,File Folder,4,56.27,0.1,202.57,37.71,CUST-0647
ORD-00565,2025-09-01,South,Corporate,Furniture,Chairs,Conference Chair,2,134.16,0.2,214.66,19.38,CUST-1031
ORD-02452,2025-09-02,Central,Home Office,Technology,Phones,Phone C,4,196.36,0.15,667.62,128.08,CUST-0387
ORD-03126,2025-09-02,West,Corporate,Furniture,Tables,Desk,5,107.42,0.15,456.54,63.28,CUST-1012
ORD-03162,2025-09-02,Central,Corporate,Office Supplies,Paper,Labels,7,62.26,0.15,370.45,58.57,CUST-0026
ORD-01606,2025-09-02,West,Consumer,Technology,Computers,Desktop,4,139.69,0.1,502.88,108.7,CUST-0626
ORD-01692,2025-09-02,East,Consumer,Office Supplies,Storage,Drawer Unit,7,56.77,0.05,377.52,76.11,CUST-0793
ORD-00362,2025-09-03,West,Consumer,Furniture,Tables,Side Table,1,147.68,0.25,110.76,-4.34,CUST-0796
ORD-05743,2025-09-03,East,Corporate,Technology,Computers,Desktop,1,202.24,0.15,171.9,22.68,CUST-0556
ORD-01389,2025-09-03,Central,Consumer,Furniture,Chairs,Conference Chair,7,180.97,0.25,950.09,83.41,CUST-1101
ORD-00358,2025-09-04,West,Corporate,Technology,Phones,Phone C,6,199.16,0.05,1135.21,239.22,CUST-0428
ORD-04863,2025-09-04,East,Consumer,Office Supplies,Binders,File Folder,5,71.55,0.2,286.2,35.05,CUST-0961
ORD-00389,2025-09-04,West,Consumer,Furniture,Chairs,Conference Chair,5,143.56,0.1,646.02,71.57,CUST-0884
ORD-03795,2025-09-04,Central,Consumer,Technology,Accessories,Headset,3,229.4,0.15,584.97,111.04,CUST-0024
ORD-05184,2025-09-05,East,Consumer,Office Supplies,Binders,Binder,4,46.94,0.0,187.76,35.83,CUST-0266
ORD-02300,2025-09-05,East,Corporate,Technology,Computers,Laptop,4,250.95,0.2,803.04,148.77,CUST-0325
ORD-04808,2025-09-05,West,Consumer,Office Supplies,Storage,Drawer Unit,7,61.61,0.2,345.02,41.93,CUST-1084
ORD-03820,2025-09-05,South,Consumer,Office Supplies,Binders,Presentation Binder,1,46.9,0.0,46.9,11.13,CUST-0386
ORD-05460,2025-09-05,Central,Consumer,Office Supplies,Paper,Copy Paper,3,68.13,0.2,163.51,24.83,CUST-0177
ORD-00048,2025-09-05,Central,Consumer,Technology,Computers,Monitor,6,248.76,0.15,1268.68,242.16,CUST-0808
ORD-02042,2025-09-05,East,Consumer,Office Supplies,Paper,Labels,6,60.25,0.1,325.35,41.59,CUST-0944
ORD-05414,2025-09-05,West,Corporate,Office Supplies,Paper,Notebooks,7,64.14,0.1,404.08,61.88,CUST-0247
ORD-02471,2025-09-05,Central,Consumer,Office Supplies,Storage,Drawer Unit,2,50.73,0.05,96.39,29.17,CUST-0021
ORD-00364,2025-09-06,Central,Consumer,Office Supplies,Paper,Notebooks,5,57.5,0.15,244.38,29.82,CUST-1144
ORD-04334,2025-09-06,Central,Consumer,Furniture,Tables,Side Table,2,141.06,0.0,282.12,49.71,CUST-0423
ORD-00579,2025-09-06,Central,Consumer,Furniture,Tables,Desk,6,122.11,0.25,549.5,45.76,CUST-1084
ORD-03030,2025-09-07,East,Consumer,Office Supplies,Binders,Binder,4,66.79,0.25,200.37,22.83,CUST-0921
ORD-04406,2025-09-07,East,Consumer,Office Supplies,Paper,Notebooks,5,71.24,0.0,356.2,58.02,CUST-0996
ORD-02446,2025-09-07,East,Consumer,Furniture,Chairs,Office Chair,5,123.52,0.1,555.84,73.34,CUST-0561
ORD-02061,2025-09-07,East,Consumer,Office Supplies,Binders,File Folder,3,61.45,0.0,184.35,38.13,CUST-0692
ORD-01304,2025-09-08,West,Consumer,Furniture,Tables,Side Table,7,200.06,0.2,1120.34,110.53,CUST-0618
ORD-04282,2025-09-08,East,Consumer,Furniture,Bookcases,Bookcase,7,215.07,0.2,1204.39,120.52,CUST-0657
ORD-05334,2025-09-08,Central,Consumer,Technology,Accessories,Keyboard,7,224.92,0.15,1338.27,258.66,CUST-0582
ORD-00304,2025-09-09,South,Corporate,Technology,Computers,Laptop,6,221.39,0.0,1328.34,306.18,CUST-1126
ORD-01878,2025-09-09,Central,Consumer,Technology,Phones,Phone C,2,261.39,0.25,392.08,76.11,CUST-1128
ORD-02978,2025-09-09,West,Consumer,Office Supplies,Storage,Storage Box,5,56.88,0.25,213.3,23.68,CUST-0030
ORD-01557,2025-09-09,Central,Consumer,Technology,Phones,Phone B,6,233.29,0.0,1399.74,328.45,CUST-0560
ORD-00828,2025-09-10,West,Consumer,Office Supplies,Binders,File Folder,3,48.9,0.2,117.36,22.25,CUST-0095
ORD-04565,2025-09-10,West,Corporate,Technology,Accessories,Keyboard,7,196.02,0.1,1234.93,253.4,CUST-0809
ORD-01384,2025-09-10,West,Corporate,Technology,Accessories,Keyboard,7,221.26,0.05,1471.38,328.42,CUST-0040
ORD-03243,2025-09-10,East,Consumer,Furniture,Tables,Meeting Table,6,105.72,0.0,634.32,92.57,CUST-1117
ORD-03831,2025-09-10,West,Consumer,Office Supplies,Binders,Binder,6,55.27,0.25,248.72,31.58,CUST-0308
ORD-01471,2025-09-10,South,Consumer,Furniture,Bookcases,Shelf Unit,7,173.71,0.0,1215.97,184.32,CUST-0099
ORD-01632,2025-09-10,West,Consumer,Technology,Computers,Laptop,1,268.42,0.15,228.16,56.08,CUST-0215
ORD-04620,2025-09-11,South,Corporate,Office Supplies,Binders,Presentation Binder,2,64.51,0.0,129.02,14.58,CUST-0586
ORD-04433,2025-09-11,Central,Consumer,Furniture,Chairs,Conference Chair,5,217.63,0.05,1033.74,149.24,CUST-0712
ORD-00095,2025-09-11,West,Consumer,Furniture,Chairs,Office Chair,2,194.18,0.1,349.52,28.25,CUST-0934
ORD-00740,2025-09-11,West,Corporate,Furniture,Bookcases,Shelf Unit,7,218.37,0.0,1528.59,230.15,CUST-1014
ORD-04450,2025-09-11,West,Consumer,Office Supplies,Paper,Labels,4,56.93,0.2,182.18,19.47,CUST-0913
ORD-04933,2025-09-12,East,Corporate,Technology,Computers,Laptop,5,239.93,0.2,959.72,161.96,CUST-0747
ORD-05461,2025-09-12,South,Corporate,Office Supplies,Storage,Organizer,6,41.66,0.1,224.96,25.69,CUST-0127
ORD-02838,2025-09-12,West,Home Office,Furniture,Chairs,Conference Chair,5,195.36,0.1,879.12,126.62,CUST-0969
ORD-04597,2025-09-12,West,Consumer,Furniture,Chairs,Task Chair,5,118.98,0.1,535.41,74.26,CUST-0166
ORD-04850,2025-09-13,Central,Consumer,Office Supplies,Storage,Drawer Unit,7,64.9,0.15,386.16,64.0,CUST-0556
ORD-04190,2025-09-13,Central,Corporate,Furniture,Chairs,Task Chair,6,201.47,0.15,1027.5,130.5,CUST-0867
ORD-00179,2025-09-14,East,Corporate,Furniture,Bookcases,Shelf Unit,3,190.8,0.15,486.54,62.68,CUST-0878
ORD-03109,2025-09-14,West,Consumer,Furniture,Chairs,Task Chair,3,176.64,0.0,529.92,72.93,CUST-0773
ORD-05249,2025-09-14,West,Consumer,Technology,Accessories,Keyboard,4,258.33,0.1,929.99,188.57,CUST-0283
ORD-04981,2025-09-14,West,Corporate,Technology,Accessories,Headset,2,230.86,0.1,415.55,84.71,CUST-0985
ORD-01826,2025-09-15,West,Corporate,Furniture,Tables,Meeting Table,6,129.19,0.2,620.11,68.41,CUST-0923
ORD-05240,2025-09-15,West,Consumer,Furniture,Bookcases,Shelf Unit,2,191.08,0.05,363.05,50.69,CUST-0445
ORD-01428,2025-09-16,East,Corporate,Technology,Accessories,Headset,7,205.12,0.0,1435.84,340.18,CUST-0319
ORD-05056,2025-09-16,Central,Consumer,Technology,Accessories,Headset,3,226.6,0.0,679.8,152.01,CUST-0228
ORD-02778,2025-09-16,West,Consumer,Technology,Phones,Phone C,5,341.51,0.05,1622.17,352.6,CUST-0942
ORD-02939,2025-09-16,Central,Consumer,Furniture,Chairs,Office Chair,6,200.35,0.1,1081.89,145.87,CUST-0370
ORD-01315,2025-09-16,East,Corporate,Technology,Phones,Phone B,3,256.9,0.05,732.16,166.85,CUST-0010
ORD-00220,2025-09-16,West,Consumer,Furniture,Chairs,Office Chair,3,131.09,0.1,353.94,41.63,CUST-0257
ORD-00592,2025-09-16,West,Consumer,Technology,Computers,Monitor,5,82.61,0.1,371.74,76.69,CUST-0848
ORD-03518,2025-09-16,Central,Consumer,Office Supplies,Binders,Binder,5,49.31,0.0,246.55,52.18,CUST-0241
ORD-01037,2025-09-16,West,Home Office,Technology,Phones,Phone A,1,245.83,0.1,221.25,53.85,CUST-1187
ORD-05619,2025-09-17,East,Consumer,Office Supplies,Storage,Organizer,2,51.47,0.0,102.94,19.07,CUST-0558
ORD-01732,2025-09-17,South,Consumer,Furniture,Chairs,Conference Chair,2,186.19,0.2,297.9,15.08,CUST-0648
ORD-03826,2025-09-17,Central,Home Office,Furniture,Chairs,Conference Chair,2,170.98,0.1,307.76,39.17,CUST-0339
ORD-01206,2025-09-17,Central,Corporate,Furniture,Bookcases,Shelf Unit,5,178.16,0.05,846.26,127.51,CUST-0808
ORD-04081,2025-09-17,South,Consumer,Furniture,Bookcases,Storage Cabinet,2,139.92,0.15,237.86,44.47,CUST-0883
ORD-02989,2025-09-17,South,Home Office,Office Supplies,Paper,Copy Paper,3,46.72,0.15,119.14,24.92,CUST-0906
ORD-03704,2025-09-19,East,Corporate,Technology,Accessories,Keyboard,7,164.59,0.05,1094.52,228.2,CUST-0960
ORD-00067,2025-09-19,West,Consumer,Office Supplies,Paper,Copy Paper,4,65.52,0.0,262.08,38.53,CUST-1094
ORD-03910,2025-09-19,West,Consumer,Furniture,Tables,Desk,1,209.28,0.2,167.42,6.06,CUST-0719
ORD-00345,2025-09-19,West,Corporate,Furniture,Bookcases,Storage Cabinet,3,194.43,0.0,583.29,86.04,CUST-0359
ORD-04207,2025-09-20,West,Consumer,Technology,Accessories,Headset,3,180.04,0.1,486.11,107.64,CUST-1006
ORD-02287,2025-09-20,South,Home Office,Furniture,Chairs,Conference Chair,1,132.73,0.15,112.82,12.05,CUST-0778
ORD-03750,2025-09-20,Central,Consumer,Furniture,Tables,Meeting Table,1,143.76,0.05,136.57,26.64,CUST-0201
ORD-05513,2025-09-20,West,Corporate,Furniture,Bookcases,Bookcase,5,125.93,0.0,629.65,112.61,CUST-0398
ORD-02068,2025-09-21,West,Consumer,Technology,Accessories,Mouse,7,226.04,0.0,1582.28,369.49,CUST-0486
ORD-01287,2025-09-21,South,Home Office,Furniture,Bookcases,Storage Cabinet,4,215.34,0.15,732.16,81.62,CUST-0969
ORD-01108,2025-09-21,Central,Home Office,Office Supplies,Paper,Copy Paper,5,33.75,0.1,151.88,25.74,CUST-0289
ORD-03298,2025-09-21,Central,Consumer,Furniture,Chairs,Conference Chair,3,214.86,0.0,644.58,107.28,CUST-0350
ORD-04823,2025-09-22,West,Consumer,Technology,Computers,Laptop,5,260.5,0.0,1302.5,303.73,CUST-1170
ORD-00202,2025-09-22,South,Home Office,Furniture,Chairs,Office Chair,2,134.29,0.05,255.15,25.93,CUST-1079
ORD-03128,2025-09-22,East,Corporate,Technology,Phones,Phone B,1,284.53,0.2,227.62,43.95,CUST-0500
ORD-01154,2025-09-23,West,Consumer,Furniture,Tables,Meeting Table,3,264.87,0.2,635.69,65.98,CUST-0973
ORD-00843,2025-09-23,Central,Consumer,Furniture,Bookcases,Shelf Unit,5,166.54,0.15,707.8,80.71,CUST-1096
ORD-05243,2025-09-23,South,Corporate,Technology,Phones,Phone C,6,217.05,0.15,1106.96,207.85,CUST-1087
ORD-05071,2025-09-23,West,Corporate,Technology,Computers,Laptop,5,257.34,0.15,1093.69,200.45,CUST-1022
ORD-01390,2025-09-23,Central,Consumer,Furniture,Tables,Meeting Table,5,221.45,0.0,1107.25,179.42,CUST-0768
ORD-01569,2025-09-23,Central,Consumer,Office Supplies,Paper,Notebooks,7,58.18,0.05,386.9,54.7,CUST-0860
ORD-03590,2025-09-24,West,Corporate,Technology,Phones,Phone C,4,215.99,0.2,691.17,132.38,CUST-0072
ORD-03095,2025-09-24,South,Consumer,Furniture,Chairs,Office Chair,3,113.34,0.0,340.02,47.82,CUST-0475
ORD-02114,2025-09-24,South,Consumer,Office Supplies,Storage,Storage Box,2,42.33,0.0,84.66,13.43,CUST-0316
ORD-04514,2025-09-24,Central,Consumer,Office Supplies,Binders,Presentation Binder,2,43.47,0.05,82.59,12.85,CUST-0566
ORD-02693,2025-09-24,West,Consumer,Office Supplies,Storage,Drawer Unit,2,62.57,0.15,106.37,20.2,CUST-1062
ORD-00840,2025-09-25,West,Home Office,Office Supplies,Storage,Organizer,2,74.63,0.15,126.87,25.28,CUST-0217
ORD-05311,2025-09-25,South,Consumer,Technology,Accessories,Mouse,1,240.97,0.2,192.78,44.59,CUST-0192
ORD-04153,2025-09-26,South,Consumer,Technology,Phones,Phone B,3,235.41,0.25,529.67,95.88,CUST-0639
ORD-04515,2025-09-26,Central,Consumer,Technology,Accessories,Headset,1,196.41,0.1,176.77,40.07,CUST-0112
ORD-05925,2025-09-26,West,Consumer,Furniture,Tables,Desk,7,130.38,0.1,821.39,113.54,CUST-1054
ORD-02785,2025-09-26,East,Corporate,Furniture,Chairs,Task Chair,7,140.82,0.1,887.17,108.68,CUST-0677
ORD-05050,2025-09-26,Central,Consumer,Furniture,Bookcases,Bookcase,4,189.01,0.0,756.04,121.71,CUST-0282
ORD-02894,2025-09-27,South,Corporate,Technology,Phones,Phone C,1,308.38,0.0,308.38,67.23,CUST-0230
ORD-05325,2025-09-27,South,Consumer,Office Supplies,Storage,Organizer,4,56.38,0.15,191.69,25.58,CUST-1009
ORD-04249,2025-09-27,South,Home Office,Office Supplies,Paper,Labels,4,55.38,0.2,177.22,21.85,CUST-0921
ORD-01708,2025-09-27,West,Corporate,Furniture,Tables,Meeting Table,1,126.99,0.2,101.59,21.78,CUST-0842
ORD-02164,2025-09-27,West,Home Office,Technology,Phones,Phone A,5,170.7,0.1,768.15,150.82,CUST-0885
ORD-03202,2025-09-27,West,Corporate,Technology,Computers,Desktop,1,144.12,0.0,144.12,43.69,CUST-0625
ORD-05192,2025-09-27,South,Corporate,Office Supplies,Paper,Notebooks,5,68.11,0.25,255.41,44.09,CUST-0546
ORD-05865,2025-09-27,East,Consumer,Technology,Phones,Phone A,3,323.04,0.1,872.21,170.93,CUST-0197
ORD-03384,2025-09-27,Central,Consumer,Furniture,Bookcases,Shelf Unit,3,199.47,0.0,598.41,105.54,CUST-0097
ORD-02101,2025-09-27,Central,Home Office,Technology,Phones,Phone C,2,168.48,0.1,303.26,71.87,CUST-0607
ORD-05908,2025-09-28,South,Consumer,Office Supplies,Storage,Storage Box,6,57.28,0.05,326.5,62.6,CUST-0658
ORD-01507,2025-09-28,West,Corporate,Technology,Accessories,Mouse,3,230.49,0.25,518.6,74.84,CUST-0358
ORD-00943,2025-09-28,East,Corporate,Technology,Phones,Phone B,2,219.73,0.1,395.51,72.13,CUST-0971
ORD-05239,2025-09-28,Central,Corporate,Office Supplies,Paper,Copy Paper,4,49.93,0.1,179.75,29.9,CUST-1022
ORD-05987,2025-09-28,West,Home Office,Office Supplies,Storage,Storage Box,6,54.86,0.0,329.16,50.41,CUST-0031
ORD-02633,2025-09-28,West,Consumer,Technology,Computers,Laptop,6,204.2,0.1,1102.68,237.48,CUST-0143
ORD-05920,2025-09-28,Central,Consumer,Furniture,Chairs,Task Chair,7,152.42,0.2,853.55,88.12,CUST-0057
ORD-05054,2025-09-28,Central,Home Office,Technology,Computers,Laptop,6,233.28,0.0,1399.68,321.71,CUST-0675
ORD-02113,2025-09-29,Central,Consumer,Technology,Phones,Phone A,1,305.43,0.25,229.07,31.64,CUST-1180
ORD-05037,2025-09-29,West,Home Office,Furniture,Chairs,Conference Chair,5,268.37,0.0,1341.85,208.86,CUST-0284
ORD-05877,2025-09-29,South,Home Office,Office Supplies,Storage,Storage Box,3,61.61,0.0,184.83,31.36,CUST-0638
ORD-00324,2025-09-30,South,Corporate,Technology,Accessories,Keyboard,2,212.33,0.15,360.96,68.95,CUST-0988
ORD-01951,2025-09-30,East,Consumer,Office Supplies,Paper,Labels,5,55.2,0.15,234.6,26.99,CUST-0143
ORD-02305,2025-09-30,East,Corporate,Office Supplies,Binders,File Folder,1,57.11,0.15,48.54,14.86,CUST-0623
ORD-00529,2025-09-30,South,Corporate,Furniture,Bookcases,Shelf Unit,3,168.04,0.05,478.91,72.04,CUST-0157
ORD-01354,2025-09-30,East,Corporate,Office Supplies,Storage,Storage Box,6,42.41,0.15,216.29,33.86,CUST-0504
ORD-02531,2025-09-30,West,Corporate,Office Supplies,Paper,Labels,2,51.24,0.15,87.11,18.29,CUST-0257
ORD-02796,2025-09-30,Central,Corporate,Furniture,Bookcases,Shelf Unit,7,228.62,0.1,1440.31,194.6,CUST-1037
ORD-01948,2025-10-01,South,Corporate,Furniture,Chairs,Conference Chair,1,273.67,0.15,232.62,25.7,CUST-0073
ORD-00642,2025-10-01,East,Consumer,Furniture,Bookcases,Bookcase,6,251.96,0.1,1360.58,183.52,CUST-0063
ORD-04335,2025-10-01,West,Consumer,Office Supplies,Binders,Presentation Binder,7,56.99,0.2,319.14,24.78,CUST-0896
ORD-03445,2025-10-02,East,Consumer,Office Supplies,Paper,Labels,7,66.14,0.15,393.53,70.8,CUST-0605
ORD-01170,2025-10-02,West,Consumer,Office Supplies,Paper,Notebooks,7,46.66,0.1,293.96,42.68,CUST-0133
ORD-00153,2025-10-02,West,Consumer,Office Supplies,Storage,Drawer Unit,2,58.65,0.1,105.57,22.09,CUST-0276
ORD-02383,2025-10-02,South,Consumer,Office Supplies,Binders,File Folder,6,54.88,0.2,263.42,37.15,CUST-0921
ORD-03402,2025-10-02,East,Corporate,Furniture,Chairs,Task Chair,2,151.62,0.15,257.75,31.99,CUST-0890
ORD-03330,2025-10-02,East,Corporate,Technology,Phones,Phone C,6,253.55,0.15,1293.1,252.24,CUST-0767
ORD-00804,2025-10-03,East,Corporate,Office Supplies,Binders,Binder,1,65.02,0.1,58.52,-1.43,CUST-1103
ORD-04731,2025-10-03,Central,Corporate,Furniture,Tables,Side Table,7,211.13,0.2,1182.33,140.11,CUST-0987
ORD-01564,2025-10-03,South,Consumer,Furniture,Tables,Desk,6,248.64,0.1,1342.66,180.56,CUST-0463
ORD-04829,2025-10-03,South,Consumer,Furniture,Bookcases,Storage Cabinet,6,258.97,0.05,1476.13,220.03,CUST-0288
ORD-04959,2025-10-03,East,Corporate,Technology,Phones,Phone C,6,216.95,0.0,1301.7,302.86,CUST-0159
ORD-01103,2025-10-04,Central,Home Office,Technology,Computers,Desktop,5,259.44,0.05,1232.34,264.51,CUST-0545
ORD-01530,2025-10-04,Central,Consumer,Technology,Computers,Monitor,6,262.15,0.15,1336.96,261.71,CUST-0195
ORD-00669,2025-10-04,West,Home Office,Technology,Phones,Phone B,4,255.18,0.2,816.58,147.52,CUST-0743
ORD-05524,2025-10-04,West,Corporate,Technology,Phones,Phone C,1,128.63,0.05,122.2,29.5,CUST-0822
ORD-04640,2025-10-04,West,Consumer,Office Supplies,Paper,Copy Paper,2,41.82,0.1,75.28,7.76,CUST-0178
ORD-03749,2025-10-04,West,Consumer,Technology,Phones,Phone A,3,274.34,0.1,740.72,148.77,CUST-1195
ORD-00715,2025-10-05,South,Consumer,Furniture,Chairs,Task Chair,7,235.54,0.2,1319.02,123.88,CUST-0667
ORD-01705,2025-10-05,East,Consumer,Furniture,Tables,Side Table,4,197.62,0.1,711.43,82.52,CUST-0830
ORD-01081,2025-10-05,West,Consumer,Technology,Phones,Phone C,5,190.95,0.0,954.75,229.28,CUST-0561
ORD-00969,2025-10-05,West,Consumer,Technology,Phones,Phone A,1,225.07,0.1,202.56,44.66,CUST-0775
ORD-00530,2025-10-06,West,Consumer,Technology,Accessories,Headset,5,297.18,0.05,1411.6,307.79,CUST-1039
ORD-01006,2025-10-06,East,Consumer,Office Supplies,Storage,Organizer,4,92.64,0.05,352.03,50.11,CUST-0246
ORD-04431,2025-10-06,South,Home Office,Technology,Accessories,Mouse,2,191.77,0.0,383.54,98.4,CUST-0704
ORD-01972,2025-10-06,East,Home Office,Office Supplies,Paper,Notebooks,7,67.26,0.0,470.82,80.34,CUST-0230
ORD-03845,2025-10-06,Central,Consumer,Technology,Phones,Phone C,6,208.01,0.25,936.04,146.66,CUST-0950
ORD-02625,2025-10-06,East,Corporate,Office Supplies,Binders,Binder,6,56.56,0.2,271.49,30.03,CUST-0637
ORD-03201,2025-10-06,West,Home Office,Office Supplies,Storage,Storage Box,2,60.29,0.1,108.52,25.57,CUST-0887
ORD-05223,2025-10-06,West,Home Office,Furniture,Bookcases,Storage Cabinet,1,182.9,0.05,173.76,29.64,CUST-0665
ORD-05295,2025-10-07,Central,Consumer,Technology,Accessories,Keyboard,4,227.42,0.1,818.71,179.82,CUST-1156
ORD-04430,2025-10-07,South,Home Office,Office Supplies,Binders,File Folder,1,60.85,0.1,54.76,8.6,CUST-0848
ORD-04869,2025-10-07,Central,Consumer,Office Supplies,Binders,Binder,1,46.83,0.15,39.81,-0.76,CUST-0059
ORD-02014,2025-10-07,Central,Consumer,Furniture,Bookcases,Bookcase,5,185.38,0.25,695.18,53.73,CUST-0074
ORD-03658,2025-10-07,South,Corporate,Technology,Accessories,Headset,4,154.27,0.1,555.37,110.18,CUST-1151
ORD-03520,2025-10-07,West,Consumer,Technology,Accessories,Headset,5,196.14,0.15,833.59,147.75,CUST-0641
ORD-00733,2025-10-07,Central,Home Office,Technology,Computers,Desktop,1,300.2,0.15,255.17,41.34,CUST-0813
ORD-02961,2025-10-07,East,Consumer,Furniture,Bookcases,Bookcase,3,163.97,0.0,491.91,77.05,CUST-0661
ORD-05749,2025-10-07,Central,Home Office,Office Supplies,Binders,File Folder,4,52.73,0.15,179.28,19.35,CUST-0635
ORD-02831,2025-10-08,Central,Consumer,Office Supplies,Storage,Organizer,4,58.6,0.1,210.96,46.38,CUST-0980
ORD-05818,2025-10-08,South,Home Office,Office Supplies,Binders,Presentation Binder,1,54.05,0.15,45.94,-5.01,CUST-0726
ORD-03276,2025-10-08,Central,Consumer,Technology,Accessories,Mouse,2,202.17,0.0,404.34,93.01,CUST-0700
ORD-05640,2025-10-08,East,Home Office,Furniture,Bookcases,Shelf Unit,6,203.01,0.0,1218.06,175.31,CUST-0129
ORD-05443,2025-10-08,West,Consumer,Furniture,Chairs,Office Chair,1,288.02,0.0,288.02,44.72,CUST-0864
ORD-04988,2025-10-08,South,Home Office,Furniture,Bookcases,Storage Cabinet,7,164.89,0.0,1154.23,183.97,CUST-0731
ORD-00061,2025-10-08,Central,Home Office,Technology,Computers,Laptop,6,199.62,0.1,1077.95,232.74,CUST-1071
ORD-03801,2025-10-08,West,Home Office,Technology,Phones,Phone C,2,275.95,0.15,469.11,90.71,CUST-0091
ORD-02624,2025-10-09,Central,Corporate,Office Supplies,Storage,Drawer Unit,5,67.45,0.0,337.25,57.02,CUST-0237
ORD-00527,2025-10-09,East,Consumer,Furniture,Chairs,Conference Chair,7,181.6,0.05,1207.64,173.02,CUST-0379
ORD-04979,2025-10-09,South,Home Office,Office Supplies,Paper,Copy Paper,5,53.35,0.15,226.74,31.11,CUST-0822
ORD-01990,2025-10-09,East,Home Office,Office Supplies,Storage,Storage Box,6,55.82,0.2,267.94,18.76,CUST-0159
ORD-01623,2025-10-09,Central,Home Office,Office Supplies,Storage,Organizer,4,66.38,0.25,199.14,20.61,CUST-0550
ORD-01679,2025-10-09,East,Consumer,Office Supplies,Storage,Organizer,1,59.82,0.1,53.84,7.72,CUST-0500
ORD-02166,2025-10-09,Central,Corporate,Office Supplies,Storage,Drawer Unit,6,48.76,0.2,234.05,46.37,CUST-0579
ORD-00452,2025-10-10,Central,Consumer,Office Supplies,Paper,Notebooks,1,50.58,0.05,48.05,11.18,CUST-0742
ORD-00264,2025-10-10,West,Home Office,Technology,Accessories,Keyboard,2,250.93,0.1,451.67,93.28,CUST-0668
ORD-03900,2025-10-10,South,Consumer,Furniture,Bookcases,Bookcase,6,128.63,0.0,771.78,113.65,CUST-0208
ORD-02533,2025-10-10,West,Consumer,Technology,Computers,Monitor,7,224.66,0.25,1179.46,189.36,CUST-0364
ORD-01262,2025-10-10,South,Home Office,Office Supplies,Paper,Labels,3,56.93,0.05,162.25,31.73,CUST-0961
ORD-03605,2025-10-10,Central,Consumer,Furniture,Bookcases,Bookcase,3,237.15,0.25,533.59,38.39,CUST-0976
ORD-05869,2025-10-10,West,Consumer,Technology,Phones,Phone B,2,254.64,0.15,432.89,74.57,CUST-0770
ORD-00586,2025-10-10,South,Home Office,Furniture,Chairs,Office Chair,2,154.81,0.25,232.22,29.36,CUST-0597
ORD-03892,2025-10-11,West,Corporate,Furniture,Tables,Desk,2,189.35,0.1,340.83,43.85,CUST-0590
ORD-00577,2025-10-11,South,Consumer,Office Supplies,Paper,Copy Paper,6,50.45,0.25,227.03,23.47,CUST-0023
ORD-01067,2025-10-11,West,Consumer,Technology,Computers,Desktop,3,198.23,0.2,475.75,93.54,CUST-0750
ORD-03972,2025-10-12,West,Consumer,Technology,Computers,Desktop,4,256.47,0.2,820.7,141.81,CUST-0400
ORD-05312,2025-10-12,West,Consumer,Technology,Phones,Phone B,5,183.09,0.1,823.91,157.24,CUST-0720
ORD-04543,2025-10-12,Central,Consumer,Office Supplies,Storage,Organizer,3,65.91,0.2,158.18,20.5,CUST-0935
ORD-04369,2025-10-12,South,Corporate,Office Supplies,Storage,Organizer,4,49.7,0.15,168.98,35.28,CUST-0494
ORD-02570,2025-10-12,South,Corporate,Office Supplies,Binders,File Folder,3,53.04,0.1,143.21,28.34,CUST-1002
ORD-00024,2025-10-12,Central,Consumer,Office Supplies,Storage,Storage Box,1,47.15,0.2,37.72,2.93,CUST-0300
ORD-05160,2025-10-12,West,Home Office,Office Supplies,Binders,Presentation Binder,4,63.12,0.2,201.98,34.95,CUST-0008
ORD-05931,2025-10-12,Central,Consumer,Office Supplies,Storage,Storage Box,5,93.17,0.1,419.27,65.1,CUST-0571
ORD-00499,2025-10-12,West,Home Office,Furniture,Chairs,Office Chair,4,157.22,0.0,628.88,93.15,CUST-0748
ORD-01182,2025-10-13,East,Corporate,Office Supplies,Binders,File Folder,6,68.79,0.0,412.74,72.33,CUST-0790
ORD-00862,2025-10-13,East,Consumer,Office Supplies,Storage,Drawer Unit,3,30.88,0.15,78.74,15.3,CUST-0748
ORD-02612,2025-10-13,Central,Consumer,Furniture,Tables,Side Table,5,92.36,0.2,369.44,28.8,CUST-1038
ORD-00421,2025-10-13,South,Consumer,Office Supplies,Storage,Drawer Unit,1,64.31,0.05,61.09,17.39,CUST-0946
ORD-03943,2025-10-13,West,Corporate,Technology,Phones,Phone A,1,167.01,0.1,150.31,31.46,CUST-1152
ORD-04295,2025-10-13,Central,Consumer,Technology,Phones,Phone C,6,231.67,0.2,1112.02,188.42,CUST-0830
ORD-04232,2025-10-13,East,Corporate,Office Supplies,Storage,Storage Box,7,42.25,0.05,280.96,46.23,CUST-1030
ORD-00438,2025-10-13,West,Corporate,Furniture,Bookcases,Bookcase,6,214.03,0.05,1219.97,180.85,CUST-0440
ORD-05651,2025-10-14,West,Corporate,Technology,Phones,Phone C,3,258.57,0.15,659.35,123.37,CUST-0357
ORD-04851,2025-10-14,West,Consumer,Furniture,Chairs,Task Chair,4,137.16,0.15,466.34,57.89,CUST-0015
ORD-03495,2025-10-14,South,Corporate,Technology,Computers,Laptop,2,268.15,0.0,536.3,125.18,CUST-0891
ORD-03642,2025-10-14,South,Consumer,Technology,Phones,Phone C,4,293.11,0.05,1113.82,243.56,CUST-0608
ORD-04268,2025-10-14,Central,Consumer,Furniture,Bookcases,Storage Cabinet,6,136.61,0.0,819.66,123.69,CUST-0805
ORD-05983,2025-10-14,Central,Home Office,Office Supplies,Paper,Labels,2,52.46,0.2,83.94,-0.51,CUST-0827
ORD-04380,2025-10-15,West,Home Office,Office Supplies,Storage,Organizer,5,45.59,0.1,205.16,28.46,CUST-0114
ORD-02493,2025-10-15,East,Consumer,Office Supplies,Binders,File Folder,5,46.44,0.2,185.76,17.32,CUST-0584
ORD-02500,2025-10-15,East,Consumer,Technology,Computers,Desktop,1,156.38,0.1,140.74,17.84,CUST-0283
ORD-03896,2025-10-15,East,Corporate,Furniture,Tables,Meeting Table,3,117.62,0.05,335.22,50.43,CUST-1124
ORD-05157,2025-10-15,South,Corporate,Technology,Phones,Phone B,2,235.81,0.25,353.72,59.57,CUST-0583
ORD-04292,2025-10-15,East,Consumer,Office Supplies,Paper,Notebooks,5,57.18,0.1,257.31,38.81,CUST-0898
ORD-04088,2025-10-15,East,Consumer,Furniture,Bookcases,Storage Cabinet,3,175.69,0.15,448.01,56.05,CUST-0362
ORD-04436,2025-10-15,West,Consumer,Office Supplies,Storage,Organizer,1,52.15,0.15,44.33,-4.82,CUST-0953
ORD-03114,2025-10-16,South,Consumer,Furniture,Tables,Side Table,5,178.6,0.1,803.7,106.25,CUST-0143
ORD-04132,2025-10-16,Central,Corporate,Office Supplies,Binders,Binder,4,60.35,0.15,205.19,38.79,CUST-0711
ORD-03313,2025-10-16,South,Consumer,Furniture,Chairs,Task Chair,4,183.13,0.0,732.52,120.06,CUST-0576
ORD-05948,2025-10-16,Central,Consumer,Office Supplies,Binders,Presentation Binder,6,60.51,0.05,344.91,67.53,CUST-1097
ORD-05901,2025-10-16,East,Home Office,Furniture,Bookcases,Shelf Unit,2,207.9,0.0,415.8,59.79,CUST-0242
ORD-03003,2025-10-16,Central,Consumer,Office Supplies,Storage,Drawer Unit,3,44.43,0.1,119.96,20.22,CUST-1126
ORD-01516,2025-10-16,West,Consumer,Furniture,Tables,Desk,7,196.29,0.15,1167.93,130.3,CUST-0032
ORD-03643,2025-10-16,East,Consumer,Office Supplies,Paper,Copy Paper,2,69.85,0.15,118.74,29.06,CUST-0509
ORD-05804,2025-10-17,East,Consumer,Office Supplies,Paper,Notebooks,6,61.32,0.15,312.73,50.66,CUST-0330
ORD-01273,2025-10-17,South,Corporate,Technology,Accessories,Keyboard,4,114.55,0.0,458.2,107.85,CUST-0065
ORD-02675,2025-10-17,West,Consumer,Office Supplies,Paper,Labels,6,32.5,0.0,195.0,26.69,CUST-0716
ORD-05738,2025-10-17,West,Consumer,Furniture,Chairs,Conference Chair,7,190.76,0.0,1335.32,196.02,CUST-0537
ORD-01143,2025-10-17,East,Consumer,Technology,Phones,Phone A,2,204.95,0.0,409.9,108.71,CUST-0741
ORD-00722,2025-10-17,West,Home Office,Technology,Phones,Phone B,5,212.05,0.0,1060.25,231.52,CUST-0638
ORD-02413,2025-10-17,West,Corporate,Technology,Accessories,Mouse,7,175.38,0.05,1166.28,246.02,CUST-0089
ORD-02862,2025-10-17,East,Home Office,Office Supplies,Binders,File Folder,2,68.69,0.1,123.64,17.2,CUST-0125
ORD-02733,2025-10-17,Central,Home Office,Office Supplies,Paper,Notebooks,7,57.66,0.1,363.26,54.53,CUST-0089
ORD-00693,2025-10-17,East,Corporate,Furniture,Bookcases,Shelf Unit,7,155.79,0.2,872.42,91.56,CUST-0695
ORD-04840,2025-10-17,West,Consumer,Technology,Computers,Laptop,6,229.02,0.15,1168.0,211.61,CUST-1065
ORD-01751,2025-10-17,East,Consumer,Technology,Accessories,Headset,2,148.08,0.25,222.12,45.87,CUST-0927
ORD-05248,2025-10-18,East,Consumer,Furniture,Tables,Side Table,6,221.1,0.2,1061.28,126.01,CUST-0719
ORD-04989,2025-10-18,Central,Home Office,Furniture,Tables,Meeting Table,3,196.44,0.0,589.32,102.19,CUST-0443
ORD-04820,2025-10-18,West,Corporate,Office Supplies,Storage,Organizer,5,56.56,0.25,212.1,41.86,CUST-0591
ORD-01977,2025-10-18,West,Consumer,Technology,Phones,Phone B,2,262.64,0.1,472.75,93.38,CUST-0118
ORD-05977,2025-10-18,East,Consumer,Technology,Phones,Phone B,3,228.66,0.15,583.08,113.72,CUST-1173
ORD-03734,2025-10-19,South,Home Office,Office Supplies,Storage,Drawer Unit,7,60.16,0.1,379.01,57.42,CUST-0600
ORD-04273,2025-10-19,East,Home Office,Office Supplies,Paper,Copy Paper,4,55.76,0.1,200.74,25.99,CUST-0184
ORD-02887,2025-10-19,East,Home Office,Office Supplies,Paper,Copy Paper,3,78.53,0.1,212.03,45.69,CUST-0216
ORD-01533,2025-10-19,Central,Consumer,Office Supplies,Binders,Binder,6,51.57,0.1,278.48,43.44,CUST-0992
ORD-00470,2025-10-19,South,Consumer,Technology,Accessories,Mouse,3,213.4,0.1,576.18,102.84,CUST-1012
ORD-02228,2025-10-19,East,Corporate,Furniture,Chairs,Task Chair,4,197.84,0.0,791.36,133.6,CUST-1127
ORD-02572,2025-10-19,East,Home Office,Technology,Accessories,Mouse,3,230.1,0.0,690.3,164.17,CUST-0148
ORD-00491,2025-10-19,Central,Consumer,Office Supplies,Storage,Storage Box,4,65.23,0.25,195.69,27.71,CUST-0473
ORD-05949,2025-10-21,West,Corporate,Technology,Phones,Phone A,3,228.8,0.2,549.12,94.74,CUST-0931
ORD-05578,2025-10-21,East,Consumer,Office Supplies,Paper,Copy Paper,2,57.93,0.2,92.69,18.15,CUST-0429
ORD-01443,2025-10-21,South,Home Office,Technology,Phones,Phone B,1,238.25,0.2,190.6,19.52,CUST-1109
ORD-02695,2025-10-21,Central,Consumer,Furniture,Chairs,Conference Chair,5,150.44,0.25,564.15,50.76,CUST-0305
ORD-03439,2025-10-21,South,Consumer,Technology,Computers,Monitor,7,191.98,0.0,1343.86,304.88,CUST-0294
ORD-00409,2025-10-21,West,Corporate,Furniture,Tables,Meeting Table,7,174.8,0.1,1101.24,148.64,CUST-0310
ORD-00680,2025-10-22,East,Consumer,Office Supplies,Paper,Notebooks,1,51.79,0.1,46.61,8.66,CUST-0693
ORD-01766,2025-10-22,East,Consumer,Office Supplies,Storage,Organizer,1,42.28,0.15,35.94,-3.37,CUST-0392
ORD-02169,2025-10-22,East,Corporate,Office Supplies,Paper,Copy Paper,5,67.74,0.05,321.76,55.96,CUST-0311
ORD-02631,2025-10-22,West,Corporate,Furniture,Tables,Side Table,4,127.22,0.15,432.55,57.02,CUST-0470
ORD-02148,2025-10-22,West,Consumer,Furniture,Bookcases,Shelf Unit,1,201.72,0.15,171.46,22.96,CUST-0367
ORD-00348,2025-10-22,Central,Home Office,Furniture,Bookcases,Bookcase,2,163.73,0.0,327.46,58.78,CUST-0315
ORD-02458,2025-10-22,Central,Consumer,Furniture,Chairs,Task Chair,3,163.16,0.0,489.48,91.65,CUST-0328
ORD-00754,2025-10-22,Central,Consumer,Furniture,Bookcases,Bookcase,4,194.78,0.0,779.12,124.74,CUST-1165
ORD-05399,2025-10-22,South,Consumer,Technology,Accessories,Headset,4,222.8,0.1,802.08,157.21,CUST-0235
ORD-02782,2025-10-22,South,Consumer,Office Supplies,Paper,Labels,7,48.94,0.05,325.45,49.89,CUST-0246
ORD-02878,2025-10-23,East,Consumer,Office Supplies,Paper,Copy Paper,7,56.64,0.15,337.01,54.81,CUST-0679
ORD-04208,2025-10-23,East,Home Office,Office Supplies,Storage,Drawer Unit,5,47.62,0.05,226.2,27.08,CUST-0805
ORD-02953,2025-10-23,West,Consumer,Technology,Computers,Laptop,7,190.49,0.1,1200.09,233.06,CUST-0008
ORD-02791,2025-10-23,South,Corporate,Office Supplies,Storage,Storage Box,6,31.05,0.1,167.67,26.97,CUST-0222
ORD-00764,2025-10-23,East,Consumer,Furniture,Tables,Desk,7,246.5,0.0,1725.5,283.76,CUST-0977
ORD-02289,2025-10-23,West,Consumer,Furniture,Chairs,Conference Chair,6,147.08,0.05,838.36,131.09,CUST-0258
ORD-05197,2025-10-23,Central,Consumer,Furniture,Chairs,Office Chair,7,208.07,0.05,1383.67,193.53,CUST-0524
ORD-00382,2025-10-23,South,Consumer,Technology,Computers,Desktop,2,299.27,0.25,448.9,62.7,CUST-1043
ORD-02649,2025-10-23,West,Consumer,Furniture,Tables,Side Table,3,215.49,0.0,646.47,105.35,CUST-0912
ORD-02942,2025-10-23,Central,Consumer,Technology,Phones,Phone C,2,245.87,0.0,491.74,114.2,CUST-0389
ORD-04404,2025-10-24,West,Corporate,Furniture,Bookcases,Bookcase,7,111.55,0.1,702.76,94.42,CUST-0288
ORD-00286,2025-10-24,Central,Consumer,Technology,Computers,Desktop,6,189.42,0.1,1022.87,205.1,CUST-0411
ORD-05016,2025-10-24,East,Consumer,Technology,Phones,Phone B,3,320.37,0.2,768.89,136.72,CUST-0617
ORD-05099,2025-10-24,West,Home Office,Technology,Computers,Laptop,4,134.75,0.1,485.1,103.09,CUST-0478
ORD-03921,2025-10-25,Central,Corporate,Office Supplies,Paper,Notebooks,3,62.52,0.1,168.8,30.15,CUST-0294
ORD-00181,2025-10-25,South,Consumer,Furniture,Bookcases,Storage Cabinet,3,166.11,0.0,498.33,70.05,CUST-0511
ORD-00319,2025-10-25,East,Corporate,Furniture,Chairs,Office Chair,4,169.95,0.15,577.83,60.95,CUST-0028
ORD-01447,2025-10-25,West,Home Office,Furniture,Tables,Desk,3,175.75,0.0,527.25,77.97,CUST-0412
ORD-04477,2025-10-25,West,Consumer,Office Supplies,Storage,Storage Box,1,42.76,0.15,36.35,11.37,CUST-1075
ORD-03553,2025-10-25,South,Corporate,Technology,Phones,Phone C,3,192.28,0.1,519.16,98.99,CUST-0181
ORD-03172,2025-10-25,West,Home Office,Office Supplies,Binders,Presentation Binder,4,68.5,0.15,232.9,21.03,CUST-0476
ORD-02233,2025-10-25,West,Consumer,Office Supplies,Binders,Presentation Binder,7,71.48,0.0,500.36,111.62,CUST-0781
ORD-03352,2025-10-25,South,Consumer,Office Supplies,Paper,Notebooks,7,54.02,0.1,340.33,57.47,CUST-0574
ORD-03743,2025-10-25,East,Consumer,Furniture,Bookcases,Bookcase,3,174.12,0.2,417.89,41.76,CUST-0169
ORD-01689,2025-10-26,South,Consumer,Furniture,Bookcases,Storage Cabinet,7,143.9,0.1,906.57,127.35,CUST-0521
ORD-02097,2025-10-26,Central,Consumer,Technology,Phones,Phone A,2,153.73,0.2,245.97,42.87,CUST-0770
ORD-05712,2025-10-26,East,Corporate,Furniture,Tables,Desk,6,215.18,0.1,1161.97,164.81,CUST-0636
ORD-00936,2025-10-27,East,Consumer,Technology,Computers,Desktop,1,281.64,0.15,239.39,36.94,CUST-0821
ORD-04381,2025-10-27,West,Consumer,Technology,Computers,Monitor,2,215.56,0.05,409.56,94.18,CUST-0589
ORD-05014,2025-10-27,West,Home Office,Furniture,Bookcases,Storage Cabinet,3,124.36,0.1,335.77,46.97,CUST-0108
ORD-00081,2025-10-27,East,Consumer,Furniture,Tables,Meeting Table,2,143.61,0.15,244.14,28.41,CUST-0760
ORD-01910,2025-10-27,East,Home Office,Office Supplies,Paper,Notebooks,2,33.43,0.1,60.17,13.39,CUST-0142
ORD-02713,2025-10-27,South,Consumer,Office Supplies,Storage,Organizer,2,29.65,0.05,56.33,18.92,CUST-1164
ORD-01874,2025-10-28,Central,Consumer,Office Supplies,Paper,Labels,2,57.31,0.1,103.16,28.18,CUST-0418
ORD-03688,2025-10-28,South,Consumer,Office Supplies,Storage,Storage Box,2,79.22,0.15,134.67,18.3,CUST-1138
ORD-05776,2025-10-28,East,Consumer,Office Supplies,Binders,Presentation Binder,3,50.35,0.15,128.39,15.24,CUST-0368
ORD-01109,2025-10-28,South,Home Office,Office Supplies,Storage,Organizer,1,60.07,0.0,60.07,17.8,CUST-0652
ORD-01837,2025-10-28,East,Consumer,Furniture,Chairs,Conference Chair,3,208.79,0.0,626.37,80.83,CUST-0884
ORD-05198,2025-10-29,East,Consumer,Technology,Computers,Desktop,2,156.06,0.15,265.3,46.58,CUST-0184
ORD-04074,2025-10-29,West,Consumer,Office Supplies,Storage,Storage Box,7,52.45,0.1,330.44,54.88,CUST-0763
ORD-03956,2025-10-30,West,Consumer,Office Supplies,Binders,File Folder,1,42.14,0.0,42.14,-0.31,CUST-0016
ORD-01681,2025-10-30,South,Consumer,Technology,Computers,Desktop,7,295.67,0.05,1966.21,423.88,CUST-1027
ORD-02828,2025-10-30,East,Consumer,Furniture,Bookcases,Storage Cabinet,4,93.99,0.05,357.16,45.44,CUST-0646
ORD-05397,2025-10-31,West,Corporate,Technology,Phones,Phone C,3,277.29,0.15,707.09,135.21,CUST-0840
ORD-04960,2025-10-31,South,Consumer,Office Supplies,Storage,Organizer,6,47.48,0.0,284.88,61.4,CUST-0856
ORD-03310,2025-10-31,Central,Consumer,Technology,Computers,Desktop,6,232.77,0.1,1256.96,257.13,CUST-0171
ORD-04723,2025-11-01,East,Corporate,Technology,Computers,Monitor,5,202.86,0.05,963.58,221.37,CUST-1040
ORD-03705,2025-11-01,West,Consumer,Technology,Phones,Phone C,2,268.52,0.0,537.04,112.78,CUST-0809
ORD-05532,2025-11-01,East,Consumer,Technology,Computers,Desktop,6,193.92,0.2,930.82,160.1,CUST-0837
ORD-03462,2025-11-01,Central,Consumer,Furniture,Chairs,Conference Chair,1,208.79,0.15,177.47,18.86,CUST-1190
ORD-04237,2025-11-01,West,Consumer,Office Supplies,Paper,Copy Paper,5,28.96,0.05,137.56,26.55,CUST-0067
ORD-04965,2025-11-01,East,Home Office,Technology,Accessories,Headset,5,216.19,0.15,918.81,160.43,CUST-0632
ORD-00926,2025-11-02,Central,Home Office,Office Supplies,Binders,File Folder,1,48.07,0.0,48.07,16.88,CUST-0499
ORD-04122,2025-11-02,East,Consumer,Technology,Accessories,Mouse,7,285.8,0.15,1700.51,310.96,CUST-0804
ORD-02620,2025-11-02,East,Consumer,Technology,Accessories,Headset,6,262.05,0.0,1572.3,362.4,CUST-0789
ORD-02918,2025-11-02,Central,Corporate,Furniture,Chairs,Conference Chair,7,177.52,0.0,1242.64,199.04,CUST-0132
ORD-00694,2025-11-02,West,Consumer,Office Supplies,Binders,File Folder,7,43.86,0.2,245.62,26.17,CUST-0394
ORD-05501,2025-11-02,East,Consumer,Office Supplies,Storage,Drawer Unit,7,35.16,0.0,246.12,46.62,CUST-0357
ORD-02221,2025-11-02,East,Consumer,Office Supplies,Binders,Presentation Binder,7,46.99,0.25,246.7,37.46,CUST-0827
ORD-04911,2025-11-03,South,Corporate,Technology,Phones,Phone A,3,151.74,0.05,432.46,95.22,CUST-1138
ORD-03961,2025-11-03,West,Consumer,Technology,Phones,Phone C,7,204.94,0.05,1362.85,301.21,CUST-0823
ORD-02397,2025-11-03,West,Home Office,Technology,Phones,Phone C,6,202.51,0.15,1032.8,190.83,CUST-0842
ORD-02054,2025-11-04,East,Consumer,Technology,Accessories,Headset,4,231.53,0.0,926.12,211.87,CUST-0894
ORD-00949,2025-11-04,South,Corporate,Technology,Computers,Monitor,1,285.79,0.05,271.5,62.48,CUST-0845
ORD-03441,2025-11-04,West,Home Office,Office Supplies,Paper,Notebooks,2,65.38,0.0,130.76,12.6,CUST-0641
ORD-00383,2025-11-04,South,Consumer,Office Supplies,Storage,Storage Box,6,52.66,0.0,315.96,64.95,CUST-0881
ORD-02744,2025-11-04,South,Consumer,Office Supplies,Paper,Copy Paper,6,36.63,0.0,219.78,40.79,CUST-0836
ORD-04438,2025-11-04,West,Consumer,Furniture,Bookcases,Storage Cabinet,6,142.86,0.05,814.3,129.34,CUST-1096
ORD-05057,2025-11-04,Central,Consumer,Office Supplies,Binders,Binder,6,51.05,0.0,306.3,52.14,CUST-0003
ORD-02528,2025-11-05,East,Corporate,Office Supplies,Storage,Organizer,6,73.75,0.15,376.12,52.83,CUST-1026
ORD-05382,2025-11-05,Central,Consumer,Office Supplies,Binders,File Folder,1,68.09,0.1,61.28,6.58,CUST-1020
ORD-00640,2025-11-05,West,Consumer,Furniture,Bookcases,Bookcase,3,151.04,0.15,385.15,50.84,CUST-0636
ORD-00571,2025-11-05,Central,Consumer,Technology,Accessories,Mouse,5,135.13,0.05,641.87,144.32,CUST-0233
ORD-04687,2025-11-05,West,Consumer,Furniture,Chairs,Task Chair,4,141.27,0.0,565.08,102.96,CUST-1113
ORD-04602,2025-11-05,South,Consumer,Office Supplies,Binders,File Folder,1,72.31,0.15,61.46,1.34,CUST-0344
ORD-02908,2025-11-05,Central,Corporate,Furniture,Tables,Desk,2,197.63,0.0,395.26,70.62,CUST-0221
ORD-00965,2025-11-06,West,Consumer,Furniture,Tables,Meeting Table,6,182.85,0.0,1097.1,170.17,CUST-0004
ORD-00763,2025-11-06,East,Corporate,Furniture,Bookcases,Shelf Unit,3,109.66,0.2,263.18,29.53,CUST-0202
ORD-01727,2025-11-06,South,Corporate,Office Supplies,Storage,Drawer Unit,2,43.73,0.15,74.34,12.93,CUST-0105
ORD-03186,2025-11-06,Central,Consumer,Technology,Phones,Phone B,5,178.75,0.1,804.38,157.48,CUST-0024
ORD-05200,2025-11-07,East,Corporate,Office Supplies,Binders,Presentation Binder,5,60.01,0.2,240.04,36.14,CUST-0527
ORD-04468,2025-11-07,East,Corporate,Office Supplies,Binders,Presentation Binder,1,62.73,0.15,53.32,18.03,CUST-0615
ORD-02028,2025-11-07,West,Corporate,Technology,Phones,Phone A,3,234.09,0.05,667.16,139.5,CUST-0235
ORD-01421,2025-11-07,West,Consumer,Office Supplies,Storage,Drawer Unit,5,41.03,0.1,184.64,31.8,CUST-0654
ORD-05108,2025-11-07,South,Consumer,Office Supplies,Binders,File Folder,5,49.03,0.0,245.15,43.06,CUST-0376
ORD-05006,2025-11-07,Central,Home Office,Furniture,Chairs,Conference Chair,5,187.64,0.15,797.47,103.75,CUST-0264
ORD-00776,2025-11-08,West,Consumer,Office Supplies,Storage,Drawer Unit,4,56.06,0.2,179.39,25.87,CUST-0183
ORD-01295,2025-11-09,South,Consumer,Furniture,Tables,Meeting Table,2,173.21,0.15,294.46,31.81,CUST-0321
ORD-03902,2025-11-09,West,Corporate,Technology,Computers,Monitor,5,240.03,0.0,1200.15,273.49,CUST-0348
ORD-00671,2025-11-09,West,Consumer,Office Supplies,Paper,Notebooks,3,25.11,0.2,60.26,4.15,CUST-0480
ORD-01930,2025-11-09,West,Consumer,Technology,Accessories,Headset,1,240.71,0.25,180.53,31.81,CUST-0938
ORD-04199,2025-11-09,Central,Consumer,Office Supplies,Storage,Organizer,4,30.82,0.15,104.79,12.16,CUST-0767
ORD-03840,2025-11-10,South,Home Office,Furniture,Chairs,Office Chair,4,165.47,0.1,595.69,80.91,CUST-0474
ORD-04643,2025-11-10,West,Consumer,Technology,Computers,Monitor,6,213.06,0.15,1086.61,209.52,CUST-0048
ORD-04006,2025-11-10,West,Corporate,Office Supplies,Paper,Copy Paper,3,46.75,0.05,133.24,25.69,CUST-0200
ORD-01269,2025-11-10,South,Corporate,Office Supplies,Paper,Labels,7,53.49,0.05,355.71,56.78,CUST-0704
ORD-01832,2025-11-10,West,Consumer,Office Supplies,Paper,Notebooks,6,55.55,0.1,299.97,48.35,CUST-0262
ORD-01934,2025-11-10,East,Consumer,Furniture,Tables,Desk,2,201.15,0.0,402.3,65.81,CUST-0229
ORD-02122,2025-11-10,West,Corporate,Technology,Accessories,Headset,4,260.72,0.0,1042.88,241.07,CUST-1045
ORD-03575,2025-11-10,West,Corporate,Furniture,Tables,Side Table,4,239.83,0.25,719.49,51.52,CUST-0904
ORD-05673,2025-11-10,South,Consumer,Office Supplies,Paper,Notebooks,5,58.77,0.1,264.47,41.18,CUST-1051
ORD-00340,2025-11-10,West,Consumer,Furniture,Tables,Meeting Table,4,152.56,0.1,549.22,77.78,CUST-1174
ORD-02387,2025-11-10,East,Consumer,Office Supplies,Binders,Binder,7,56.49,0.25,296.57,43.66,CUST-1004
ORD-00293,2025-11-11,Central,Corporate,Office Supplies,Storage,Drawer Unit,3,45.2,0.15,115.26,17.44,CUST-0836
ORD-01784,2025-11-12,Central,Consumer,Technology,Computers,Desktop,3,312.28,0.1,843.16,177.03,CUST-0797
ORD-02165,2025-11-12,Central,Corporate,Office Supplies,Paper,Notebooks,4,42.87,0.1,154.33,27.63,CUST-0581
ORD-02389,2025-11-13,West,Consumer,Furniture,Chairs,Office Chair,4,213.65,0.05,811.87,121.9,CUST-1037
ORD-04599,2025-11-13,West,Consumer,Furniture,Chairs,Office Chair,7,190.71,0.1,1201.47,156.32,CUST-0913
ORD-01440,2025-11-13,West,Consumer,Furniture,Tables,Desk,5,149.75,0.25,561.56,50.27,CUST-0435
ORD-05648,2025-11-13,East,Home Office,Office Supplies,Paper,Labels,6,48.88,0.0,293.28,71.72,CUST-0795
ORD-03036,2025-11-13,South,Home Office,Technology,Accessories,Headset,6,278.57,0.1,1504.28,311.3,CUST-0722
ORD-00448,2025-11-13,Central,Consumer,Furniture,Bookcases,Storage Cabinet,5,186.02,0.05,883.6,127.86,CUST-0106
ORD-02543,2025-11-14,Central,Consumer,Technology,Accessories,Headset,3,286.22,0.2,686.93,116.78,CUST-0352
ORD-04872,2025-11-14,East,Consumer,Furniture,Chairs,Conference Chair,7,140.06,0.2,784.34,77.36,CUST-0973
ORD-01083,2025-11-15,Central,Consumer,Office Supplies,Paper,Copy Paper,7,49.74,0.2,278.54,37.53,CUST-0835
ORD-05898,2025-11-15,West,Consumer,Furniture,Chairs,Office Chair,1,176.09,0.0,176.09,25.17,CUST-0191
ORD-05715,2025-11-15,East,Corporate,Office Supplies,Binders,File Folder,2,40.17,0.0,80.34,-3.04,CUST-0836
ORD-00684,2025-11-16,West,Consumer,Office Supplies,Paper,Copy Paper,6,31.07,0.1,167.78,24.79,CUST-0384
ORD-03488,2025-11-16,Central,Consumer,Technology,Computers,Monitor,2,283.68,0.0,567.36,131.45,CUST-0788
ORD-01054,2025-11-16,West,Consumer,Office Supplies,Binders,Binder,4,58.48,0.1,210.53,33.49,CUST-0059
ORD-05070,2025-11-16,South,Corporate,Technology,Computers,Desktop,7,132.12,0.0,924.84,210.93,CUST-0609
ORD-02770,2025-11-16,Central,Consumer,Furniture,Bookcases,Storage Cabinet,3,214.28,0.15,546.41,69.7,CUST-0018
ORD-00274,2025-11-16,Central,Corporate,Office Supplies,Paper,Copy Paper,1,58.94,0.0,58.94,0.59,CUST-1057
ORD-03839,2025-11-17,South,Consumer,Technology,Computers,Desktop,2,227.6,0.05,432.44,90.88,CUST-1044
ORD-00515,2025-11-17,South,Consumer,Technology,Accessories,Keyboard,5,347.29,0.2,1389.16,250.39,CUST-0789
ORD-04095,2025-11-17,Central,Consumer,Technology,Accessories,Headset,1,231.27,0.15,196.58,51.74,CUST-0611
ORD-01810,2025-11-17,Central,Home Office,Furniture,Chairs,Office Chair,3,159.61,0.0,478.83,72.54,CUST-0011
ORD-01376,2025-11-17,East,Corporate,Office Supplies,Storage,Storage Box,3,23.58,0.15,60.13,0.62,CUST-0776
ORD-01448,2025-11-17,West,Consumer,Technology,Computers,Monitor,1,245.22,0.1,220.7,46.51,CUST-1005
ORD-05244,2025-11-17,West,Consumer,Furniture,Chairs,Task Chair,1,158.68,0.0,158.68,37.04,CUST-0421
ORD-00195,2025-11-17,Central,Consumer,Furniture,Chairs,Task Chair,5,198.29,0.1,892.3,121.31,CUST-1167
ORD-01939,2025-11-17,Central,Consumer,Office Supplies,Binders,File Folder,4,45.89,0.0,183.56,24.7,CUST-0654
ORD-04982,2025-11-17,South,Consumer,Furniture,Bookcases,Bookcase,5,151.91,0.0,759.55,117.38,CUST-0655
ORD-03645,2025-11-17,Central,Consumer,Furniture,Chairs,Conference Chair,3,217.84,0.1,588.17,67.75,CUST-0689
ORD-00683,2025-11-18,West,Home Office,Technology,Accessories,Headset,3,261.2,0.1,705.24,149.68,CUST-0339
ORD-03211,2025-11-18,East,Corporate,Technology,Computers,Laptop,6,230.42,0.05,1313.39,272.96,CUST-0956
ORD-02117,2025-11-18,Central,Consumer,Furniture,Bookcases,Shelf Unit,2,191.8,0.15,326.06,35.66,CUST-0286
ORD-03753,2025-11-18,Central,Corporate,Office Supplies,Binders,Binder,6,54.54,0.1,294.52,45.46,CUST-0538
ORD-00451,2025-11-18,Central,Home Office,Technology,Accessories,Keyboard,1,260.18,0.1,234.16,33.25,CUST-0262
ORD-03004,2025-11-18,East,Home Office,Furniture,Chairs,Task Chair,6,139.92,0.05,797.54,111.4,CUST-0882
ORD-00649,2025-11-18,East,Consumer,Furniture,Chairs,Task Chair,4,176.23,0.15,599.18,78.0,CUST-0686
ORD-03398,2025-11-18,East,Consumer,Furniture,Chairs,Task Chair,1,253.0,0.1,227.7,31.64,CUST-0993
ORD-03383,2025-11-19,Central,Corporate,Technology,Computers,Monitor,3,235.33,0.15,600.09,110.69,CUST-0348
ORD-00751,2025-11-19,East,Home Office,Technology,Accessories,Headset,4,159.21,0.05,605.0,135.39,CUST-0115
ORD-04937,2025-11-19,East,Home Office,Furniture,Chairs,Conference Chair,3,193.47,0.1,522.37,64.26,CUST-0462
ORD-01223,2025-11-19,West,Corporate,Furniture,Chairs,Office Chair,2,129.21,0.05,245.5,26.1,CUST-0349
ORD-01700,2025-11-19,Central,Home Office,Office Supplies,Paper,Copy Paper,6,65.44,0.2,314.11,40.62,CUST-0687
ORD-03635,2025-11-19,South,Consumer,Office Supplies,Storage,Drawer Unit,6,53.07,0.1,286.58,37.6,CUST-0553
ORD-05431,2025-11-19,East,Consumer,Technology,Phones,Phone B,7,272.97,0.05,1815.25,384.82,CUST-0683
ORD-02731,2025-11-19,East,Home Office,Furniture,Chairs,Conference Chair,3,194.22,0.15,495.26,58.37,CUST-0079
ORD-00200,2025-11-20,South,Consumer,Furniture,Tables,Side Table,3,143.48,0.15,365.87,61.7,CUST-0108
ORD-01377,2025-11-20,Central,Corporate,Technology,Accessories,Headset,7,259.83,0.05,1727.87,379.34,CUST-0596
ORD-02677,2025-11-20,East,Consumer,Office Supplies,Storage,Drawer Unit,5,83.03,0.15,352.88,37.15,CUST-0902
ORD-02363,2025-11-20,East,Home Office,Technology,Phones,Phone B,4,170.73,0.15,580.48,122.54,CUST-0632
ORD-00999,2025-11-20,West,Consumer,Office Supplies,Storage,Organizer,6,67.66,0.05,385.66,55.1,CUST-0918
ORD-02143,2025-11-20,West,Corporate,Furniture,Tables,Meeting Table,3,166.14,0.15,423.66,41.91,CUST-0120
ORD-03664,2025-11-20,South,Corporate,Office Supplies,Storage,Organizer,6,74.23,0.1,400.84,62.58,CUST-0250
ORD-01210,2025-11-21,East,Consumer,Technology,Accessories,Keyboard,6,295.41,0.0,1772.46,410.4,CUST-0594
ORD-05053,2025-11-21,South,Home Office,Office Supplies,Binders,Presentation Binder,2,47.46,0.05,90.17,6.62,CUST-0013
ORD-00503,2025-11-21,East,Corporate,Furniture,Bookcases,Shelf Unit,5,185.13,0.0,925.65,142.32,CUST-1013
ORD-00853,2025-11-21,West,Consumer,Office Supplies,Storage,Drawer Unit,1,39.44,0.0,39.44,6.78,CUST-0215
ORD-01243,2025-11-21,West,Consumer,Office Supplies,Paper,Notebooks,4,64.05,0.15,217.77,49.27,CUST-0176
ORD-01369,2025-11-21,East,Consumer,Furniture,Tables,Desk,4,201.9,0.05,767.22,110.05,CUST-0967
ORD-05975,2025-11-21,West,Consumer,Office Supplies,Paper,Labels,1,37.47,0.05,35.6,1.96,CUST-0207
ORD-00337,2025-11-21,West,Consumer,Furniture,Bookcases,Shelf Unit,1,143.73,0.2,114.98,12.93,CUST-0345
ORD-02513,2025-11-21,West,Corporate,Furniture,Chairs,Conference Chair,4,178.55,0.15,607.07,77.92,CUST-0376
ORD-02670,2025-11-22,South,Corporate,Office Supplies,Binders,Presentation Binder,6,82.29,0.0,493.74,94.37,CUST-0440
ORD-02814,2025-11-22,Central,Home Office,Furniture,Bookcases,Storage Cabinet,6,184.55,0.05,1051.94,147.34,CUST-0247
ORD-03214,2025-11-23,Central,Home Office,Technology,Phones,Phone C,4,162.72,0.15,553.25,109.16,CUST-0406
ORD-04357,2025-11-23,Central,Consumer,Technology,Accessories,Mouse,4,219.69,0.05,834.82,181.92,CUST-0726
ORD-00466,2025-11-24,South,Consumer,Technology,Phones,Phone B,7,250.02,0.1,1575.13,321.2,CUST-1008
ORD-04510,2025-11-24,Central,Corporate,Furniture,Chairs,Task Chair,2,191.02,0.25,286.53,9.71,CUST-0802
ORD-02837,2025-11-24,South,Consumer,Technology,Phones,Phone A,2,269.33,0.0,538.66,120.75,CUST-0236
ORD-02668,2025-11-24,South,Home Office,Furniture,Tables,Meeting Table,7,152.1,0.1,958.23,113.42,CUST-1113
ORD-04761,2025-11-25,West,Consumer,Office Supplies,Binders,Binder,5,36.36,0.1,163.62,37.58,CUST-1074
ORD-03689,2025-11-25,Central,Consumer,Furniture,Chairs,Conference Chair,7,231.88,0.2,1298.53,117.33,CUST-1167
ORD-00609,2025-11-25,East,Home Office,Technology,Accessories,Keyboard,4,149.05,0.0,596.2,141.88,CUST-1140
ORD-04987,2025-11-25,South,Consumer,Office Supplies,Binders,File Folder,7,41.9,0.1,263.97,51.57,CUST-0779
ORD-04364,2025-11-26,South,Home Office,Technology,Phones,Phone A,6,209.91,0.15,1070.54,195.32,CUST-1050
ORD-05814,2025-11-26,South,Consumer,Technology,Computers,Desktop,7,191.24,0.15,1137.88,224.67,CUST-1058
ORD-00064,2025-11-26,South,Corporate,Technology,Computers,Monitor,4,293.52,0.1,1056.67,200.09,CUST-0982
ORD-00797,2025-11-27,Central,Consumer,Technology,Accessories,Mouse,7,136.5,0.0,955.5,218.61,CUST-0642
ORD-03663,2025-11-27,East,Corporate,Furniture,Bookcases,Shelf Unit,2,197.95,0.05,376.1,68.77,CUST-0482
ORD-02599,2025-11-27,Central,Corporate,Technology,Accessories,Headset,3,281.52,0.0,844.56,185.22,CUST-0916
ORD-02806,2025-11-27,Central,Corporate,Office Supplies,Binders,File Folder,6,48.44,0.1,261.58,41.93,CUST-0560
ORD-00861,2025-11-27,West,Consumer,Furniture,Tables,Meeting Table,1,213.81,0.1,192.43,41.18,CUST-0438
ORD-01567,2025-11-27,Central,Consumer,Technology,Computers,Desktop,5,294.23,0.0,1471.15,336.82,CUST-0279
ORD-01226,2025-11-28,South,Corporate,Furniture,Tables,Desk,1,277.04,0.0,277.04,47.38,CUST-0735
ORD-03944,2025-11-28,Central,Corporate,Furniture,Tables,Desk,7,151.85,0.0,1062.95,172.62,CUST-0252
ORD-04360,2025-11-28,Central,Consumer,Furniture,Bookcases,Storage Cabinet,4,161.23,0.2,515.94,45.35,CUST-1055
ORD-00417,2025-11-28,Central,Consumer,Furniture,Tables,Meeting Table,7,142.78,0.05,949.49,143.08,CUST-0207
ORD-00355,2025-11-28,West,Corporate,Technology,Phones,Phone A,2,274.72,0.0,549.44,128.81,CUST-0459
ORD-05924,2025-11-28,West,Consumer,Furniture,Tables,Meeting Table,2,147.02,0.1,264.64,36.57,CUST-1067
ORD-00208,2025-11-28,East,Consumer,Office Supplies,Paper,Notebooks,6,48.57,0.25,218.56,28.7,CUST-0685
ORD-02579,2025-11-28,South,Corporate,Furniture,Tables,Meeting Table,1,192.8,0.15,163.88,29.06,CUST-1069
ORD-03283,2025-11-28,West,Home Office,Office Supplies,Paper,Notebooks,1,48.68,0.05,46.25,1.19,CUST-0874
ORD-03949,2025-11-29,Central,Consumer,Furniture,Chairs,Task Chair,5,209.98,0.2,839.92,80.73,CUST-0486
ORD-03908,2025-11-29,South,Corporate,Technology,Computers,Laptop,2,226.93,0.1,408.47,87.59,CUST-0428
ORD-03912,2025-11-29,Central,Consumer,Furniture,Tables,Side Table,1,175.74,0.0,175.74,11.23,CUST-0468
ORD-01233,2025-11-29,Central,Consumer,Technology,Computers,Monitor,7,169.05,0.05,1124.18,241.03,CUST-0052
ORD-02611,2025-11-29,East,Consumer,Technology,Computers,Monitor,4,166.37,0.0,665.48,139.66,CUST-0279
ORD-00046,2025-11-29,South,Consumer,Office Supplies,Paper,Notebooks,7,42.88,0.0,300.16,55.72,CUST-0542
ORD-02589,2025-11-29,West,Consumer,Furniture,Chairs,Task Chair,4,247.04,0.1,889.34,115.65,CUST-0015
ORD-05094,2025-11-29,South,Corporate,Technology,Phones,Phone A,5,220.64,0.05,1048.04,234.09,CUST-0237
ORD-00959,2025-11-30,East,Consumer,Technology,Accessories,Mouse,7,208.64,0.25,1095.36,164.32,CUST-0386
ORD-04793,2025-11-30,East,Consumer,Office Supplies,Binders,File Folder,2,41.75,0.0,83.5,24.48,CUST-1025
ORD-04136,2025-11-30,Central,Home Office,Office Supplies,Paper,Labels,6,46.3,0.1,250.02,38.75,CUST-0310
ORD-01955,2025-11-30,East,Home Office,Furniture,Bookcases,Storage Cabinet,5,176.65,0.2,706.6,82.02,CUST-0809
ORD-02542,2025-11-30,West,Consumer,Technology,Phones,Phone C,5,205.58,0.05,976.5,218.13,CUST-0777
ORD-04325,2025-11-30,Central,Corporate,Office Supplies,Storage,Organizer,3,57.51,0.0,172.53,21.95,CUST-0739
ORD-03511,2025-11-30,South,Consumer,Furniture,Chairs,Conference Chair,5,192.44,0.1,865.98,110.33,CUST-0489
ORD-03516,2025-12-01,West,Corporate,Office Supplies,Storage,Organizer,1,48.33,0.1,43.5,10.47,CUST-0301
ORD-05422,2025-12-01,South,Corporate,Furniture,Bookcases,Bookcase,5,198.58,0.25,744.68,79.81,CUST-1131
ORD-04582,2025-12-01,South,Consumer,Furniture,Tables,Meeting Table,4,216.19,0.2,691.81,78.37,CUST-0428
ORD-00404,2025-12-01,South,Consumer,Office Supplies,Paper,Notebooks,6,43.04,0.0,258.24,44.09,CUST-0215
ORD-02840,2025-12-01,East,Consumer,Office Supplies,Paper,Notebooks,4,45.43,0.0,181.72,23.94,CUST-0904
ORD-02963,2025-12-02,West,Corporate,Furniture,Tables,Desk,5,233.24,0.2,932.96,106.75,CUST-0084
ORD-00441,2025-12-02,East,Corporate,Technology,Accessories,Mouse,4,109.47,0.0,437.88,104.6,CUST-0016
ORD-00947,2025-12-02,East,Corporate,Technology,Accessories,Mouse,3,264.08,0.15,673.4,107.17,CUST-1041
ORD-04137,2025-12-03,East,Consumer,Office Supplies,Binders,Presentation Binder,1,57.51,0.15,48.88,17.3,CUST-1053
ORD-05649,2025-12-03,West,Home Office,Furniture,Tables,Side Table,4,145.19,0.05,551.72,70.7,CUST-1192
ORD-02750,2025-12-03,South,Corporate,Furniture,Chairs,Office Chair,4,178.76,0.1,643.54,75.92,CUST-0952
ORD-03355,2025-12-04,East,Consumer,Technology,Computers,Monitor,6,180.07,0.1,972.38,205.74,CUST-0414
ORD-04824,2025-12-04,East,Home Office,Office Supplies,Binders,Binder,6,68.35,0.25,307.58,32.55,CUST-1050
ORD-00325,2025-12-04,Central,Consumer,Office Supplies,Storage,Organizer,4,57.32,0.05,217.82,37.33,CUST-0831
ORD-05794,2025-12-04,Central,Home Office,Office Supplies,Storage,Organizer,4,41.3,0.1,148.68,23.52,CUST-1023
ORD-00012,2025-12-05,South,Corporate,Technology,Phones,Phone A,1,140.32,0.05,133.3,28.6,CUST-0778
ORD-01797,2025-12-05,East,Consumer,Furniture,Bookcases,Shelf Unit,3,192.85,0.05,549.62,83.0,CUST-0983
ORD-03789,2025-12-05,Central,Corporate,Office Supplies,Binders,Binder,4,73.48,0.05,279.22,55.39,CUST-0319
ORD-02388,2025-12-05,East,Corporate,Office Supplies,Paper,Labels,3,56.98,0.15,145.3,17.91,CUST-0513
ORD-03685,2025-12-05,East,Consumer,Office Supplies,Paper,Copy Paper,2,37.68,0.2,60.29,12.59,CUST-0614
ORD-02824,2025-12-05,East,Corporate,Office Supplies,Storage,Organizer,4,59.39,0.0,237.56,50.39,CUST-0304
ORD-02132,2025-12-05,East,Consumer,Technology,Accessories,Mouse,7,208.07,0.1,1310.84,264.1,CUST-1026
ORD-02872,2025-12-05,West,Corporate,Office Supplies,Paper,Labels,4,51.45,0.1,185.22,30.56,CUST-0348
ORD-04921,2025-12-06,Central,Corporate,Technology,Phones,Phone C,4,230.71,0.0,922.84,208.83,CUST-1167
ORD-02270,2025-12-06,West,Consumer,Office Supplies,Paper,Labels,7,50.9,0.0,356.3,71.26,CUST-0212
ORD-01475,2025-12-06,West,Consumer,Furniture,Tables,Side Table,1,174.32,0.05,165.6,31.64,CUST-0265
ORD-01649,2025-12-06,West,Consumer,Office Supplies,Storage,Organizer,6,15.78,0.15,80.48,11.18,CUST-0674
ORD-04154,2025-12-06,Central,Corporate,Furniture,Bookcases,Bookcase,1,172.39,0.15,146.53,27.79,CUST-0629
ORD-04835,2025-12-06,Central,Corporate,Office Supplies,Storage,Storage Box,1,63.83,0.15,54.26,14.76,CUST-0717
ORD-01250,2025-12-07,South,Home Office,Office Supplies,Storage,Storage Box,2,55.58,0.2,88.93,15.51,CUST-0091
ORD-02880,2025-12-07,West,Corporate,Furniture,Tables,Meeting Table,4,189.64,0.0,758.56,124.95,CUST-1189
ORD-04114,2025-12-07,West,Consumer,Furniture,Tables,Side Table,7,155.18,0.25,814.7,73.12,CUST-0446
ORD-02170,2025-12-08,West,Corporate,Technology,Accessories,Mouse,7,286.19,0.15,1702.83,316.32,CUST-0068
ORD-04317,2025-12-08,South,Consumer,Furniture,Tables,Desk,7,214.92,0.25,1128.33,98.47,CUST-0213
ORD-02627,2025-12-08,Central,Consumer,Furniture,Tables,Side Table,5,215.32,0.0,1076.6,170.03,CUST-0231
ORD-02536,2025-12-08,Central,Consumer,Office Supplies,Paper,Labels,1,52.4,0.15,44.54,6.94,CUST-0652
ORD-01746,2025-12-09,East,Consumer,Furniture,Tables,Side Table,3,123.14,0.0,369.42,58.47,CUST-1122
ORD-00594,2025-12-09,East,Corporate,Furniture,Tables,Meeting Table,5,201.29,0.25,754.84,66.18,CUST-0981
ORD-03199,2025-12-09,West,Consumer,Office Supplies,Binders,Presentation Binder,2,54.36,0.0,108.72,25.07,CUST-0114
ORD-05998,2025-12-09,West,Consumer,Office Supplies,Paper,Copy Paper,7,64.19,0.1,404.4,73.38,CUST-0198
ORD-04077,2025-12-09,East,Consumer,Furniture,Tables,Side Table,1,111.15,0.0,111.15,19.24,CUST-0590
ORD-01381,2025-12-10,West,Corporate,Office Supplies,Binders,Binder,6,67.12,0.1,362.45,60.4,CUST-0279
ORD-00914,2025-12-10,West,Consumer,Furniture,Bookcases,Storage Cabinet,3,182.45,0.1,492.61,62.6,CUST-0414
ORD-00894,2025-12-10,West,Home Office,Office Supplies,Paper,Labels,4,65.24,0.2,208.77,28.82,CUST-0524
ORD-05721,2025-12-10,South,Home Office,Technology,Accessories,Headset,5,264.62,0.0,1323.1,313.37,CUST-1134
ORD-04253,2025-12-10,South,Consumer,Furniture,Tables,Desk,2,119.94,0.15,203.9,40.58,CUST-0906
ORD-03426,2025-12-10,East,Consumer,Technology,Phones,Phone B,5,297.42,0.1,1338.39,272.88,CUST-1183
ORD-02230,2025-12-10,East,Corporate,Office Supplies,Storage,Storage Box,2,53.13,0.2,85.01,14.09,CUST-0958
ORD-05650,2025-12-10,Central,Corporate,Technology,Computers,Monitor,5,162.48,0.2,649.92,123.47,CUST-0395
ORD-00851,2025-12-10,West,Consumer,Furniture,Bookcases,Storage Cabinet,6,247.5,0.15,1262.25,141.26,CUST-0941
ORD-05784,2025-12-11,East,Corporate,Furniture,Chairs,Office Chair,7,89.81,0.2,502.94,48.19,CUST-0531
ORD-02974,2025-12-11,South,Consumer,Office Supplies,Paper,Labels,3,60.05,0.0,180.15,35.85,CUST-0531
ORD-04090,2025-12-11,West,Corporate,Furniture,Bookcases,Shelf Unit,3,140.33,0.25,315.74,31.16,CUST-0207
ORD-01830,2025-12-12,South,Consumer,Furniture,Chairs,Office Chair,4,236.28,0.05,897.86,131.48,CUST-0436
ORD-02690,2025-12-12,South,Corporate,Technology,Phones,Phone B,1,208.98,0.15,177.63,23.81,CUST-0941
ORD-02555,2025-12-12,Central,Corporate,Technology,Accessories,Headset,4,152.9,0.0,611.6,144.31,CUST-0183
ORD-01198,2025-12-12,South,Corporate,Technology,Accessories,Mouse,3,221.86,0.0,665.58,147.63,CUST-0322
ORD-03270,2025-12-13,East,Consumer,Office Supplies,Binders,Presentation Binder,6,48.45,0.1,261.63,54.22,CUST-0132
ORD-04089,2025-12-13,East,Home Office,Technology,Accessories,Headset,1,268.55,0.0,268.55,63.57,CUST-1138
ORD-01676,2025-12-13,East,Corporate,Office Supplies,Storage,Organizer,5,70.99,0.15,301.71,46.71,CUST-0145
ORD-01707,2025-12-13,East,Home Office,Technology,Accessories,Mouse,4,181.26,0.1,652.54,116.93,CUST-1110
ORD-00141,2025-12-13,West,Consumer,Furniture,Tables,Meeting Table,1,231.88,0.1,208.69,28.57,CUST-0613
ORD-00555,2025-12-14,West,Consumer,Office Supplies,Storage,Drawer Unit,3,57.15,0.15,145.73,26.77,CUST-0627
ORD-03404,2025-12-14,West,Consumer,Technology,Accessories,Keyboard,6,230.95,0.15,1177.84,224.73,CUST-0638
ORD-01393,2025-12-14,West,Corporate,Furniture,Chairs,Task Chair,2,178.7,0.2,285.92,33.04,CUST-0206
ORD-03748,2025-12-15,West,Consumer,Furniture,Bookcases,Storage Cabinet,4,196.39,0.05,746.28,111.74,CUST-0255
ORD-03593,2025-12-15,West,Corporate,Furniture,Tables,Meeting Table,4,208.72,0.05,793.14,117.87,CUST-0667
ORD-03361,2025-12-15,West,Consumer,Furniture,Bookcases,Storage Cabinet,7,206.68,0.05,1374.42,208.3,CUST-0594
ORD-01570,2025-12-15,Central,Home Office,Technology,Computers,Monitor,2,141.7,0.2,226.72,34.42,CUST-0082
ORD-04123,2025-12-15,South,Consumer,Office Supplies,Paper,Labels,7,58.23,0.15,346.47,38.8,CUST-0861
ORD-01828,2025-12-15,West,Consumer,Technology,Computers,Monitor,6,144.28,0.1,779.11,163.78,CUST-0946
ORD-01203,2025-12-15,East,Consumer,Technology,Computers,Desktop,3,244.18,0.0,732.54,175.86,CUST-0538
ORD-03779,2025-12-15,West,Consumer,Technology,Phones,Phone A,4,290.62,0.1,1046.23,212.95,CUST-0272
ORD-01228,2025-12-15,East,Consumer,Office Supplies,Paper,Copy Paper,2,64.35,0.2,102.96,7.28,CUST-1012
ORD-01457,2025-12-15,East,Consumer,Office Supplies,Storage,Organizer,1,47.86,0.0,47.86,16.34,CUST-0923
ORD-03785,2025-12-15,Central,Corporate,Technology,Accessories,Keyboard,1,235.39,0.1,211.85,43.3,CUST-0178
ORD-02035,2025-12-16,Central,Home Office,Furniture,Tables,Desk,1,248.03,0.1,223.23,26.44,CUST-0254
ORD-04963,2025-12-16,Central,Home Office,Office Supplies,Paper,Notebooks,5,45.3,0.0,226.5,29.71,CUST-1032
ORD-03219,2025-12-16,East,Home Office,Furniture,Tables,Desk,5,168.2,0.2,672.8,79.27,CUST-0588
ORD-03746,2025-12-16,East,Consumer,Office Supplies,Storage,Storage Box,7,66.0,0.1,415.8,71.77,CUST-1117
ORD-01246,2025-12-16,East,Corporate,Technology,Phones,Phone A,5,155.48,0.1,699.66,144.47,CUST-0376
ORD-04652,2025-12-16,East,Consumer,Technology,Accessories,Mouse,4,191.67,0.0,766.68,167.89,CUST-0877
ORD-03412,2025-12-17,Central,Corporate,Furniture,Bookcases,Storage Cabinet,6,132.85,0.1,717.39,84.21,CUST-0510
ORD-05790,2025-12-17,South,Corporate,Furniture,Tables,Side Table,3,289.09,0.25,650.45,61.29,CUST-1010
ORD-04774,2025-12-17,South,Consumer,Furniture,Bookcases,Storage Cabinet,4,183.71,0.0,734.84,119.1,CUST-0290
ORD-04524,2025-12-17,East,Consumer,Furniture,Bookcases,Shelf Unit,6,217.84,0.15,1110.98,131.18,CUST-1111
ORD-05882,2025-12-17,South,Corporate,Technology,Accessories,Keyboard,1,242.06,0.0,242.06,65.45,CUST-0452
ORD-00772,2025-12-17,South,Corporate,Technology,Phones,Phone A,1,221.23,0.05,210.17,50.35,CUST-1112
ORD-03371,2025-12-17,South,Home Office,Office Supplies,Binders,Presentation Binder,4,47.71,0.15,162.21,28.32,CUST-0924
ORD-05388,2025-12-17,Central,Consumer,Technology,Phones,Phone C,1,180.83,0.1,162.75,36.93,CUST-1191
ORD-04135,2025-12-17,West,Consumer,Technology,Phones,Phone A,3,247.61,0.15,631.41,102.37,CUST-0860
ORD-03978,2025-12-18,East,Consumer,Office Supplies,Binders,File Folder,1,48.73,0.1,43.86,10.85,CUST-0865
ORD-02039,2025-12-18,South,Corporate,Technology,Accessories,Keyboard,6,171.53,0.05,977.72,215.4,CUST-1128
ORD-01747,2025-12-18,West,Consumer,Technology,Phones,Phone B,6,143.33,0.25,644.98,90.06,CUST-0806
ORD-02379,2025-12-18,East,Corporate,Office Supplies,Storage,Storage Box,4,65.19,0.0,260.76,58.11,CUST-0171
ORD-04102,2025-12-18,East,Consumer,Furniture,Tables,Desk,2,148.15,0.2,237.04,24.91,CUST-1034
ORD-04601,2025-12-19,South,Corporate,Furniture,Tables,Meeting Table,3,147.27,0.1,397.63,42.63,CUST-0922
ORD-01962,2025-12-19,East,Consumer,Office Supplies,Binders,File Folder,2,58.34,0.15,99.18,14.41,CUST-1164
ORD-05588,2025-12-19,West,Consumer,Furniture,Chairs,Conference Chair,5,148.43,0.1,667.94,89.29,CUST-0787
ORD-02653,2025-12-19,Central,Corporate,Technology,Phones,Phone C,2,116.86,0.05,222.03,45.61,CUST-0480
ORD-00265,2025-12-20,West,Consumer,Technology,Accessories,Keyboard,5,261.64,0.25,981.15,157.01,CUST-0126
ORD-01082,2025-12-20,East,Consumer,Office Supplies,Storage,Storage Box,6,43.51,0.0,261.06,51.67,CUST-1137
ORD-04718,2025-12-20,South,Consumer,Office Supplies,Binders,Presentation Binder,6,58.68,0.2,281.66,37.13,CUST-1193
ORD-03149,2025-12-20,South,Consumer,Office Supplies,Storage,Drawer Unit,1,60.08,0.0,60.08,-4.56,CUST-1184
ORD-02803,2025-12-20,Central,Corporate,Furniture,Bookcases,Bookcase,7,161.18,0.2,902.61,89.79,CUST-0537
ORD-05481,2025-12-20,East,Corporate,Furniture,Bookcases,Bookcase,5,161.2,0.25,604.5,57.89,CUST-0534
ORD-03534,2025-12-20,East,Consumer,Office Supplies,Storage,Organizer,1,66.67,0.15,56.67,5.12,CUST-0349
ORD-04693,2025-12-21,West,Consumer,Office Supplies,Binders,File Folder,1,53.03,0.0,53.03,6.6,CUST-0128
ORD-01088,2025-12-21,Central,Corporate,Technology,Phones,Phone B,5,308.94,0.2,1235.76,209.16,CUST-0479
ORD-02376,2025-12-21,Central,Consumer,Office Supplies,Binders,File Folder,2,54.41,0.2,87.06,12.76,CUST-0833
ORD-05499,2025-12-21,Central,Consumer,Technology,Phones,Phone A,4,245.3,0.05,932.14,197.52,CUST-0378
ORD-03726,2025-12-21,West,Consumer,Office Supplies,Storage,Drawer Unit,3,66.0,0.05,188.1,32.09,CUST-1101
ORD-04521,2025-12-21,East,Corporate,Technology,Accessories,Mouse,4,240.08,0.2,768.26,142.82,CUST-0232
ORD-02755,2025-12-21,East,Corporate,Furniture,Chairs,Office Chair,4,222.91,0.1,802.48,102.93,CUST-1060
ORD-04266,2025-12-21,East,Consumer,Office Supplies,Storage,Organizer,4,56.79,0.15,193.09,12.42,CUST-0043
ORD-05887,2025-12-21,East,Corporate,Furniture,Bookcases,Bookcase,7,162.74,0.0,1139.18,174.89,CUST-0616
ORD-05436,2025-12-21,South,Corporate,Furniture,Bookcases,Bookcase,3,168.12,0.15,428.71,42.42,CUST-0948
ORD-01620,2025-12-22,West,Corporate,Office Supplies,Binders,Binder,4,65.06,0.1,234.22,44.69,CUST-0570
ORD-05540,2025-12-22,East,Corporate,Technology,Computers,Desktop,3,208.14,0.1,561.98,117.18,CUST-0775
ORD-04792,2025-12-22,West,Home Office,Furniture,Tables,Meeting Table,6,199.92,0.0,1199.52,189.56,CUST-0665
ORD-04993,2025-12-22,East,Corporate,Office Supplies,Binders,Binder,4,64.59,0.1,232.52,39.87,CUST-1015
ORD-00347,2025-12-22,South,Consumer,Furniture,Bookcases,Shelf Unit,1,202.06,0.0,202.06,28.31,CUST-0996
ORD-02046,2025-12-23,South,Corporate,Office Supplies,Storage,Organizer,1,54.07,0.0,54.07,2.07,CUST-0477
ORD-02617,2025-12-23,West,Consumer,Office Supplies,Storage,Storage Box,7,60.73,0.0,425.11,90.95,CUST-0536
ORD-00356,2025-12-23,West,Consumer,Furniture,Bookcases,Shelf Unit,2,179.1,0.0,358.2,49.95,CUST-0061
ORD-05113,2025-12-23,South,Consumer,Furniture,Bookcases,Bookcase,5,193.59,0.0,967.95,158.89,CUST-0263
ORD-02260,2025-12-23,East,Consumer,Office Supplies,Storage,Organizer,5,59.93,0.05,284.67,50.74,CUST-0959
ORD-05939,2025-12-23,West,Corporate,Furniture,Tables,Meeting Table,2,204.36,0.15,347.41,41.69,CUST-0202
ORD-00145,2025-12-23,South,Consumer,Furniture,Chairs,Task Chair,7,219.18,0.05,1457.55,213.81,CUST-0293
ORD-05285,2025-12-23,East,Consumer,Furniture,Bookcases,Bookcase,2,171.77,0.15,292.01,24.47,CUST-0888
ORD-01998,2025-12-24,West,Corporate,Office Supplies,Binders,Binder,2,76.13,0.05,144.65,34.61,CUST-0379
ORD-03279,2025-12-24,Central,Consumer,Technology,Phones,Phone C,2,229.61,0.1,413.3,87.0,CUST-0604
ORD-01626,2025-12-24,Central,Corporate,Office Supplies,Storage,Organizer,4,46.55,0.2,148.96,20.0,CUST-0021
ORD-05302,2025-12-24,West,Corporate,Office Supplies,Paper,Notebooks,4,48.73,0.25,146.19,11.74,CUST-0999
ORD-03724,2025-12-24,East,Home Office,Office Supplies,Storage,Organizer,4,32.16,0.0,128.64,30.04,CUST-0919
ORD-04216,2025-12-24,East,Consumer,Office Supplies,Paper,Copy Paper,3,62.56,0.0,187.68,45.47,CUST-1198
ORD-02768,2025-12-24,Central,Corporate,Furniture,Bookcases,Bookcase,6,149.17,0.0,895.02,157.32,CUST-0924
ORD-05261,2025-12-24,West,Consumer,Office Supplies,Paper,Labels,1,47.84,0.2,38.27,0.3,CUST-0745
ORD-04296,2025-12-25,South,Consumer,Technology,Computers,Laptop,1,191.49,0.0,191.49,48.43,CUST-0315
ORD-03238,2025-12-25,Central,Consumer,Furniture,Chairs,Task Chair,7,266.04,0.0,1862.28,298.0,CUST-0215
ORD-01422,2025-12-26,East,Consumer,Office Supplies,Storage,Organizer,7,78.29,0.2,438.42,49.42,CUST-0766
ORD-04622,2025-12-26,Central,Corporate,Office Supplies,Paper,Notebooks,6,50.98,0.05,290.59,52.79,CUST-0850
ORD-05039,2025-12-26,East,Home Office,Technology,Computers,Monitor,7,210.54,0.05,1400.09,301.62,CUST-0463
ORD-00511,2025-12-26,South,Corporate,Technology,Phones,Phone B,4,235.06,0.0,940.24,204.91,CUST-0153
ORD-03175,2025-12-26,West,Home Office,Furniture,Bookcases,Storage Cabinet,2,167.44,0.25,251.16,11.82,CUST-0700
ORD-03158,2025-12-26,East,Corporate,Office Supplies,Paper,Labels,4,55.2,0.15,187.68,45.76,CUST-0242
ORD-01559,2025-12-26,East,Corporate,Technology,Phones,Phone A,7,336.18,0.1,2117.93,437.0,CUST-1109
ORD-02956,2025-12-26,Central,Corporate,Technology,Accessories,Keyboard,1,258.16,0.0,258.16,55.71,CUST-0427
ORD-01056,2025-12-27,South,Consumer,Office Supplies,Storage,Drawer Unit,7,68.29,0.05,454.13,84.51,CUST-0045
ORD-05140,2025-12-27,West,Corporate,Furniture,Chairs,Office Chair,5,195.43,0.0,977.15,143.79,CUST-0548
ORD-03621,2025-12-27,South,Corporate,Technology,Phones,Phone C,7,240.02,0.0,1680.14,392.33,CUST-0451
ORD-01117,2025-12-27,Central,Home Office,Technology,Computers,Laptop,7,221.72,0.0,1552.04,369.6,CUST-0584
ORD-00161,2025-12-27,South,Consumer,Technology,Computers,Monitor,2,224.68,0.05,426.89,100.11,CUST-0769
ORD-05808,2025-12-28,South,Consumer,Office Supplies,Storage,Storage Box,3,61.16,0.05,174.31,33.34,CUST-0927
ORD-02173,2025-12-28,South,Corporate,Furniture,Bookcases,Bookcase,6,126.09,0.1,680.89,91.32,CUST-0800
ORD-00810,2025-12-28,South,Corporate,Technology,Phones,Phone A,2,161.69,0.2,258.7,39.7,CUST-0409
ORD-02520,2025-12-28,Central,Corporate,Office Supplies,Paper,Notebooks,2,53.25,0.2,85.2,0.1,CUST-0793
ORD-00691,2025-12-28,East,Consumer,Technology,Computers,Monitor,1,209.22,0.05,198.76,55.18,CUST-0408
ORD-00401,2025-12-29,East,Corporate,Technology,Computers,Monitor,1,241.36,0.15,205.16,47.45,CUST-0444
ORD-04503,2025-12-29,East,Corporate,Furniture,Bookcases,Storage Cabinet,2,117.88,0.1,212.18,27.26,CUST-0245
ORD-04882,2025-12-29,East,Consumer,Technology,Phones,Phone A,2,297.57,0.05,565.38,136.83,CUST-0134
ORD-01346,2025-12-29,South,Home Office,Technology,Phones,Phone C,4,269.96,0.05,1025.85,220.53,CUST-0659
ORD-03712,2025-12-30,South,Consumer,Furniture,Tables,Desk,3,150.28,0.25,338.13,22.79,CUST-0416
ORD-05602,2025-12-30,East,Home Office,Office Supplies,Storage,Organizer,4,59.09,0.05,224.54,37.41,CUST-0738
ORD-01169,2025-12-30,West,Home Office,Technology,Phones,Phone A,7,162.67,0.1,1024.82,214.0,CUST-0036
ORD-03122,2025-12-30,West,Corporate,Technology,Computers,Monitor,4,177.92,0.1,640.51,129.55,CUST-0440
ORD-02218,2025-12-30,East,Consumer,Office Supplies,Storage,Drawer Unit,4,45.59,0.05,173.24,14.9,CUST-0920
ORD-01336,2025-12-30,East,Home Office,Technology,Computers,Monitor,7,154.8,0.0,1083.6,253.19,CUST-0211
ORD-03649,2025-12-30,South,Consumer,Technology,Computers,Monitor,2,302.22,0.2,483.55,87.96,CUST-0050
ORD-04422,2025-12-31,East,Corporate,Office Supplies,Binders,Presentation Binder,1,50.34,0.1,45.31,8.63,CUST-0845
ORD-03207,2025-12-31,West,Consumer,Office Supplies,Binders,Presentation Binder,4,63.7,0.1,229.32,38.89,CUST-0079
ORD-02262,2025-12-31,Central,Home Office,Technology,Computers,Laptop,4,218.2,0.0,872.8,200.9,CUST-0567
ORD-05842,2025-12-31,East,Consumer,Technology,Phones,Phone B,1,164.68,0.1,148.21,19.88,CUST-0131
ORD-00820,2025-12-31,South,Home Office,Office Supplies,Binders,Presentation Binder,7,65.31,0.05,434.31,72.72,CUST-0985
